{"train": {"loss_history": [0.4282262921333313, 0.4215105473995209, 0.41984421014785767, 0.4186153709888458, 0.4179917275905609, 0.4174099266529083, 0.4171268939971924, 0.4167884290218353]}, "num_train": 108101, "dev": {"loss_history": [0.6939010620117188, 0.45802149176597595, 0.45411059260368347, 0.4538550078868866, 0.4530162811279297, 0.4525836706161499, 0.4505622982978821, 0.45023977756500244], "auc_history": [0.44531921637764404, 0.837616572617685, 0.8397303597717077, 0.8405893102943806, 0.8412791091568458, 0.8415897946936456, 0.8420826852807816, 0.8421899084037513]}, "test": {"loss_history": [0.44571205973625183], "auc_history": [0.8421122157810678]}}