{"train": {"loss_history": [0.429219126701355, 0.4190356135368347, 0.417199969291687, 0.41637906432151794, 0.4157279431819916]}, "num_train": 106548, "dev": {"loss_history": [0.6476150155067444, 0.45752573013305664, 0.45605090260505676, 0.45854517817497253, 0.4549683928489685], "auc_history": [0.31139735175610617, 0.8383189244311319, 0.8397471777556749, 0.8399268450952418, 0.8410169888177486]}, "test": {"loss_history": [0.4517083168029785], "auc_history": [0.8409814859389684]}}