{"train": {"loss_history": [0.43304288387298584, 0.42248353362083435, 0.4202266335487366, 0.4192768335342407, 0.41863441467285156, 0.41818931698799133, 0.4178416430950165, 0.4175639748573303, 0.41734400391578674, 0.41721311211586]}, "num_train": 107655, "dev": {"loss_history": [0.6454033255577087, 0.45816823840141296, 0.4548330307006836, 0.4537685811519623, 0.453034907579422, 0.4521426856517792, 0.45170724391937256, 0.45149123668670654, 0.45136868953704834, 0.4511362612247467], "auc_history": [0.7288656057046808, 0.8373801554788878, 0.8397553655858421, 0.8403678901867848, 0.8407643542219603, 0.8409425234727269, 0.8409402989400041, 0.8411330325842579, 0.8410995063900719, 0.8413124416326523]}, "test": {"loss_history": [0.4474041759967804], "auc_history": [0.8409844467406742]}}