{"train": {"loss_history": [0.433510422706604, 0.42673391103744507, 0.4249509871006012, 0.4235233962535858, 0.42278164625167847, 0.4224270284175873]}, "num_train": 110168, "dev": {"loss_history": [0.6527001261711121, 0.4585729241371155, 0.4595266580581665, 0.4555439352989197, 0.4542423486709595, 0.4522315263748169], "auc_history": [0.4203602788625146, 0.8372714794680731, 0.8386318022142578, 0.8406277407922039, 0.8412843750681243, 0.8417033524076198]}, "test": {"loss_history": [0.4486536681652069], "auc_history": [0.8411707994024306]}}