{"train": {"loss_history": [0.4289049506187439, 0.42182546854019165, 0.42074820399284363, 0.4200274348258972, 0.4195496737957001, 0.41892683506011963, 0.4185331463813782, 0.4183028042316437]}, "num_train": 108023, "dev": {"loss_history": [0.6539071202278137, 0.46017986536026, 0.4584873914718628, 0.45609718561172485, 0.4552505612373352, 0.45426782965660095, 0.45386675000190735, 0.452489972114563], "auc_history": [0.576654307821501, 0.8373146883525868, 0.8390566653638459, 0.8397872096587675, 0.8397527633022794, 0.8399965707972488, 0.8402856728779494, 0.8410459335722631]}, "test": {"loss_history": [0.4494166374206543], "auc_history": [0.8408528573834381]}}