{"train": {"loss_history": [0.4432109594345093, 0.4357967674732208, 0.43401750922203064, 0.4331057667732239, 0.43235912919044495, 0.43184614181518555, 0.4315040111541748]}, "num_train": 114579, "dev": {"loss_history": [0.7378022074699402, 0.45689016580581665, 0.45363399386405945, 0.4530545473098755, 0.45115959644317627, 0.4510423243045807, 0.4501411020755768], "auc_history": [0.3863530754833222, 0.8384621113712275, 0.8401538862644785, 0.8404802145604107, 0.8414167525226524, 0.8414081255974921, 0.8417570866574117]}, "test": {"loss_history": [0.4464036524295807], "auc_history": [0.8412347184675095]}}