{"train": {"loss_history": [0.43685322999954224, 0.4283210337162018, 0.42663273215293884, 0.4256536364555359]}, "num_train": 111080, "dev": {"loss_history": [0.7126884460449219, 0.4581354558467865, 0.4552296996116638, 0.451860636472702], "auc_history": [0.5527703297365771, 0.837660294855904, 0.8393202999349417, 0.8403186017737992]}, "test": {"loss_history": [0.4483245313167572], "auc_history": [0.8412996156839865]}}