{"train": {"loss_history": [0.43158236145973206, 0.4244423806667328, 0.42291978001594543, 0.4219157099723816, 0.42119407653808594, 0.4206610321998596, 0.42039796710014343]}, "num_train": 109377, "dev": {"loss_history": [0.7948570847511292, 0.4548482298851013, 0.4521041214466095, 0.45196276903152466, 0.4510428011417389, 0.4509126543998718, 0.4497584104537964], "auc_history": [0.5674512448291399, 0.8379753648853564, 0.8397589429185808, 0.8404308389741544, 0.8407819567653638, 0.8414431886241542, 0.8415367675159384]}, "test": {"loss_history": [0.44628027081489563], "auc_history": [0.8409269926964498]}}