{"train": {"loss_history": [0.4246099889278412, 0.4174688756465912, 0.41583260893821716, 0.41516369581222534, 0.4145660698413849, 0.41417837142944336, 0.4138428270816803, 0.4135516881942749]}, "num_train": 106268, "dev": {"loss_history": [0.7517178654670715, 0.46117082238197327, 0.46032223105430603, 0.45766496658325195, 0.4562565088272095, 0.45446884632110596, 0.45424625277519226, 0.45332732796669006], "auc_history": [0.4525941422248313, 0.8371617702925686, 0.8390128785528339, 0.8397591721519962, 0.8401951967088744, 0.8401670655715534, 0.840320600301746, 0.8404191416126813]}, "test": {"loss_history": [0.4477057456970215], "auc_history": [0.8413720384086922]}}