{"train": {"loss_history": [0.4240633547306061, 0.4170554578304291, 0.4153907895088196, 0.41440457105636597, 0.41405025124549866, 0.4135821759700775]}, "num_train": 106171, "dev": {"loss_history": [0.766293466091156, 0.4611595571041107, 0.4575507342815399, 0.4556742310523987, 0.4540516138076782, 0.45290082693099976], "auc_history": [0.33421430963573817, 0.8375871629390602, 0.8389536943593029, 0.839718697925271, 0.8403675576369004, 0.8404977137873453]}, "test": {"loss_history": [0.44850730895996094], "auc_history": [0.8411177322190205]}}