{"train": {"loss_history": [0.4249335527420044, 0.418506383895874, 0.4167414903640747, 0.4156767427921295, 0.41503167152404785, 0.4146570861339569]}, "num_train": 106700, "dev": {"loss_history": [0.6956145763397217, 0.4580864906311035, 0.45680421590805054, 0.45452001690864563, 0.45381033420562744, 0.4533732533454895], "auc_history": [0.5908869166119348, 0.8375282402653416, 0.8392015279679231, 0.8407323422597729, 0.8411981381029174, 0.8413470042201677]}, "test": {"loss_history": [0.44937756657600403], "auc_history": [0.8419318209505525]}}