{"train": {"loss_history": [0.4283583462238312, 0.42133858799934387, 0.4192892611026764, 0.41858091950416565]}, "num_train": 107809, "dev": {"loss_history": [0.749518632888794, 0.4541833996772766, 0.45348456501960754, 0.4515857994556427], "auc_history": [0.6548678387351833, 0.8376563785160016, 0.8392124504558788, 0.8401907153570324]}, "test": {"loss_history": [0.4454724192619324], "auc_history": [0.8411160789126176]}}