{"train": {"loss_history": [0.4641135632991791, 0.456791490316391, 0.4548940658569336, 0.45405352115631104, 0.45357751846313477, 0.45316049456596375, 0.4526791274547577, 0.45254412293434143, 0.45225489139556885, 0.4518963098526001]}, "num_train": 124086, "dev": {"loss_history": [0.7429015040397644, 0.45526328682899475, 0.4535300135612488, 0.4530605673789978, 0.4525988698005676, 0.4517829120159149, 0.451299250125885, 0.45068201422691345, 0.45052939653396606, 0.4505235254764557], "auc_history": [0.669982276188891, 0.8371247894539507, 0.8391704716830739, 0.8400537596914723, 0.840393835535059, 0.8406397125880476, 0.8409875500813668, 0.8412490053206949, 0.841471145414934, 0.8416680310897853]}, "test": {"loss_history": [0.44662177562713623], "auc_history": [0.8414791805678612]}}