{"train": {"loss_history": [0.44656822085380554, 0.43978723883628845, 0.4383450746536255, 0.43764978647232056, 0.43707966804504395, 0.43668457865715027, 0.43649226427078247]}, "num_train": 116559, "dev": {"loss_history": [0.7316961288452148, 0.4550703763961792, 0.4529167711734772, 0.45123928785324097, 0.4506600499153137, 0.4503731429576874, 0.45007896423339844], "auc_history": [0.427351413741235, 0.8388576261863443, 0.8394643489218254, 0.8406170895099792, 0.8410072221827898, 0.8413135748851716, 0.8415052559928976]}, "test": {"loss_history": [0.44909554719924927], "auc_history": [0.8405384228770341]}}