{"train": {"loss_history": [0.4321839213371277, 0.42509835958480835, 0.42378488183021545, 0.42300376296043396, 0.42262735962867737, 0.42211654782295227, 0.4217938780784607]}, "num_train": 109588, "dev": {"loss_history": [0.7301807403564453, 0.45853012800216675, 0.4566040337085724, 0.4548071622848511, 0.45428651571273804, 0.452835351228714, 0.45208361744880676], "auc_history": [0.5228968925402306, 0.8372515426181983, 0.8386044653222922, 0.8394486867908552, 0.839183686505185, 0.8395747231970991, 0.8405311431223415]}, "test": {"loss_history": [0.44817832112312317], "auc_history": [0.8403501666075066]}}