{"train": {"loss_history": [0.4419776201248169, 0.4324592351913452, 0.4307248592376709, 0.4296797811985016]}, "num_train": 112025, "dev": {"loss_history": [0.6799574494361877, 0.4554504156112671, 0.4533575475215912, 0.45291587710380554], "auc_history": [0.34351061896999885, 0.8381743007463892, 0.8394928190663103, 0.8401923070763826]}, "test": {"loss_history": [0.44828033447265625], "auc_history": [0.840875516244101]}}