{"train": {"loss_history": [0.4272191524505615, 0.4202973246574402, 0.41882675886154175, 0.41777071356773376, 0.4171806871891022, 0.41690880060195923, 0.416630357503891, 0.4164046049118042]}, "num_train": 107524, "dev": {"loss_history": [0.7020552754402161, 0.4564925730228424, 0.45549169182777405, 0.453687459230423, 0.45335853099823, 0.4518434703350067, 0.45126664638519287, 0.4507540166378021], "auc_history": [0.5968309455347603, 0.8381329354151189, 0.8394426556919781, 0.8402067746106804, 0.840109837933654, 0.8408511658850261, 0.8410410389545447, 0.8414338546269092]}, "test": {"loss_history": [0.44614461064338684], "auc_history": [0.8413901062153195]}}