{"train": {"loss_history": [0.4368368089199066, 0.42979878187179565, 0.42824408411979675, 0.4274790585041046, 0.42689675092697144, 0.4263317584991455, 0.4261757433414459, 0.42577478289604187, 0.42568159103393555]}, "num_train": 111539, "dev": {"loss_history": [0.6569375395774841, 0.4565514028072357, 0.45534640550613403, 0.4549331068992615, 0.45422452688217163, 0.4527633786201477, 0.45238420367240906, 0.45165589451789856, 0.4510282278060913], "auc_history": [0.5583044699405383, 0.8375928098298181, 0.8390331834676292, 0.8396225780940777, 0.8399070858205482, 0.8405127205044655, 0.8407484305711779, 0.8408443469980729, 0.8412283226550596]}, "test": {"loss_history": [0.4470497965812683], "auc_history": [0.8415282264621913]}}