{"train": {"loss_history": [0.4434031546115875, 0.43329110741615295, 0.43181443214416504, 0.4310115873813629]}, "num_train": 112937, "dev": {"loss_history": [0.6614318490028381, 0.4537334144115448, 0.45179933309555054, 0.4510432779788971], "auc_history": [0.5612323327546578, 0.8381603691662743, 0.8398527865588168, 0.840232284092601]}, "test": {"loss_history": [0.44670647382736206], "auc_history": [0.8403828342294419]}}