{"train": {"loss_history": [0.43263739347457886, 0.4247607886791229, 0.42305561900138855, 0.42244037985801697, 0.4219741225242615, 0.4214728772640228, 0.4213237762451172, 0.4210594594478607]}, "num_train": 109235, "dev": {"loss_history": [0.68063884973526, 0.4611009955406189, 0.4553850591182709, 0.4558647572994232, 0.4551960229873657, 0.45514413714408875, 0.4547559916973114, 0.4544854164123535], "auc_history": [0.437522616620789, 0.8365433986252091, 0.838706761541147, 0.8388412279255324, 0.8394123839665651, 0.8398344737146889, 0.8395473669332955, 0.8398941196036904]}, "test": {"loss_history": [0.45047134160995483], "auc_history": [0.8402714073060691]}}