{"train": {"loss_history": [0.43419480323791504, 0.3921016752719879, 0.386279433965683, 0.38472989201545715, 0.38383713364601135]}, "num_train": 26059, "dev": {"loss_history": [0.8149439692497253, 0.43209555745124817, 0.41691452264785767, 0.4159539043903351, 0.41082826256752014], "auc_history": [0.5480481335841937, 0.8264669406218341, 0.8357977366109415, 0.8368516274620297, 0.8389963607791453]}, "test": {"loss_history": [0.42435187101364136], "auc_history": [0.8338724578288753]}}