{"train": {"loss_history": [0.42697450518608093, 0.39462244510650635, 0.38972097635269165, 0.38680168986320496]}, "num_train": 26299, "dev": {"loss_history": [0.6249054670333862, 0.4198298752307892, 0.41830557584762573, 0.4117533266544342], "auc_history": [0.37039663709511045, 0.8336571731809284, 0.8349584345653618, 0.8376938805046358]}, "test": {"loss_history": [0.4229719936847687], "auc_history": [0.8323442358663691]}}