{"train": {"loss_history": [0.42246121168136597, 0.3879530727863312, 0.38523316383361816, 0.38383808732032776, 0.38269680738449097, 0.38192489743232727, 0.3812166452407837, 0.38053277134895325, 0.38002854585647583, 0.3799383342266083]}, "num_train": 25868, "dev": {"loss_history": [0.7377414107322693, 0.42189669609069824, 0.41878741979599, 0.41553187370300293, 0.41321003437042236, 0.41268792748451233, 0.41173040866851807, 0.40982183814048767, 0.40937894582748413, 0.409213125705719], "auc_history": [0.2777998033352938, 0.8367638673765483, 0.8373119188460421, 0.8373688859190739, 0.8376470494648687, 0.8379207223630147, 0.8378710044783304, 0.8390685319020742, 0.8395948358065255, 0.8395913715926249]}, "test": {"loss_history": [0.41928830742836], "auc_history": [0.8361284884230109]}}