{"train": {"loss_history": [0.44045060873031616, 0.3981391191482544, 0.3941628634929657, 0.39287129044532776, 0.3921046555042267, 0.3914484679698944, 0.39106330275535583]}, "num_train": 26832, "dev": {"loss_history": [0.7738445997238159, 0.4228581488132477, 0.41661733388900757, 0.41455352306365967, 0.4127131700515747, 0.41224291920661926, 0.41044503450393677], "auc_history": [0.5875173338999248, 0.8308299255732889, 0.8363028703193338, 0.8365075155479051, 0.8364465068919895, 0.8371025263613847, 0.8388935891000947]}, "test": {"loss_history": [0.42109546065330505], "auc_history": [0.834233090529126]}}