{"train": {"loss_history": [0.4383205771446228, 0.39611658453941345, 0.39151671528816223, 0.39017099142074585, 0.3889855146408081]}, "num_train": 26527, "dev": {"loss_history": [0.7909207940101624, 0.4178098142147064, 0.41283684968948364, 0.4125525653362274, 0.41191235184669495], "auc_history": [0.5153566036128415, 0.8328896573456218, 0.83665737487516, 0.8363890266020835, 0.837036321384618]}, "test": {"loss_history": [0.4212930202484131], "auc_history": [0.8330990982420854]}}