{"train": {"loss_history": [0.4401654601097107, 0.41092658042907715, 0.40517908334732056, 0.40221723914146423]}, "num_train": 27459, "dev": {"loss_history": [0.6358323693275452, 0.42519763112068176, 0.41494467854499817, 0.4121730625629425], "auc_history": [0.559143818251429, 0.826931850957714, 0.8356267070876277, 0.8375701310858541]}, "test": {"loss_history": [0.4226195812225342], "auc_history": [0.8340678110274583]}}