{"train": {"loss_history": [0.43575575947761536, 0.4045100808143616, 0.4021657407283783, 0.4006613492965698, 0.3996085524559021]}, "num_train": 27636, "dev": {"loss_history": [0.6409266591072083, 0.4163127839565277, 0.41111934185028076, 0.4121231138706207, 0.41105660796165466], "auc_history": [0.5216284345756261, 0.8364705639329657, 0.8393598466302693, 0.8390036741196021, 0.839670984360229]}, "test": {"loss_history": [0.4234926700592041], "auc_history": [0.8336256396008428]}}