{"train": {"loss_history": [0.4255322515964508, 0.38603776693344116, 0.3826792240142822, 0.3813845217227936, 0.3800419867038727]}, "num_train": 25831, "dev": {"loss_history": [0.8237481117248535, 0.4273983836174011, 0.417917937040329, 0.41411808133125305, 0.4138348400592804], "auc_history": [0.4102930263064705, 0.8348353908197819, 0.8365760300006057, 0.8378585589691321, 0.8360410655614028]}, "test": {"loss_history": [0.43114998936653137], "auc_history": [0.8326457907394154]}}