{"train": {"loss_history": [0.4488576054573059, 0.39908114075660706, 0.3950444459915161, 0.39394453167915344, 0.3914923369884491]}, "num_train": 26646, "dev": {"loss_history": [0.685123085975647, 0.42498764395713806, 0.4165366590023041, 0.41442593932151794, 0.4141266644001007], "auc_history": [0.5981247568635059, 0.8283899000972033, 0.8349712649872156, 0.8350496588647437, 0.8370417101617967]}, "test": {"loss_history": [0.4256158769130707], "auc_history": [0.8306350054812144]}}