{"train": {"loss_history": [0.4399932026863098, 0.40988388657569885, 0.40591856837272644, 0.40442582964897156]}, "num_train": 27940, "dev": {"loss_history": [0.6957438588142395, 0.41880810260772705, 0.41621819138526917, 0.41097769141197205], "auc_history": [0.48088235067698437, 0.8334817171620748, 0.8380516568180348, 0.8395193287739147]}, "test": {"loss_history": [0.4224396049976349], "auc_history": [0.8342998440697691]}}