{"train": {"loss_history": [0.43873146176338196, 0.4304017424583435, 0.42868363857269287, 0.4274420142173767, 0.4268530607223511]}, "num_train": 111779, "dev": {"loss_history": [0.6705905199050903, 0.4689812660217285, 0.4632633924484253, 0.4610249698162079, 0.4583069682121277], "auc_history": [0.38737423387964093, 0.8301138904853521, 0.832675239407048, 0.833311811216441, 0.8344230523102154]}, "test": {"loss_history": [0.45244231820106506], "auc_history": [0.8429879774320229]}}