{"train": {"loss_history": [0.41981446743011475, 0.41042274236679077, 0.40899398922920227, 0.40831324458122253]}, "num_train": 103665, "dev": {"loss_history": [0.6570872068405151, 0.46083661913871765, 0.45990338921546936, 0.45984548330307007], "auc_history": [0.4250601625902779, 0.831051868501361, 0.8325085224815997, 0.8331254525788685]}, "test": {"loss_history": [0.4522876739501953], "auc_history": [0.8425414559951867]}}