{"train": {"loss_history": [0.4196470379829407, 0.41292354464530945, 0.4114067256450653, 0.4103630781173706, 0.4094415009021759, 0.4089963436126709, 0.40853750705718994, 0.40835776925086975, 0.407995343208313]}, "num_train": 104831, "dev": {"loss_history": [0.6524182558059692, 0.46300190687179565, 0.46259233355522156, 0.46203234791755676, 0.4618929326534271, 0.4600974917411804, 0.4600442349910736, 0.4593612551689148, 0.4582844376564026], "auc_history": [0.6814424446305376, 0.8307811911251154, 0.8315118406809624, 0.8333386891774968, 0.8340310351160806, 0.834125584862577, 0.8343230078321864, 0.8346337043017127, 0.8350279480339802]}, "test": {"loss_history": [0.45214003324508667], "auc_history": [0.8437474987181675]}}