{"train": {"loss_history": [0.4150936007499695, 0.4081200063228607, 0.4064137041568756, 0.40485116839408875, 0.40400049090385437]}, "num_train": 102988, "dev": {"loss_history": [0.6757588982582092, 0.46197575330734253, 0.46106332540512085, 0.4604226350784302, 0.457690566778183], "auc_history": [0.39645458372294773, 0.8312189890682252, 0.8320208292512111, 0.832360057309529, 0.8341772997914]}, "test": {"loss_history": [0.4501383900642395], "auc_history": [0.8436437130397993]}}