{"train": {"loss_history": [0.41785940527915955, 0.41068944334983826, 0.40906664729118347, 0.4081954061985016, 0.4077759087085724, 0.40720969438552856, 0.40689006447792053]}, "num_train": 104123, "dev": {"loss_history": [0.6940810084342957, 0.4618241488933563, 0.4626373052597046, 0.4609760046005249, 0.4603167772293091, 0.46031618118286133, 0.4591851234436035], "auc_history": [0.5384797872101412, 0.8317663431040185, 0.8319408040853408, 0.8329496407008723, 0.8331480044153943, 0.8337084279696132, 0.834623600245625]}, "test": {"loss_history": [0.4522923231124878], "auc_history": [0.8432175793484608]}}