{"train": {"loss_history": [0.41528627276420593, 0.40806257724761963, 0.406104177236557, 0.4048644006252289, 0.40412113070487976, 0.4040204882621765]}, "num_train": 102973, "dev": {"loss_history": [0.7577455043792725, 0.46235397458076477, 0.4594048261642456, 0.4596553146839142, 0.45865777134895325, 0.4584120213985443], "auc_history": [0.5987671157062402, 0.831094218298301, 0.832834069049023, 0.8338285470977365, 0.8341844155989413, 0.8341136872063268]}, "test": {"loss_history": [0.4509677588939667], "auc_history": [0.8429080141797354]}}