{"train": {"loss_history": [0.41861388087272644, 0.4098270535469055, 0.40831661224365234, 0.4074563980102539, 0.40695858001708984]}, "num_train": 103931, "dev": {"loss_history": [0.6527596116065979, 0.46253520250320435, 0.4623044729232788, 0.46072572469711304, 0.4595388174057007], "auc_history": [0.48535568435608456, 0.8311779511058867, 0.8334256804129638, 0.8339346429418308, 0.834801716785899]}, "test": {"loss_history": [0.4520646333694458], "auc_history": [0.8434390546810288]}}