{"train": {"loss_history": [0.42225709557533264, 0.41047680377960205, 0.40911805629730225, 0.4085227847099304]}, "num_train": 103051, "dev": {"loss_history": [0.6629844903945923, 0.46173709630966187, 0.45891204476356506, 0.4597589075565338], "auc_history": [0.5312320963466539, 0.8295415106817744, 0.831212879109051, 0.8314670071872455]}, "test": {"loss_history": [0.45052725076675415], "auc_history": [0.8416180810036495]}}