{"train": {"loss_history": [0.4262590706348419, 0.41985952854156494, 0.41804131865501404, 0.4169695973396301, 0.4164420962333679, 0.4160577654838562]}, "num_train": 107916, "dev": {"loss_history": [0.6508225798606873, 0.4597790837287903, 0.4584699869155884, 0.4585059583187103, 0.458425372838974, 0.4578682482242584], "auc_history": [0.5900831580091888, 0.831338577603197, 0.8331492088292966, 0.8339740663385057, 0.8341663982179987, 0.8345018991035652]}, "test": {"loss_history": [0.45088768005371094], "auc_history": [0.8432359970130203]}}