{"train": {"loss_history": [0.4214658737182617, 0.41241827607154846, 0.41115620732307434, 0.41092538833618164]}, "num_train": 104487, "dev": {"loss_history": [0.8059893250465393, 0.46149393916130066, 0.4596312642097473, 0.4587453603744507], "auc_history": [0.2862797022384149, 0.8307403061558942, 0.8321996000811996, 0.8326286709062773]}, "test": {"loss_history": [0.45116710662841797], "auc_history": [0.8415813526032653]}}