{"train": {"loss_history": [0.4155656099319458, 0.4081709682941437, 0.4066236615180969, 0.4062025547027588, 0.40538087487220764, 0.4046630561351776, 0.40416619181632996, 0.4039292335510254]}, "num_train": 103269, "dev": {"loss_history": [0.6515510082244873, 0.462121844291687, 0.46123006939888, 0.4612463712692261, 0.4592684209346771, 0.45923614501953125, 0.4586775004863739, 0.457552433013916], "auc_history": [0.40277777624061284, 0.8321626701468197, 0.833360117979438, 0.8330685423944025, 0.8343264452945669, 0.8343034702855888, 0.8345687375647928, 0.8349839283334406]}, "test": {"loss_history": [0.4504721760749817], "auc_history": [0.8434617721768463]}}