{"train": {"loss_history": [0.4186401665210724, 0.4104660153388977, 0.4092170298099518, 0.4086936414241791, 0.40797826647758484, 0.4072881042957306, 0.4065282344818115, 0.40594127774238586]}, "num_train": 103312, "dev": {"loss_history": [0.6681448221206665, 0.4610327184200287, 0.4621207118034363, 0.4610748291015625, 0.4608781635761261, 0.45932286977767944, 0.45804712176322937, 0.4570247530937195], "auc_history": [0.3775172812073586, 0.8307676007790564, 0.8318153692601841, 0.8325448567193741, 0.8329482377214349, 0.8331571286644968, 0.8339959769060079, 0.8344054222948251]}, "test": {"loss_history": [0.4495745897293091], "auc_history": [0.842689911962721]}}