{"train": {"loss_history": [0.42201995849609375, 0.41114598512649536, 0.4092901349067688, 0.4083960950374603, 0.4075554311275482, 0.4069026708602905]}, "num_train": 103797, "dev": {"loss_history": [0.6703335046768188, 0.4615098536014557, 0.458283931016922, 0.4577054977416992, 0.456901878118515, 0.456857830286026], "auc_history": [0.3530094179112532, 0.8302234693642447, 0.8324080580862914, 0.8331163771573568, 0.8336212772306835, 0.8341697250045069]}, "test": {"loss_history": [0.4491371810436249], "auc_history": [0.8433340571436623]}}