{"train": {"loss_history": [0.41508644819259644, 0.4075997769832611, 0.406119704246521, 0.40529364347457886]}, "num_train": 102964, "dev": {"loss_history": [0.6589116454124451, 0.4606993794441223, 0.4590452015399933, 0.45855802297592163], "auc_history": [0.5654557387298385, 0.8315774193903516, 0.8330592358556284, 0.8338232086144942]}, "test": {"loss_history": [0.4508764445781708], "auc_history": [0.8431675788238618]}}