{"train": {"loss_history": [0.4291878342628479, 0.4190599322319031, 0.41749218106269836, 0.4163632094860077, 0.415507972240448, 0.41487666964530945]}, "num_train": 106752, "dev": {"loss_history": [0.6562939286231995, 0.4616945683956146, 0.46024104952812195, 0.45999956130981445, 0.4597926437854767, 0.45814335346221924], "auc_history": [0.3698827651502069, 0.8301785707670739, 0.8315385623937279, 0.8325319434492386, 0.8329657700816439, 0.8336776145047528]}, "test": {"loss_history": [0.45248958468437195], "auc_history": [0.8425958114355434]}}