{"train": {"loss_history": [0.4152078628540039, 0.4077067971229553, 0.4060155749320984, 0.4050937592983246]}, "num_train": 103069, "dev": {"loss_history": [0.7590418457984924, 0.4603261351585388, 0.4601524770259857, 0.4592960774898529], "auc_history": [0.6673525825540932, 0.8319993451113339, 0.8325361751737599, 0.8330815793611009]}, "test": {"loss_history": [0.4509105086326599], "auc_history": [0.8424552390320263]}}