{"train": {"loss_history": [0.4244910776615143, 0.4122939705848694, 0.4106350541114807, 0.40961340069770813, 0.40885239839553833, 0.4083772599697113, 0.40800368785858154]}, "num_train": 104332, "dev": {"loss_history": [0.6669337749481201, 0.46196800470352173, 0.4595634341239929, 0.4591163396835327, 0.4586697816848755, 0.45682665705680847, 0.45628637075424194], "auc_history": [0.4140022855609243, 0.8301292744315734, 0.8328958587373793, 0.8338209039522166, 0.8342901631395558, 0.834849330197109, 0.8348711984473658]}, "test": {"loss_history": [0.4481450319290161], "auc_history": [0.8436739349886639]}}