{"train": {"loss_history": [0.4169466197490692, 0.40917298197746277, 0.4076174795627594, 0.4062994122505188]}, "num_train": 103737, "dev": {"loss_history": [0.7046861052513123, 0.46208345890045166, 0.4605877995491028, 0.4595547318458557], "auc_history": [0.3932299347687477, 0.831598779833666, 0.8326979442366911, 0.8336974352513759]}, "test": {"loss_history": [0.4519861042499542], "auc_history": [0.8428715125978802]}}