{"train": {"loss_history": [0.4493228793144226, 0.43957391381263733, 0.43807411193847656, 0.43732383847236633, 0.4366639256477356, 0.43607261776924133]}, "num_train": 116269, "dev": {"loss_history": [0.6355602741241455, 0.47079694271087646, 0.4639911353588104, 0.46387040615081787, 0.4638642966747284, 0.46081292629241943], "auc_history": [0.7439198403043519, 0.8310290529958457, 0.8331458039186432, 0.8339431031357007, 0.8335890249794857, 0.8342723313034576]}, "test": {"loss_history": [0.45445340871810913], "auc_history": [0.8428968417470466]}}