{"train": {"loss_history": [0.4538816511631012, 0.4254743158817291, 0.41366636753082275, 0.41109007596969604]}, "num_train": 28305, "dev": {"loss_history": [0.6686999201774597, 0.4366614818572998, 0.4265459179878235, 0.42530572414398193], "auc_history": [0.43762932994211456, 0.8160855180706958, 0.8254687145199626, 0.8303883140321929]}, "test": {"loss_history": [0.4310455322265625], "auc_history": [0.8340797771771543]}}