{"train": {"loss_history": [0.436127245426178, 0.4026036858558655, 0.3990092873573303]}, "num_train": 26889, "dev": {"loss_history": [0.6882826685905457, 0.4272165894508362, 0.426038920879364], "auc_history": [0.37203832190027175, 0.8265441681134191, 0.8255084393473647]}, "test": {"loss_history": [0.4267980456352234], "auc_history": [0.8267813772888195]}}