{"train": {"loss_history": [0.5401759147644043, 0.5324167609214783, 0.532429039478302, 0.5324329733848572, 0.5324344038963318, 0.5324350595474243, 0.5324352979660034, 0.532435417175293, 0.532435417175293, 0.5324354767799377]}, "num_train": 28305, "dev": {"loss_history": [0.6872513890266418, 0.56229567527771, 0.5622163414955139, 0.5621954202651978, 0.5621880888938904, 0.5621852278709412, 0.5621841549873352, 0.5621836185455322, 0.5621835589408875, 0.5621834397315979], "auc_history": [0.3637101399800402, 0.5, 0.5, 0.5, 0.5, 0.5, 0.5, 0.5, 0.5, 0.5]}, "test": {"loss_history": [0.5673603415489197], "auc_history": [0.5]}}