{"train": {"loss_history": [0.4356175363063812, 0.4029340445995331]}, "num_train": 27327, "dev": {"loss_history": [0.6531977653503418, 0.4267622232437134], "auc_history": [0.5201025566898916, 0.826678463658959]}, "test": {"loss_history": [0.4264501631259918], "auc_history": [0.8325013640920222]}}