{"train": {"loss_history": [0.47240275144577026, 0.43264898657798767, 0.41432324051856995, 0.40970754623413086, 0.4078574776649475, 0.4068957567214966, 0.4060371518135071, 0.405624121427536, 0.40533384680747986, 0.40457943081855774]}, "num_train": 27919, "dev": {"loss_history": [0.6570256352424622, 0.45856213569641113, 0.42880159616470337, 0.4222166836261749, 0.41973406076431274, 0.4193756878376007, 0.4188958406448364, 0.41887226700782776, 0.41849955916404724, 0.41774511337280273], "auc_history": [0.40873989772010244, 0.7846891929504065, 0.8244594476147419, 0.8295256445545462, 0.8308687281545485, 0.8313308175984573, 0.8317292832462206, 0.831916182151917, 0.8318884388450378, 0.8322111069592258]}, "test": {"loss_history": [0.41439536213874817], "auc_history": [0.838220906772241]}}