{"train": {"loss_history": [0.46444687247276306, 0.4555082321166992, 0.45413729548454285, 0.4532724618911743, 0.45257341861724854]}, "dev": {"loss_history": [0.7127588987350464, 0.45064225792884827, 0.4492785632610321, 0.44840505719184875, 0.44806143641471863], "auc_history": [0.4847692674355215, 0.8373263699064095, 0.8384583715171633, 0.8396110336028946, 0.8394150640242193]}, "test": {"loss_history": [0.45062291622161865], "auc_history": [0.8391499965813657]}}