{"train": {"loss_history": [0.47686731815338135, 0.4454275369644165, 0.4431040287017822, 0.4413929581642151, 0.44141602516174316]}, "dev": {"loss_history": [0.6868197321891785, 0.44286519289016724, 0.4411860406398773, 0.4444657862186432, 0.4413760304450989], "auc_history": [0.5938897060007762, 0.8052585695871937, 0.8049163913568207, 0.8030093760341979, 0.805448784056118]}, "test": {"loss_history": [0.4346776604652405], "auc_history": [0.8175040001924905]}}