{"train": {"loss_history": [0.5019981265068054]}, "num_train": 68155, "dev": {"loss_history": [0.6955835819244385], "auc_history": [0.4191631368645382]}, "test": {"loss_history": [0.8128686547279358], "auc_history": [0.8114477817137642]}}