{"train": {"loss_history": [0.521725058555603, 0.4995218813419342, 0.49236732721328735, 0.4899356961250305, 0.48814085125923157, 0.4862145185470581, 0.48591768741607666]}, "num_train": 57981, "dev": {"loss_history": [0.7815880179405212, 0.48091378808021545, 0.47479644417762756, 0.4520176947116852, 0.445939838886261, 0.44515296816825867, 0.4392514228820801], "auc_history": [0.5244357728409327, 0.7857221343920748, 0.7782720785161686, 0.7994362793868041, 0.8083825938369733, 0.8128478606359826, 0.8123357297715452]}, "test": {"loss_history": [0.44029074907302856], "auc_history": [0.8263163903327808]}}