{"train": {"loss_history": [0.4831364154815674, 0.45585665106773376]}, "num_train": 33435, "dev": {"loss_history": [0.658663809299469, 0.4532889127731323], "auc_history": [0.5340364406502283, 0.808618527317889]}, "test": {"loss_history": [0.46313682198524475], "auc_history": [0.8288474991725726]}}