{"train": {"loss_history": [0.46468958258628845, 0.45462673902511597, 0.45315733551979065, 0.4524017572402954, 0.4520385265350342, 0.4518543779850006, 0.45153185725212097]}, "dev": {"loss_history": [0.6685033440589905, 0.46714746952056885, 0.463713139295578, 0.46047526597976685, 0.4602662920951843, 0.4599093794822693, 0.4589312672615051], "auc_history": [0.29307395079875465, 0.8322591404452143, 0.8335309559535354, 0.8341308940492651, 0.8341182639791553, 0.8343033823959257, 0.8345415861692295]}, "test": {"loss_history": [0.4528771936893463], "auc_history": [0.8425316995581724]}}