{"train": {"loss_history": [0.46175825595855713, 0.428732693195343, 0.4258594214916229, 0.4240715205669403, 0.42394736409187317, 0.423037052154541]}, "dev": {"loss_history": [0.6868197321891785, 0.43075865507125854, 0.4276573956012726, 0.42853814363479614, 0.4270034432411194, 0.4252682626247406], "auc_history": [0.5938897060007762, 0.818611703235815, 0.8194580244918825, 0.8171453828213929, 0.819118508874424, 0.8211230667481989]}, "test": {"loss_history": [0.41574639081954956], "auc_history": [0.8345490053336753]}}