{"train": {"loss_history": [0.46175825595855713, 0.428732693195343, 0.4258594214916229]}, "dev": {"loss_history": [0.6868197321891785, 0.43075865507125854, 0.4276573956012726], "auc_history": [0.5938897060007762, 0.818611703235815, 0.8194580244918825]}, "test": {"loss_history": [0.4177044630050659], "auc_history": [0.8335104655172016]}}