{"train": {"loss_history": [0.6631847023963928, 0.5720227956771851, 0.5330817103385925, 0.5203146934509277, 0.5131627917289734, 0.5087243914604187]}, "dev": {"loss_history": [0.7428833842277527, 0.6158924698829651, 0.5321657657623291, 0.517157793045044, 0.5054121017456055, 0.4992455244064331], "auc_history": [0.7099066644833796, 0.8025544457180285, 0.8155231701326346, 0.8163255280825281, 0.8171115113803831, 0.8211887997380056]}, "test": {"loss_history": [0.5142159461975098], "auc_history": [0.7945874741546055]}}