{"train": {"loss_history": [0.6685841679573059, 0.5746620893478394, 0.5345544815063477, 0.525953471660614, 0.5217820405960083, 0.5191081762313843, 0.5174942016601562, 0.5163971781730652, 0.5152396559715271, 0.5146230459213257]}, "dev": {"loss_history": [0.7448440194129944, 0.631290078163147, 0.537800133228302, 0.5227617025375366, 0.5179884433746338, 0.5136193037033081, 0.512182354927063, 0.5116750597953796, 0.5094329118728638, 0.5092040300369263], "auc_history": [0.7299819878827576, 0.7819060094972983, 0.80495333224169, 0.8093744882921238, 0.8105125266088096, 0.8124938595054855, 0.8130833469788767, 0.8125921074177174, 0.8134763386278041, 0.81316522023907]}, "test": {"loss_history": [0.5255047082901001], "auc_history": [0.7890265457213366]}}