{"train": {"loss_history": [0.4581865668296814, 0.43775057792663574, 0.4301035404205322, 0.42824631929397583, 0.4269241690635681]}, "dev": {"loss_history": [0.6273518204689026, 0.44309088587760925, 0.4257205128669739, 0.42215389013290405, 0.41929301619529724], "auc_history": [0.5972614985435084, 0.820172946521156, 0.8282308714704492, 0.8305439456543858, 0.8309886715043817]}, "test": {"loss_history": [0.420285165309906], "auc_history": [0.834072861547832]}}