{"train": {"loss_history": [0.43925267457962036, 0.43195056915283203, 0.4306354820728302, 0.4298411011695862, 0.4293753504753113, 0.42909935116767883, 0.4287915825843811]}, "num_train": 112573, "dev": {"loss_history": [0.6437609791755676, 0.4531693756580353, 0.4500054717063904, 0.4488735496997833, 0.44858676195144653, 0.44726112484931946, 0.44677993655204773], "auc_history": [0.6676025318972215, 0.8408925635544169, 0.8421032504355186, 0.8422067532729215, 0.843067172594185, 0.8432459632187643, 0.8434845792371501]}, "test": {"loss_history": [0.45006829500198364], "auc_history": [0.8408715737974314]}}