{"train": {"loss_history": [0.44209837913513184, 0.43403664231300354, 0.43269696831703186, 0.4318910837173462]}, "num_train": 113798, "dev": {"loss_history": [0.6691871285438538, 0.4503925144672394, 0.44937774538993835, 0.44672414660453796], "auc_history": [0.33187973622709976, 0.8416984599878585, 0.842882107987341, 0.8432914828933001]}, "test": {"loss_history": [0.4494535028934479], "auc_history": [0.8410384750423855]}}