{"train": {"loss_history": [0.43063923716545105, 0.42363739013671875, 0.4218481183052063, 0.4211214482784271, 0.42031997442245483]}, "num_train": 108877, "dev": {"loss_history": [0.6535035371780396, 0.4506610333919525, 0.4482181668281555, 0.44811585545539856, 0.4461154341697693], "auc_history": [0.5774485811088568, 0.8411260330228766, 0.842543400670329, 0.8428648131102848, 0.8432825674052968]}, "test": {"loss_history": [0.4500565528869629], "auc_history": [0.8411053023514597]}}