{"train": {"loss_history": [0.42790696024894714, 0.42088544368743896, 0.4195248484611511, 0.4181992709636688, 0.417536199092865, 0.41685768961906433, 0.4163362383842468, 0.416226863861084]}, "num_train": 107557, "dev": {"loss_history": [0.6960709095001221, 0.45112210512161255, 0.4504956007003784, 0.448879599571228, 0.44820231199264526, 0.44780829548835754, 0.44601061940193176, 0.44592398405075073], "auc_history": [0.6309925522469528, 0.8408284201272443, 0.8411971294909845, 0.8420651061829098, 0.842019521526683, 0.8423191975910039, 0.8429163695839134, 0.8435798099052904]}, "test": {"loss_history": [0.44863632321357727], "auc_history": [0.8407497278777705]}}