{"train": {"loss_history": [0.4389200508594513, 0.4276769161224365, 0.4255928695201874, 0.42425596714019775, 0.4237011671066284, 0.4230566918849945]}, "num_train": 109629, "dev": {"loss_history": [0.6497517228126526, 0.4487050175666809, 0.4476263225078583, 0.4470096826553345, 0.4462833106517792, 0.445360392332077], "auc_history": [0.5939791175227738, 0.8409517163877216, 0.8421744216325713, 0.8422585794205674, 0.8429693686510817, 0.8433116239684214]}, "test": {"loss_history": [0.44908177852630615], "auc_history": [0.8404840208103971]}}