{"train": {"loss_history": [0.44264939427375793, 0.4346475303173065, 0.4328976273536682, 0.43154963850975037, 0.4309282600879669, 0.43048447370529175, 0.43014663457870483]}, "num_train": 113264, "dev": {"loss_history": [0.6762409210205078, 0.4487929344177246, 0.4481917917728424, 0.44661185145378113, 0.44604620337486267, 0.4458313584327698, 0.44541147351264954], "auc_history": [0.4772813156369907, 0.8412825869128006, 0.8421804324389874, 0.8428734654224397, 0.8433800009527617, 0.8435975888959442, 0.8436740301081358]}, "test": {"loss_history": [0.44911864399909973], "auc_history": [0.8410270263454172]}}