{"train": {"loss_history": [0.4399767816066742, 0.42910903692245483, 0.42697858810424805, 0.4256528913974762, 0.42475101351737976, 0.4242960214614868, 0.4236266613006592, 0.42324045300483704, 0.42298877239227295, 0.422848641872406]}, "num_train": 109986, "dev": {"loss_history": [0.7419456839561462, 0.4488230347633362, 0.4482678771018982, 0.4470766484737396, 0.4461924135684967, 0.44595998525619507, 0.44518205523490906, 0.4451736807823181, 0.444908082485199, 0.4447992146015167], "auc_history": [0.5135770470787347, 0.8408819942823779, 0.8418380276637585, 0.8426349371293367, 0.8431528119647357, 0.8434494728785948, 0.8438028400650932, 0.8437973816030503, 0.8439418164076052, 0.8440328687530152]}, "test": {"loss_history": [0.4479184150695801], "auc_history": [0.8412651689721293]}}