{"train": {"loss_history": [0.433536559343338, 0.42512714862823486, 0.4236810803413391, 0.42272475361824036, 0.4220900535583496, 0.4216671884059906, 0.42117777466773987, 0.4209148585796356]}, "num_train": 109429, "dev": {"loss_history": [0.7156203389167786, 0.4491293132305145, 0.45002052187919617, 0.4487546682357788, 0.4475013017654419, 0.4471004903316498, 0.44639331102371216, 0.44616782665252686], "auc_history": [0.3479177634086941, 0.8411981984398014, 0.841398462264167, 0.8416976477167211, 0.8423624786462853, 0.8428282284182598, 0.8429846458466326, 0.8433717190362453]}, "test": {"loss_history": [0.4491947889328003], "auc_history": [0.8411144613090346]}}