{"train": {"loss_history": [0.4510869085788727, 0.4425300657749176, 0.4412216544151306, 0.4401564598083496, 0.4395960867404938, 0.4392644166946411, 0.43907052278518677, 0.4388296902179718]}, "num_train": 117242, "dev": {"loss_history": [0.6820260286331177, 0.4494948983192444, 0.447770893573761, 0.44725263118743896, 0.44719579815864563, 0.44701188802719116, 0.4468194246292114, 0.44634708762168884], "auc_history": [0.6441098311183686, 0.841242824616086, 0.8421153597736339, 0.8423758518782902, 0.8427380695711009, 0.8428733029682123, 0.8431044753338957, 0.8432430520390082]}, "test": {"loss_history": [0.4486481249332428], "auc_history": [0.8413540277255397]}}