{"train": {"loss_history": [0.46633997559547424, 0.4575960040092468, 0.4559023380279541, 0.4547189474105835]}, "num_train": 124086, "dev": {"loss_history": [0.7179960012435913, 0.4492478668689728, 0.448764830827713, 0.4463101625442505], "auc_history": [0.299319480540781, 0.840887004370753, 0.8423995831918384, 0.8429986558992092]}, "test": {"loss_history": [0.449179470539093], "auc_history": [0.8409304064781696]}}