{"train": {"loss_history": [0.4284880757331848, 0.4212208390235901, 0.4196416437625885, 0.41825059056282043, 0.41762596368789673]}, "num_train": 107981, "dev": {"loss_history": [0.7250743508338928, 0.450806200504303, 0.44876033067703247, 0.446377158164978, 0.44601327180862427], "auc_history": [0.675756210295334, 0.841162068619613, 0.8422114936872791, 0.8431747302891053, 0.8433945665987961]}, "test": {"loss_history": [0.4496566653251648], "auc_history": [0.8409822175076511]}}