{"train": {"loss_history": [0.4362720549106598, 0.42887449264526367, 0.4274738132953644, 0.4263596832752228, 0.4261367917060852, 0.425393283367157, 0.424954354763031, 0.4247649312019348]}, "num_train": 110516, "dev": {"loss_history": [0.6440656185150146, 0.4499676525592804, 0.45101767778396606, 0.4508909583091736, 0.4506821036338806, 0.44760435819625854, 0.4470282196998596, 0.44680389761924744], "auc_history": [0.3597758465666868, 0.8414648768014394, 0.8416092043862043, 0.8419418879004619, 0.8422965839625407, 0.8426113292810015, 0.842843703807968, 0.8429482398542575]}, "test": {"loss_history": [0.44868919253349304], "auc_history": [0.8416388083869275]}}