{"train": {"loss_history": [0.43264418840408325, 0.425944983959198, 0.4246717691421509, 0.4236696660518646, 0.4230024814605713, 0.42262065410614014, 0.4218205511569977]}, "num_train": 109781, "dev": {"loss_history": [0.6626254320144653, 0.45223096013069153, 0.45012375712394714, 0.44845011830329895, 0.4478076100349426, 0.44678986072540283, 0.44530847668647766], "auc_history": [0.5127945115632027, 0.840664364101096, 0.8419756263944219, 0.842600792499808, 0.8422138947607609, 0.8429343597650629, 0.8437819159605957]}, "test": {"loss_history": [0.4502461552619934], "auc_history": [0.8405109593024704]}}