{"train": {"loss_history": [0.6137967705726624, 0.6124857664108276, 0.6124860644340515, 0.6124861240386963, 0.6124861240386963, 0.6124861240386963, 0.6124861240386963, 0.6124861240386963, 0.6124861240386963, 0.6124861240386963]}, "num_train": 109629, "dev": {"loss_history": [0.7315983176231384, 0.627173662185669, 0.6271728873252869, 0.6271728277206421, 0.6271727681159973, 0.6271727681159973, 0.6271727681159973, 0.6271727681159973, 0.6271727681159973, 0.6271727681159973], "auc_history": [0.2897333944828374, 0.5, 0.5, 0.5, 0.5, 0.5, 0.5, 0.5, 0.5, 0.5]}, "test": {"loss_history": [0.6281108260154724], "auc_history": [0.5]}}