{"train": {"loss_history": [0.4274102747440338, 0.42007243633270264, 0.41838935017585754, 0.4173705577850342, 0.41674840450286865, 0.4164198935031891]}, "num_train": 107659, "dev": {"loss_history": [0.6558579802513123, 0.45055899024009705, 0.44805365800857544, 0.4463575482368469, 0.4456401467323303, 0.4445651173591614], "auc_history": [0.3167618465407852, 0.8411703472870447, 0.8422287983115886, 0.8429324493033479, 0.843860478824998, 0.844239331830701]}, "test": {"loss_history": [0.4482240080833435], "auc_history": [0.8411926043415432]}}