{"train": {"loss_history": [0.42699459195137024, 0.4197043478488922, 0.41795557737350464, 0.4170868694782257, 0.4161669909954071, 0.4156588613986969]}, "num_train": 107382, "dev": {"loss_history": [0.6933367848396301, 0.45066583156585693, 0.45103713870048523, 0.44826334714889526, 0.4464351534843445, 0.44590064883232117], "auc_history": [0.36128591059633103, 0.8409472586437199, 0.8416668821351238, 0.8427594647928581, 0.843315916009111, 0.8437751806083249]}, "test": {"loss_history": [0.4490017592906952], "auc_history": [0.8412700565603253]}}