{"train": {"loss_history": [0.6132071018218994, 0.6110728979110718, 0.6110736131668091, 0.6110736131668091, 0.6110736131668091, 0.6110736131668091, 0.6110736131668091, 0.6110736131668091, 0.6110736131668091, 0.6110736131668091]}, "num_train": 107981, "dev": {"loss_history": [0.7841861248016357, 0.6273543238639832, 0.6273530721664429, 0.6273530721664429, 0.6273530721664429, 0.6273530721664429, 0.6273530721664429, 0.6273530721664429, 0.6273530721664429, 0.6273530721664429], "auc_history": [0.6806746647388245, 0.5, 0.5, 0.5, 0.5, 0.5, 0.5, 0.5, 0.5, 0.5]}, "test": {"loss_history": [0.6283088326454163], "auc_history": [0.5]}}