{"train": {"loss_history": [0.43787139654159546, 0.4272356927394867, 0.4251722991466522, 0.4243524968624115]}, "num_train": 109172, "dev": {"loss_history": [0.6707146167755127, 0.4518975615501404, 0.44813597202301025, 0.4475884437561035], "auc_history": [0.5558208028759545, 0.8397238970837912, 0.8417211938324499, 0.8419895129817855]}, "test": {"loss_history": [0.45081156492233276], "auc_history": [0.8401984747403735]}}