{"train": {"loss_history": [0.44285765290260315, 0.4317266047000885, 0.4295230209827423, 0.42842260003089905, 0.4277224838733673, 0.42732274532318115, 0.4267815053462982, 0.426372766494751, 0.4259505569934845]}, "num_train": 111594, "dev": {"loss_history": [0.750554621219635, 0.44938376545906067, 0.4486573338508606, 0.4467054605484009, 0.4461027681827545, 0.44606417417526245, 0.4452158212661743, 0.4449721872806549, 0.44468408823013306], "auc_history": [0.6436443672658345, 0.8409568856812396, 0.8422116788850982, 0.8428348565507402, 0.8428857892001352, 0.8428181887470023, 0.8436512215345997, 0.8439508748553288, 0.8441188785192044]}, "test": {"loss_history": [0.4469202160835266], "auc_history": [0.8421328796613645]}}