{"train": {"loss_history": [0.407107949256897, 0.3724444806575775, 0.36757683753967285, 0.3661099672317505, 0.36510032415390015, 0.36462244391441345]}, "num_train": 24796, "dev": {"loss_history": [0.6366797685623169, 0.43630585074424744, 0.4297870993614197, 0.42938217520713806, 0.4288824200630188, 0.4283706545829773], "auc_history": [0.5849707122970353, 0.8195194521795846, 0.8249797569736882, 0.8260050328200766, 0.8260117200810071, 0.8265893244316516]}, "test": {"loss_history": [0.4200759828090668], "auc_history": [0.8299013202188736]}}