{"train": {"loss_history": [0.3988526463508606, 0.3627508878707886, 0.35923588275909424, 0.35767248272895813, 0.3565084934234619, 0.3553728461265564, 0.3552260100841522, 0.3543286919593811, 0.3536859154701233, 0.3532505929470062]}, "num_train": 23682, "dev": {"loss_history": [0.6290048360824585, 0.4453534483909607, 0.4374334216117859, 0.43479621410369873, 0.4326109290122986, 0.4312387704849243, 0.43111464381217957, 0.4300175607204437, 0.42877334356307983, 0.4282757341861725], "auc_history": [0.43620884303386154, 0.8199516242294338, 0.8249910690692808, 0.8263667073902108, 0.8270436206905603, 0.8267078826931937, 0.8279294640216612, 0.8268916886221317, 0.828059146885499, 0.8282142663399783]}, "test": {"loss_history": [0.42347776889801025], "auc_history": [0.8298916929853554]}}