{"train": {"loss_history": [0.4232592284679413, 0.37645989656448364, 0.37186071276664734, 0.37070193886756897, 0.37021514773368835, 0.3697614371776581, 0.3689744472503662]}, "num_train": 24996, "dev": {"loss_history": [0.7677520513534546, 0.44220826029777527, 0.43266257643699646, 0.4312986135482788, 0.4284992516040802, 0.4281054139137268, 0.42743515968322754], "auc_history": [0.6304145876784906, 0.8211620809556059, 0.8259634093081172, 0.8262953349417759, 0.8277569701883158, 0.8280440224261982, 0.8281463937664227]}, "test": {"loss_history": [0.4234847128391266], "auc_history": [0.8289429960664781]}}