{"train": {"loss_history": [0.41607680916786194, 0.37488871812820435, 0.3718973696231842]}, "num_train": 25238, "dev": {"loss_history": [0.7435475587844849, 0.4333372414112091, 0.4297011196613312], "auc_history": [0.5484553302219446, 0.8237527383396044, 0.8259984705546777]}, "test": {"loss_history": [0.4247916638851166], "auc_history": [0.8267895560710482]}}