{"train": {"loss_history": [0.39795929193496704, 0.3639937937259674, 0.35992977023124695, 0.3582180142402649]}, "num_train": 24329, "dev": {"loss_history": [0.723935604095459, 0.43579208850860596, 0.43018925189971924, 0.42742881178855896], "auc_history": [0.4741794230856247, 0.8245446475288509, 0.8273834210426977, 0.8280497722206431]}, "test": {"loss_history": [0.4232575297355652], "auc_history": [0.8289855216608929]}}