{"train": {"loss_history": [0.40764814615249634, 0.36273860931396484, 0.3562632203102112, 0.3539887070655823, 0.3532384932041168, 0.35275110602378845, 0.3523198962211609, 0.35209470987319946, 0.3519611954689026, 0.3516700267791748]}, "num_train": 23944, "dev": {"loss_history": [0.7383793592453003, 0.4456750452518463, 0.4350135326385498, 0.43167197704315186, 0.4305502474308014, 0.43050676584243774, 0.43001383543014526, 0.4292144775390625, 0.42917314171791077, 0.429032564163208], "auc_history": [0.6479785222678289, 0.8125143901105536, 0.8206869104429517, 0.8238157985852006, 0.8248805105217487, 0.8247769517239758, 0.8250469420718209, 0.825617671668238, 0.825729230180021, 0.8258396012342559]}, "test": {"loss_history": [0.42250609397888184], "auc_history": [0.8283313160772504]}}