{"train": {"loss_history": [0.42285463213920593, 0.39330771565437317, 0.3867729902267456, 0.3842494487762451]}, "num_train": 26281, "dev": {"loss_history": [0.738067090511322, 0.4438762366771698, 0.43334153294563293, 0.4289640784263611], "auc_history": [0.4628370785744409, 0.8125093277915315, 0.8223148522440323, 0.8265101397625035]}, "test": {"loss_history": [0.41944441199302673], "auc_history": [0.831992916396339]}}