{"train": {"loss_history": [0.44710952043533325, 0.3875494599342346, 0.3805975317955017, 0.37947165966033936]}, "num_train": 24613, "dev": {"loss_history": [0.7274888157844543, 0.47385406494140625, 0.44592198729515076, 0.4455935060977936], "auc_history": [0.4352970006322274, 0.7864789458776849, 0.8106427695209897, 0.8108550744310892]}, "test": {"loss_history": [0.4366566240787506], "auc_history": [0.8167141142639132]}}