{"train": {"loss_history": [0.40746212005615234, 0.37083515524864197, 0.366654634475708, 0.3645302951335907, 0.3638303279876709, 0.36305221915245056, 0.3625706136226654, 0.3621520698070526, 0.3616524338722229, 0.36151793599128723]}, "num_train": 24779, "dev": {"loss_history": [0.6795822381973267, 0.4388201832771301, 0.43120115995407104, 0.43008628487586975, 0.4272642433643341, 0.4270594120025635, 0.4265057444572449, 0.42631733417510986, 0.4259036183357239, 0.42581409215927124], "auc_history": [0.4616265593505032, 0.8215653165399337, 0.8257428546929447, 0.8281037702902122, 0.8285310675143364, 0.827801406099732, 0.8283373244406512, 0.8283675733592525, 0.8286003150387373, 0.8287798086218418]}, "test": {"loss_history": [0.4183022975921631], "auc_history": [0.832944163575751]}}