{"train": {"loss_history": [0.4172452688217163, 0.39038148522377014, 0.38742372393608093, 0.3816348910331726, 0.3777328133583069, 0.37572914361953735, 0.37434279918670654, 0.373725563287735, 0.3738187551498413, 0.37339192628860474]}, "num_train": 25522, "dev": {"loss_history": [0.6459992527961731, 0.4480226933956146, 0.44663721323013306, 0.43971341848373413, 0.4348866939544678, 0.43358317017555237, 0.43186843395233154, 0.431432843208313, 0.4309021532535553, 0.43023034930229187], "auc_history": [0.4917494199582365, 0.8107694524920734, 0.8135499155905177, 0.8189719717520099, 0.8229917030466161, 0.8235403084339734, 0.8259377227264126, 0.8258182894961505, 0.8265222643290502, 0.8265274516436039]}, "test": {"loss_history": [0.4254666566848755], "auc_history": [0.8267896835840749]}}