{"train": {"loss_history": [0.4054109752178192, 0.36069586873054504, 0.35802826285362244, 0.35634589195251465]}, "num_train": 24158, "dev": {"loss_history": [0.7668635249137878, 0.44148749113082886, 0.43379345536231995, 0.4326469898223877], "auc_history": [0.558409161872463, 0.8156627150579367, 0.8225857175605973, 0.8242131593795521]}, "test": {"loss_history": [0.4277609884738922], "auc_history": [0.8249277383677516]}}