{"train": {"loss_history": [0.44182920455932617, 0.40398654341697693, 0.4007992148399353]}, "num_train": 27685, "dev": {"loss_history": [0.7119929194450378, 0.45463982224464417, 0.4365755617618561], "auc_history": [0.4671062384519754, 0.8180960655656561, 0.8253909922720263]}, "test": {"loss_history": [0.4291190207004547], "auc_history": [0.8291555602820385]}}