{"train": {"loss_history": [0.4085768163204193, 0.37431225180625916, 0.37098222970962524, 0.36960890889167786, 0.36907753348350525]}, "num_train": 25048, "dev": {"loss_history": [0.6359331011772156, 0.433777391910553, 0.4281408190727234, 0.42644646763801575, 0.4264194369316101], "auc_history": [0.4401614517281007, 0.8246692055759006, 0.8284960687655416, 0.829133170989137, 0.8287973079962392]}, "test": {"loss_history": [0.4202863574028015], "auc_history": [0.8312170633851955]}}