{"train": {"loss_history": [0.4101768434047699, 0.368608683347702, 0.36476773023605347, 0.3638588786125183]}, "num_train": 24721, "dev": {"loss_history": [0.6772554516792297, 0.4399545192718506, 0.4352286756038666, 0.43352577090263367], "auc_history": [0.3749320961775617, 0.817374778851656, 0.821708186432335, 0.8242032847325709]}, "test": {"loss_history": [0.42650488018989563], "auc_history": [0.8258259401280434]}}