{"train": {"loss_history": [0.40145254135131836, 0.36084941029548645, 0.3569585382938385, 0.3554660379886627, 0.35429078340530396, 0.35378706455230713, 0.3527338206768036]}, "num_train": 24051, "dev": {"loss_history": [0.6705613136291504, 0.44095173478126526, 0.43560686707496643, 0.43337282538414, 0.4304410219192505, 0.4303552508354187, 0.42848530411720276], "auc_history": [0.4533045443625391, 0.8168026743043937, 0.8242354085841431, 0.8256161717218609, 0.8271733660521636, 0.8275661645096187, 0.8284184465405362]}, "test": {"loss_history": [0.42443665862083435], "auc_history": [0.8319675413040196]}}