{"train": {"loss_history": [0.40205833315849304, 0.3606429696083069, 0.35682040452957153, 0.35493165254592896, 0.3543420135974884, 0.35368672013282776, 0.35324618220329285, 0.35301268100738525]}, "num_train": 23958, "dev": {"loss_history": [0.6311891674995422, 0.4382387697696686, 0.4332984387874603, 0.432211309671402, 0.4311251640319824, 0.43046149611473083, 0.43013709783554077, 0.42918145656585693], "auc_history": [0.5538546371967201, 0.8212100167419015, 0.8255937975217387, 0.8260067827575165, 0.8267664430996593, 0.8263688323142448, 0.8264981401914882, 0.8273692965476485]}, "test": {"loss_history": [0.42506247758865356], "auc_history": [0.8280649413644097]}}