{"train": {"loss_history": [0.39659276604652405, 0.35710299015045166, 0.35357797145843506, 0.35247802734375, 0.351340651512146]}, "num_train": 23828, "dev": {"loss_history": [0.7598485946655273, 0.430115669965744, 0.4279584288597107, 0.427610844373703, 0.4269677698612213], "auc_history": [0.5676127078456945, 0.827637286966991, 0.8287553094976854, 0.8298863315636467, 0.829900456058696]}, "test": {"loss_history": [0.42384853959083557], "auc_history": [0.8325018208860216]}}