{"train": {"loss_history": [0.4049837291240692, 0.3700721561908722, 0.36560964584350586, 0.3639012277126312, 0.3628085255622864, 0.36231404542922974, 0.3616616725921631, 0.3613622188568115, 0.36094802618026733, 0.3606224060058594]}, "num_train": 24540, "dev": {"loss_history": [0.6579626202583313, 0.43720322847366333, 0.43063443899154663, 0.4300518333911896, 0.42978155612945557, 0.4290132224559784, 0.4286905527114868, 0.42844775319099426, 0.42824587225914, 0.4277103543281555], "auc_history": [0.6429155782680769, 0.8219972385987202, 0.8263518954197389, 0.8269610611420641, 0.827270925064429, 0.827534978124532, 0.8278084683472565, 0.8279462134228701, 0.8279955241600112, 0.8283435742172218]}, "test": {"loss_history": [0.4195266366004944], "auc_history": [0.8327282840214956]}}