{"train": {"loss_history": [0.41862666606903076, 0.370470255613327, 0.3654724955558777, 0.36378198862075806]}, "num_train": 24779, "dev": {"loss_history": [0.6389052271842957, 0.4383653402328491, 0.43204712867736816, 0.4288909137248993], "auc_history": [0.5054807415634891, 0.8203551098048245, 0.8253503062265524, 0.8266436974878147]}, "test": {"loss_history": [0.42060160636901855], "auc_history": [0.8323737978071839]}}