{"train": {"loss_history": [0.5027956366539001, 0.48898887634277344]}, "num_train": 24721, "dev": {"loss_history": [0.6989411115646362, 0.581950843334198], "auc_history": [0.487891120392446, 0.5]}, "test": {"loss_history": [0.5718286037445068], "auc_history": [0.5]}}