{"train": {"loss_history": [0.41016918420791626, 0.37062951922416687, 0.367083877325058, 0.3651514947414398]}, "num_train": 24848, "dev": {"loss_history": [0.6903063654899597, 0.44144177436828613, 0.4375799894332886, 0.43415579199790955], "auc_history": [0.6252690841302424, 0.8185854230711253, 0.8222947279634754, 0.8250036936179531]}, "test": {"loss_history": [0.4225301444530487], "auc_history": [0.830919639250346]}}