{"train": {"loss_history": [0.4119694232940674, 0.3651580810546875, 0.35762304067611694, 0.35573944449424744, 0.3549346625804901]}, "num_train": 24128, "dev": {"loss_history": [0.7339501976966858, 0.44054821133613586, 0.4288593828678131, 0.42707791924476624, 0.42517799139022827], "auc_history": [0.3728202341766282, 0.8194539545211259, 0.8271281176697933, 0.8281489561748168, 0.8290903600196293]}, "test": {"loss_history": [0.4201638102531433], "auc_history": [0.8317510241846306]}}