{"train": {"loss_history": [0.5023733973503113, 0.4694323241710663, 0.4684333801269531, 0.4677998423576355]}, "num_train": 33746, "dev": {"loss_history": [0.6766303777694702, 0.47415676712989807, 0.48586034774780273, 0.5471939444541931], "auc_history": [0.30413552112053743, 0.8183608536686006, 0.8181941375381167, 0.8178888330178413]}, "test": {"loss_history": [0.5682185888290405], "auc_history": [0.8214383240067507]}}