{"train": {"loss_history": [0.47862231731414795, 0.4416697919368744, 0.4402594268321991, 0.4396723806858063]}, "num_train": 31683, "dev": {"loss_history": [0.806763231754303, 0.4366893470287323, 0.44981849193573, 0.442156583070755], "auc_history": [0.5269868692786638, 0.8194569385433854, 0.8245817616397588, 0.826655653919354]}, "test": {"loss_history": [0.4437014162540436], "auc_history": [0.8319518570685346]}}