{"train": {"loss_history": [0.5921220183372498, 0.5845484137535095, 0.5845322012901306, 0.5845299959182739, 0.5845295190811157, 0.584529459476471, 0.584529459476471, 0.5845293998718262, 0.5845293998718262, 0.5845293998718262]}, "num_train": 35261, "dev": {"loss_history": [0.752437949180603, 0.5853465795516968, 0.5848417282104492, 0.584730863571167, 0.5846989154815674, 0.5846889615058899, 0.5846859216690063, 0.5846849083900452, 0.5846846103668213, 0.5846844911575317], "auc_history": [0.41472367410059147, 0.5, 0.5, 0.5, 0.5, 0.5, 0.5, 0.5, 0.5, 0.5]}, "test": {"loss_history": [0.5874921083450317], "auc_history": [0.5]}}