{"train": {"loss_history": [0.6708081960678101, 0.6340290904045105, 0.5398821830749512, 0.522676944732666]}, "dev": {"loss_history": [0.6947189569473267, 0.6567537188529968, 0.5675402879714966, 0.4992058277130127], "auc_history": [0.4043312229926641, 0.7014370415033665, 0.8021806853582554, 0.8214752286202393]}, "test": {"loss_history": [0.5177109837532043], "auc_history": [0.8256620327065123]}}