{"train": {"loss_history": [0.5327180027961731, 0.5123831629753113, 0.5087810158729553, 0.507645845413208, 0.5066455602645874, 0.5060846209526062, 0.5055408477783203, 0.5050771832466125]}, "num_train": 47165, "dev": {"loss_history": [0.6505531668663025, 0.4778221845626831, 0.4611923098564148, 0.45000433921813965, 0.44485336542129517, 0.4383435845375061, 0.4351522922515869, 0.43282294273376465], "auc_history": [0.32234954670127597, 0.8171900604893791, 0.8054896892288308, 0.8180594575587632, 0.8216962655074191, 0.8279450449300612, 0.8283570298336016, 0.8297254860652994]}, "test": {"loss_history": [0.43275952339172363], "auc_history": [0.8318164630045554]}}