{"train": {"loss_history": [0.5277409553527832, 0.5054211616516113, 0.5021013617515564, 0.5008320808410645]}, "num_train": 44420, "dev": {"loss_history": [0.6497783064842224, 0.6006534695625305, 0.5967661738395691, 0.5311583876609802], "auc_history": [0.27442487420044176, 0.8127106376936841, 0.811101333677786, 0.8105759407992431]}, "test": {"loss_history": [0.5337068438529968], "auc_history": [0.8176576953823899]}}