{"train": {"loss_history": [0.47119829058647156, 0.44706422090530396, 0.44353336095809937, 0.4420841932296753]}, "num_train": 32266, "dev": {"loss_history": [0.692013144493103, 0.6736652255058289, 0.4977079927921295, 0.45977887511253357], "auc_history": [0.5278319829454909, 0.7446152355733523, 0.8305574649101629, 0.8292377036281838]}, "test": {"loss_history": [0.46344077587127686], "auc_history": [0.8356021038740213]}}