{"train": {"loss_history": [0.5431210994720459, 0.5180841088294983]}, "num_train": 47154, "dev": {"loss_history": [0.7583445906639099, 0.4869630038738251], "auc_history": [0.678477883010127, 0.8167502041343551]}, "test": {"loss_history": [0.4904680848121643], "auc_history": [0.8027437917951452]}}