{"train": {"loss_history": [0.5150799751281738, 0.4880230724811554, 0.4851848781108856, 0.48308703303337097]}, "num_train": 39209, "dev": {"loss_history": [0.6706237196922302, 0.528433084487915, 0.49249327182769775, 0.4710514545440674], "auc_history": [0.35873402869721527, 0.808588353910794, 0.8135340949223471, 0.817685531602766]}, "test": {"loss_history": [0.4692367911338806], "auc_history": [0.8260037179438375]}}