{"train": {"loss_history": [0.47032681107521057, 0.4388255178928375, 0.4346080720424652]}, "num_train": 31126, "dev": {"loss_history": [0.7779403924942017, 0.479153573513031, 0.4433325231075287], "auc_history": [0.4401080310273968, 0.8145065202537672, 0.8227349415993779]}, "test": {"loss_history": [0.4443384110927582], "auc_history": [0.8324422957351505]}}