{"train": {"loss_history": [0.5090323686599731, 0.4764896631240845, 0.4710809290409088, 0.4690866768360138, 0.4683533012866974]}, "num_train": 36365, "dev": {"loss_history": [0.6777241826057434, 0.5481669902801514, 0.4650486707687378, 0.46040335297584534, 0.4413228929042816], "auc_history": [0.6212634314767231, 0.7096987140945226, 0.8221748856053116, 0.8214662459423011, 0.8235804397000186]}, "test": {"loss_history": [0.455013245344162], "auc_history": [0.8230686994810106]}}