{"train": {"loss_history": [0.5291419625282288, 0.5106253623962402, 0.5025634169578552, 0.5008437633514404, 0.4998567998409271, 0.49906089901924133]}, "num_train": 43796, "dev": {"loss_history": [0.6443536281585693, 0.5285482406616211, 0.47231367230415344, 0.4617867171764374, 0.45446959137916565, 0.4482649862766266], "auc_history": [0.6461878774178964, 0.7127438143317951, 0.8151683871361269, 0.813772892392875, 0.8168534886856003, 0.8204660132316992]}, "test": {"loss_history": [0.4504554569721222], "auc_history": [0.8248045858870405]}}