{"train": {"loss_history": [0.6705272793769836, 0.5611246228218079, 0.5212774276733398, 0.5172086358070374]}, "dev": {"loss_history": [0.7084277868270874, 0.6736019253730774, 0.5444872379302979, 0.5180200934410095], "auc_history": [0.7414018250471994, 0.8095264317180616, 0.8182740717432347, 0.8241897419760855]}, "test": {"loss_history": [0.5111817717552185], "auc_history": [0.782417394281801]}}