{"train": {"loss_history": [0.47181838750839233, 0.44731757044792175, 0.4433722198009491, 0.44150644540786743, 0.44101855158805847]}, "num_train": 31937, "dev": {"loss_history": [0.6085692644119263, 0.6170487999916077, 0.44113168120384216, 0.44980037212371826, 0.44370412826538086], "auc_history": [0.540320763885365, 0.7867048435072461, 0.8226490206420455, 0.8167848031775762, 0.8191678443155822]}, "test": {"loss_history": [0.4634925127029419], "auc_history": [0.8156193612242568]}}