{"train": {"loss_history": [0.510284423828125, 0.4893745481967926, 0.48659828305244446, 0.48474639654159546, 0.4833541810512543, 0.48254886269569397, 0.4815337359905243, 0.4807913899421692, 0.48071014881134033]}, "num_train": 42844, "dev": {"loss_history": [0.6995183229446411, 0.6011027693748474, 0.48991891741752625, 0.47603121399879456, 0.46866077184677124, 0.45948097109794617, 0.444399356842041, 0.4418213367462158, 0.4356590211391449], "auc_history": [0.6135547646470564, 0.8234116732558623, 0.8200287838410679, 0.8241497221056107, 0.8242778667101334, 0.8260389580100886, 0.829414030604007, 0.8301843078217929, 0.8301210043871586]}, "test": {"loss_history": [0.44295600056648254], "auc_history": [0.8334076287639423]}}