{"train": {"loss_history": [0.5434505939483643, 0.5237480401992798, 0.5214007496833801, 0.5197164416313171, 0.5189942717552185, 0.5183875560760498, 0.517731785774231, 0.5173405408859253, 0.5169740915298462, 0.5164987444877625]}, "num_train": 60832, "dev": {"loss_history": [0.6745558381080627, 0.484491765499115, 0.4522739350795746, 0.4472521245479584, 0.4427464008331299, 0.43975773453712463, 0.4368508756160736, 0.4346371591091156, 0.4335435926914215, 0.4323200583457947], "auc_history": [0.4494042813624949, 0.7918916245199062, 0.8208785107136578, 0.8247702623530118, 0.8253283321057081, 0.8252240864699287, 0.826019415957899, 0.8266923032762474, 0.8265186673371192, 0.8266130458383503]}, "test": {"loss_history": [0.42904576659202576], "auc_history": [0.833387833568084]}}