{"train": {"loss_history": [0.4413142800331116, 0.4005208909511566, 0.3972943127155304, 0.3953236937522888, 0.3942966163158417, 0.39376047253608704]}, "num_train": 27118, "dev": {"loss_history": [0.6352173089981079, 0.4287533462047577, 0.4249189496040344, 0.42369452118873596, 0.42271462082862854, 0.42198053002357483], "auc_history": [0.47012346990675924, 0.8199222932656415, 0.82235650594529, 0.823596504261999, 0.8241200648794342, 0.8246323905692069]}, "test": {"loss_history": [0.41316208243370056], "auc_history": [0.8372500151663034]}}