{"train": {"loss_history": [0.43289074301719666, 0.39573147892951965, 0.393586128950119, 0.39199259877204895, 0.39090585708618164]}, "num_train": 26638, "dev": {"loss_history": [0.8093772530555725, 0.4286718964576721, 0.4281410574913025, 0.42747217416763306, 0.4267410337924957], "auc_history": [0.489690492679503, 0.8180227462475341, 0.8185820897848661, 0.8200484751410666, 0.8208888217535215]}, "test": {"loss_history": [0.42009496688842773], "auc_history": [0.8329891798344735]}}