{"train": {"loss_history": [0.41965240240097046, 0.3790881931781769, 0.3758966326713562, 0.3735303580760956, 0.37229326367378235]}, "num_train": 25038, "dev": {"loss_history": [0.7777090668678284, 0.4316616356372833, 0.4349176287651062, 0.43600785732269287, 0.4320395886898041], "auc_history": [0.5989154852891285, 0.8166294203920301, 0.8195388770059866, 0.8168437932025181, 0.8193748340737562]}, "test": {"loss_history": [0.4221023917198181], "auc_history": [0.8334493523540535]}}