{"train": {"loss_history": [0.4258820712566376, 0.392996609210968, 0.39048975706100464, 0.3895006477832794, 0.3887317180633545]}, "num_train": 26525, "dev": {"loss_history": [0.6743530631065369, 0.42694830894470215, 0.4240158200263977, 0.423708438873291, 0.42359107732772827], "auc_history": [0.5261845899913808, 0.8210000020781368, 0.8226580955641648, 0.822629001647443, 0.822940592300191]}, "test": {"loss_history": [0.41696250438690186], "auc_history": [0.8354383778377946]}}