{"train": {"loss_history": [0.4406057894229889, 0.39914804697036743, 0.3969476819038391, 0.3959192931652069]}, "num_train": 25881, "dev": {"loss_history": [0.756957471370697, 0.44035160541534424, 0.43674540519714355, 0.4358520209789276], "auc_history": [0.582796611182143, 0.8085457275843062, 0.8094538734134074, 0.8103396792707401]}, "test": {"loss_history": [0.42808064818382263], "auc_history": [0.8251804534123159]}}