{"train": {"loss_history": [0.43233349919319153, 0.40054255723953247, 0.3983800709247589]}, "num_train": 27159, "dev": {"loss_history": [0.6949343681335449, 0.42910072207450867, 0.4265589714050293], "auc_history": [0.5115087222003729, 0.8192793047177345, 0.8199963918347922]}, "test": {"loss_history": [0.4182804226875305], "auc_history": [0.8359324665631007]}}