{"train": {"loss_history": [0.4319990575313568, 0.3946301341056824, 0.3906717300415039, 0.38907015323638916, 0.38824766874313354, 0.38780850172042847, 0.3870490491390228]}, "num_train": 26391, "dev": {"loss_history": [0.6727169156074524, 0.43255531787872314, 0.42621275782585144, 0.4249691367149353, 0.4240540564060211, 0.42348727583885193, 0.4232938289642334], "auc_history": [0.3282088641890772, 0.8181426937122331, 0.8221372625014222, 0.823135677402495, 0.8239574506663285, 0.8241155189549465, 0.82466791372199]}, "test": {"loss_history": [0.4152281880378723], "auc_history": [0.8356534577763717]}}