{"train": {"loss_history": [0.4247749149799347, 0.39155349135398865, 0.38817447423934937]}, "num_train": 26196, "dev": {"loss_history": [0.7106268405914307, 0.430852472782135, 0.42631813883781433], "auc_history": [0.4739716599274419, 0.8157375100075281, 0.8215303166405254]}, "test": {"loss_history": [0.42185258865356445], "auc_history": [0.8322979291660683]}}