{"train": {"loss_history": [0.4261632561683655, 0.38795292377471924, 0.38305726647377014, 0.38109150528907776, 0.38006407022476196]}, "num_train": 25443, "dev": {"loss_history": [0.6425095200538635, 0.4342108964920044, 0.4325447976589203, 0.4292266070842743, 0.4288572371006012], "auc_history": [0.6928369478195407, 0.8157868008173311, 0.815209403465605, 0.8179946264574884, 0.8187225588515384]}, "test": {"loss_history": [0.4191347658634186], "auc_history": [0.8319803966890615]}}