{"train": {"loss_history": [0.4356067180633545, 0.40629565715789795, 0.3992883861064911, 0.3971628248691559]}, "num_train": 27069, "dev": {"loss_history": [0.6408049464225769, 0.43765249848365784, 0.42570486664772034, 0.42335623502731323], "auc_history": [0.5244042760784102, 0.8109080497152692, 0.821781121788694, 0.823818085609889]}, "test": {"loss_history": [0.4146963357925415], "auc_history": [0.837595448521983]}}