{"train": {"loss_history": [0.42709264159202576, 0.38839539885520935, 0.3849612772464752, 0.38341590762138367, 0.38167136907577515]}, "num_train": 25901, "dev": {"loss_history": [0.725464940071106, 0.43111395835876465, 0.42781609296798706, 0.42743825912475586, 0.42662468552589417], "auc_history": [0.45494332920649977, 0.8181080148025692, 0.8215623978790535, 0.8224096283200185, 0.8234481772401407]}, "test": {"loss_history": [0.4168928861618042], "auc_history": [0.8364954755781561]}}