{"train": {"loss_history": [0.4327227771282196, 0.39652499556541443, 0.39216500520706177, 0.3908645212650299, 0.39017730951309204, 0.3897838294506073]}, "num_train": 26454, "dev": {"loss_history": [0.611534595489502, 0.43251535296440125, 0.4273761808872223, 0.42539849877357483, 0.4250951409339905, 0.42500221729278564], "auc_history": [0.5427199357232253, 0.8159495449139937, 0.819736624721205, 0.8208779764765293, 0.8206794494599702, 0.8210633852538523]}, "test": {"loss_history": [0.41675373911857605], "auc_history": [0.8351506660246906]}}