{"train": {"loss_history": [0.43800392746925354, 0.40754732489585876, 0.40566542744636536, 0.40409907698631287, 0.40357068181037903, 0.40289217233657837]}, "num_train": 28011, "dev": {"loss_history": [0.6797282099723816, 0.43010371923446655, 0.4259321093559265, 0.4251105785369873, 0.42365920543670654, 0.4234951138496399], "auc_history": [0.6616044333933742, 0.8184318145096559, 0.8216481210265374, 0.8218830803807771, 0.8228367503965344, 0.8233834952288575]}, "test": {"loss_history": [0.4146267771720886], "auc_history": [0.8368637543780703]}}