{"train": {"loss_history": [0.42436373233795166, 0.3853050470352173, 0.38212546706199646, 0.38067689538002014, 0.3798365294933319]}, "num_train": 25548, "dev": {"loss_history": [0.7246684432029724, 0.4306074380874634, 0.4326428174972534, 0.43839889764785767, 0.4370424151420593], "auc_history": [0.43555762387903996, 0.8147710464614264, 0.8164784307572576, 0.8141985197430799, 0.817531266868627]}, "test": {"loss_history": [0.42950454354286194], "auc_history": [0.8291295796156691]}}