{"train": {"loss_history": [0.43012237548828125, 0.3955754041671753, 0.39152827858924866, 0.3893969655036926, 0.387886106967926, 0.3867122530937195, 0.38608795404434204]}, "num_train": 26322, "dev": {"loss_history": [0.6689169406890869, 0.43606168031692505, 0.4292660653591156, 0.42681682109832764, 0.4261970520019531, 0.4260868728160858, 0.42558932304382324], "auc_history": [0.5071990559024024, 0.8154096839101809, 0.8188347782446082, 0.820621975986089, 0.8214690116017189, 0.821605519219909, 0.8221839556400896]}, "test": {"loss_history": [0.4151538908481598], "auc_history": [0.8365665716244992]}}