{"train": {"loss_history": [0.432564914226532, 0.3975449204444885, 0.3942089080810547, 0.39266592264175415]}, "num_train": 26510, "dev": {"loss_history": [0.8086695075035095, 0.43057820200920105, 0.42812690138816833, 0.42646536231040955], "auc_history": [0.4106695315515734, 0.8191953349982674, 0.8185315650812734, 0.8198776133221045]}, "test": {"loss_history": [0.4192783534526825], "auc_history": [0.8313745124705408]}}