{"train": {"loss_history": [0.4708273410797119, 0.429693341255188, 0.4271029531955719, 0.42622649669647217, 0.425699383020401]}, "dev": {"loss_history": [0.7737756371498108, 0.4338764548301697, 0.43137919902801514, 0.4312790632247925, 0.4300766885280609], "auc_history": [0.47065694537590563, 0.8217293937775941, 0.8232580451035688, 0.8235447621666139, 0.8244728899839413]}, "test": {"loss_history": [0.4103349447250366], "auc_history": [0.8351015648826384]}}