{"train": {"loss_history": [0.6732802987098694, 0.6138297319412231, 0.541229784488678, 0.5194381475448608, 0.5196000337600708, 0.5198211073875427, 0.516886830329895, 0.5174763798713684]}, "dev": {"loss_history": [0.6926389336585999, 0.6710453629493713, 0.6350241899490356, 0.5516310930252075, 0.5397759675979614, 0.5277838706970215, 0.5269861221313477, 0.5251938104629517], "auc_history": [0.5560020741508944, 0.7071153098262899, 0.8025262509722584, 0.8020563261602283, 0.8026396810993001, 0.8064152838994036, 0.8091051983406792, 0.8081005315011667]}, "test": {"loss_history": [0.5171948671340942], "auc_history": [0.8072188349128504]}}