{"train": {"loss_history": [0.5481129884719849, 0.527131199836731, 0.5231767892837524, 0.5211504697799683, 0.5200653076171875, 0.5193775296211243, 0.5186033248901367, 0.5178371667861938, 0.5170982480049133, 0.5162422060966492]}, "num_train": 50685, "dev": {"loss_history": [0.7055355310440063, 0.6484203934669495, 0.5890500545501709, 0.5336498022079468, 0.5163759589195251, 0.5013471245765686, 0.49292606115341187, 0.4772055447101593, 0.461806058883667, 0.45288002490997314], "auc_history": [0.603644789257755, 0.8228981587831422, 0.8270773479415384, 0.8281657526274138, 0.8302483225506467, 0.8321016769874581, 0.8316452347300017, 0.8325882707362712, 0.8328884384555456, 0.8342500669748021]}, "test": {"loss_history": [0.45069488883018494], "auc_history": [0.8273091565976407]}}