{"train": {"loss_history": [0.5401038527488708, 0.519989550113678, 0.5168625712394714, 0.514940619468689, 0.5135830044746399, 0.5125841498374939, 0.5119967460632324, 0.5116848349571228, 0.5114958882331848, 0.5110541582107544]}, "num_train": 48258, "dev": {"loss_history": [0.6840784549713135, 0.5174475908279419, 0.4643729627132416, 0.44361183047294617, 0.43541184067726135, 0.43057259917259216, 0.42674246430397034, 0.4249936640262604, 0.42399144172668457, 0.42266494035720825], "auc_history": [0.35978183663896324, 0.8252304728677635, 0.8206935073959684, 0.8229131703767115, 0.8268360718585739, 0.8293695028057566, 0.8317820711790748, 0.8345120641890609, 0.8337456389396117, 0.8347830426986174]}, "test": {"loss_history": [0.4366168975830078], "auc_history": [0.8266875496404746]}}