{"train": {"loss_history": [0.47000786662101746, 0.44601935148239136, 0.43970802426338196, 0.43738165497779846, 0.4364181160926819, 0.43477290868759155]}, "num_train": 31812, "dev": {"loss_history": [0.7420498728752136, 0.4543682038784027, 0.42464837431907654, 0.4131929278373718, 0.41163545846939087, 0.40912219882011414], "auc_history": [0.5424523375488968, 0.8088480770276942, 0.8331404279407584, 0.8373462402245015, 0.8377837576097232, 0.8384782041925711]}, "test": {"loss_history": [0.42726486921310425], "auc_history": [0.8294835226340431]}}