{"train": {"loss_history": [0.47707399725914, 0.4496615529060364, 0.4457671344280243, 0.4439096450805664, 0.44279810786247253, 0.4419845938682556, 0.4411795735359192, 0.44010087847709656, 0.4394073486328125, 0.43902385234832764]}, "num_train": 32610, "dev": {"loss_history": [0.6149064898490906, 0.46054500341415405, 0.43136000633239746, 0.42044419050216675, 0.4190205931663513, 0.4158843159675598, 0.41411352157592773, 0.4137178361415863, 0.41214194893836975, 0.4108477234840393], "auc_history": [0.27725438210228004, 0.8258705184619506, 0.832261800652196, 0.8338089570714613, 0.8347978618358589, 0.8355508792944705, 0.8359423354652362, 0.8366050267539955, 0.8373702972654778, 0.8397233966335026]}, "test": {"loss_history": [0.42023953795433044], "auc_history": [0.8354551018579757]}}