{"train": {"loss_history": [0.46932798624038696, 0.4334889352321625, 0.43144822120666504]}, "num_train": 30859, "dev": {"loss_history": [0.6686316132545471, 0.4454115629196167, 0.4196813106536865], "auc_history": [0.5087430985160848, 0.822014784238494, 0.8303231239100556]}, "test": {"loss_history": [0.44383665919303894], "auc_history": [0.8277168502294662]}}