{"train": {"loss_history": [0.5588597059249878, 0.5419032573699951, 0.5374471545219421, 0.5355254411697388]}, "num_train": 55901, "dev": {"loss_history": [0.7047127485275269, 0.5573422908782959, 0.5106871128082275, 0.4896445870399475], "auc_history": [0.4332143183402155, 0.8225540468690178, 0.8365168817558586, 0.8346628857979548]}, "test": {"loss_history": [0.5120832324028015], "auc_history": [0.8276398414323436]}}