{"train": {"loss_history": [0.4723989963531494, 0.4471279978752136, 0.4446660578250885]}, "dev": {"loss_history": [0.679722785949707, 0.4349655210971832, 0.42694857716560364], "auc_history": [0.24664523543511263, 0.8242505130617219, 0.825496841183739]}, "test": {"loss_history": [0.4437447786331177], "auc_history": [0.8015640947205701]}}