{"train": {"loss_history": [0.4714299142360687, 0.4310061037540436, 0.42840588092803955, 0.42592641711235046]}, "dev": {"loss_history": [0.7663343548774719, 0.4285561740398407, 0.4282073974609375, 0.4223923087120056], "auc_history": [0.39123393515165406, 0.8263614339073699, 0.8289081797776536, 0.8299404486393862]}, "test": {"loss_history": [0.4202037751674652], "auc_history": [0.8383337774563173]}}