{"train": {"loss_history": [0.4950588345527649, 0.47088608145713806, 0.4675946533679962, 0.46582674980163574, 0.4645528197288513]}, "num_train": 35802, "dev": {"loss_history": [0.6953181028366089, 0.5802194476127625, 0.5190024375915527, 0.5092215538024902, 0.4883427023887634], "auc_history": [0.511488401789636, 0.8034701509421038, 0.8185070508729313, 0.8211437691102543, 0.8199709985368023]}, "test": {"loss_history": [0.4886932671070099], "auc_history": [0.825658706793486]}}