{"train": {"loss_history": [0.5890622138977051, 0.5732218623161316, 0.5691453218460083, 0.5652138590812683, 0.5629804730415344, 0.5611164569854736, 0.5599275827407837, 0.5586863160133362, 0.5574674010276794, 0.5568431615829468]}, "num_train": 78411, "dev": {"loss_history": [0.7254368662834167, 0.48519283533096313, 0.4731387794017792, 0.4584808051586151, 0.45339131355285645, 0.44697076082229614, 0.44473281502723694, 0.4412402808666229, 0.4407460391521454, 0.4386753737926483], "auc_history": [0.5916511609709953, 0.787402662854803, 0.7951079498907914, 0.808629403998807, 0.8131184310160913, 0.8165422461147014, 0.8169814804120752, 0.8186339838350779, 0.8184481154798715, 0.8209597131902535]}, "test": {"loss_history": [0.42982760071754456], "auc_history": [0.8248940111721813]}}