{"train": {"loss_history": [0.4921658933162689, 0.4652273654937744, 0.45731499791145325, 0.45267540216445923, 0.45083528757095337, 0.45011937618255615, 0.44935286045074463, 0.44895949959754944, 0.44874608516693115, 0.44802069664001465]}, "num_train": 33530, "dev": {"loss_history": [0.7289278507232666, 0.578079104423523, 0.5728837847709656, 0.5214943885803223, 0.49309608340263367, 0.4775233864784241, 0.47003263235092163, 0.467089980840683, 0.46575093269348145, 0.46055135130882263], "auc_history": [0.4644913319348833, 0.8103455301472973, 0.8113076207525581, 0.8137822197856428, 0.8199146255521366, 0.823845985006036, 0.8257804158501334, 0.8267992544266543, 0.8267113825680733, 0.8267084451730851]}, "test": {"loss_history": [0.4589950442314148], "auc_history": [0.8308354168961902]}}