{"train": {"loss_history": [0.5874612927436829, 0.5744937062263489, 0.5711038112640381, 0.5718535780906677, 0.5699754357337952]}, "num_train": 74778, "dev": {"loss_history": [0.6503885984420776, 0.5011332035064697, 0.4806045591831207, 0.49434781074523926, 0.47505202889442444], "auc_history": [0.3706694985654263, 0.7573193633327608, 0.7784714821445133, 0.7886761173288055, 0.7820157929354026]}, "test": {"loss_history": [0.48117926716804504], "auc_history": [0.7944710606635574]}}