{"train": {"loss_history": [0.5200121998786926, 0.49921777844429016, 0.49492403864860535, 0.4922533631324768, 0.49063411355018616]}, "num_train": 40889, "dev": {"loss_history": [0.6306610703468323, 0.6249582171440125, 0.5709068775177002, 0.5252930521965027, 0.49421533942222595], "auc_history": [0.44140340732818806, 0.7948259599719311, 0.8217415602392215, 0.8245113362197302, 0.8269246874424239]}, "test": {"loss_history": [0.5171411633491516], "auc_history": [0.8286325018463887]}}