{"train": {"loss_history": [0.5897002816200256, 0.5690997242927551, 0.561155378818512, 0.5574901700019836, 0.5561065077781677]}, "num_train": 65766, "dev": {"loss_history": [0.7773383855819702, 0.6664741635322571, 0.5724093914031982, 0.46465301513671875, 0.4367668926715851], "auc_history": [0.4087350752210609, 0.7951756974688154, 0.8079854270209841, 0.818414116695328, 0.8227775232035455]}, "test": {"loss_history": [0.432453989982605], "auc_history": [0.826783754228332]}}