{"train": {"loss_history": [0.5363345742225647, 0.5140700936317444, 0.506820797920227, 0.5038898587226868, 0.5029045343399048, 0.5019643306732178, 0.5010846257209778, 0.5006540417671204]}, "num_train": 44361, "dev": {"loss_history": [0.6874512434005737, 0.7026714086532593, 0.5708765983581543, 0.4614947438240051, 0.4497242271900177, 0.44466856122016907, 0.44452112913131714, 0.44190534949302673], "auc_history": [0.4023198045669867, 0.7912340258835746, 0.7906786082397554, 0.8179981940645622, 0.8189909085750184, 0.819074218096703, 0.8161437603605671, 0.8155590312646323]}, "test": {"loss_history": [0.4388040006160736], "auc_history": [0.815056508672926]}}