{"train": {"loss_history": [0.6019525527954102, 0.5853172540664673, 0.5818094611167908, 0.5799760818481445, 0.5775266885757446]}, "num_train": 87728, "dev": {"loss_history": [0.7186391949653625, 0.8241147994995117, 0.6903910040855408, 0.6501846313476562, 0.4955363869667053], "auc_history": [0.4419444504858951, 0.7728996813363922, 0.7644858571306076, 0.7764717411352543, 0.7798620574314469]}, "test": {"loss_history": [0.5916313529014587], "auc_history": [0.7832414346949683]}}