{"train": {"loss_history": [0.5457533001899719, 0.5344281792640686, 0.5296838879585266, 0.5286043882369995]}, "num_train": 49991, "dev": {"loss_history": [0.6080126166343689, 0.6271153688430786, 0.5624600648880005, 0.5599092841148376], "auc_history": [0.5965856095644582, 0.8058776273748214, 0.8208229055811255, 0.8201303053415842]}, "test": {"loss_history": [0.5636666417121887], "auc_history": [0.8239298851770697]}}