{"train": {"loss_history": [0.5907083749771118, 0.582831621170044, 0.5792291760444641, 0.5761817693710327, 0.5737751126289368]}, "num_train": 71945, "dev": {"loss_history": [0.7327558994293213, 0.7712346911430359, 0.7363736629486084, 0.7145782113075256, 0.6090171337127686], "auc_history": [0.3377432381792351, 0.7831720640987084, 0.7921910541698134, 0.8027118030530409, 0.8118517887985504]}, "test": {"loss_history": [0.6218969225883484], "auc_history": [0.806412336834331]}}