{"train": {"loss_history": [0.5845458507537842, 0.5824568867683411, 0.5823220014572144, 0.5823606252670288, 0.5824975967407227, 0.5827593803405762, 0.582941472530365]}, "num_train": 36631, "dev": {"loss_history": [0.7554948329925537, 0.6442716121673584, 0.6344179511070251, 0.6305497884750366, 0.6293249726295471, 0.6287340521812439, 0.6284934878349304], "auc_history": [0.4589219685396247, 0.5, 0.5, 0.5, 0.5, 0.5, 0.5]}, "test": {"loss_history": [0.6260984539985657], "auc_history": [0.5]}}