{"train": {"loss_history": [0.4955187439918518, 0.46868064999580383, 0.46478477120399475, 0.46324703097343445, 0.4621478021144867, 0.46114176511764526, 0.45944535732269287, 0.45849061012268066, 0.4576644003391266, 0.45676079392433167]}, "num_train": 35883, "dev": {"loss_history": [0.6616246700286865, 0.497625470161438, 0.4846257269382477, 0.4736441671848297, 0.4666893184185028, 0.45845451951026917, 0.4519701898097992, 0.44548457860946655, 0.44099149107933044, 0.44008564949035645], "auc_history": [0.612155427943451, 0.8125414516431038, 0.8157992101782361, 0.8206140380481398, 0.8221309838173285, 0.8239079202918497, 0.8238006116281343, 0.8258107272665003, 0.8272596754666021, 0.827140054743043]}, "test": {"loss_history": [0.4324846565723419], "auc_history": [0.8332200380090831]}}