{"train": {"loss_history": [0.659850001335144, 0.6226025819778442, 0.6121537089347839, 0.6134089231491089]}, "num_train": 5356, "dev": {"loss_history": [0.6728063821792603, 0.6159578561782837, 0.5347765684127808, 0.5380731821060181], "auc_history": [0.5505141861789435, 0.7360064315144207, 0.8040397949954778, 0.7995846313603323]}, "test": {"loss_history": [0.5744715332984924], "auc_history": [0.7901170854433442]}}