{"train": {"loss_history": [0.67392897605896, 0.6342652440071106, 0.5973815321922302, 0.5979568958282471, 0.5952272415161133, 0.5929453372955322, 0.5891138911247253, 0.5877779722213745, 0.5873745679855347, 0.5861290097236633]}, "num_train": 4082, "dev": {"loss_history": [0.6959197521209717, 0.6294107437133789, 0.5369821786880493, 0.545295238494873, 0.5271876454353333, 0.5160829424858093, 0.5022715330123901, 0.49610191583633423, 0.49563148617744446, 0.49042344093322754], "auc_history": [0.5295782668408535, 0.796837838743175, 0.8084279636887415, 0.8197166113958396, 0.8208052792014202, 0.8214919773557096, 0.8225303989548789, 0.8223796603356447, 0.8236023180249892, 0.8227983787224065]}, "test": {"loss_history": [0.5199958086013794], "auc_history": [0.831742089475212]}}