{"train": {"loss_history": [0.6754863262176514, 0.6683122515678406, 0.6429914832115173, 0.630760908126831, 0.6183544993400574, 0.6094713807106018, 0.6063215136528015, 0.602676272392273, 0.6028681397438049]}, "num_train": 4838, "dev": {"loss_history": [0.7749640941619873, 0.7003650665283203, 0.6505869030952454, 0.6739161014556885, 0.5853625535964966, 0.5828996300697327, 0.5597758889198303, 0.5341837406158447, 0.5235228538513184], "auc_history": [0.4577429404079993, 0.35323083107225406, 0.6551267879275114, 0.8273205372994339, 0.8240042876762804, 0.8271195524737882, 0.8282752152212507, 0.8270525575319063, 0.8273707835058453]}, "test": {"loss_history": [0.5405991673469543], "auc_history": [0.8272586523884786]}}