{"train": {"loss_history": [0.6750321388244629, 0.642029881477356, 0.6291838884353638, 0.6188965439796448, 0.617094099521637, 0.6163577437400818, 0.6143103837966919, 0.6115402579307556, 0.6106287240982056, 0.6082678437232971]}, "num_train": 7084, "dev": {"loss_history": [0.6856298446655273, 0.6065057516098022, 0.5587595105171204, 0.5311504602432251, 0.49398374557495117, 0.4893783628940582, 0.4888038635253906, 0.48746275901794434, 0.4861382246017456, 0.48580706119537354], "auc_history": [0.55322748132516, 0.7610541654105115, 0.8069373262318696, 0.8200767092084548, 0.8253441865139182, 0.8255702944427696, 0.8265333467323217, 0.8260978796100895, 0.8264914748936455, 0.8269520651190835]}, "test": {"loss_history": [0.5013577342033386], "auc_history": [0.8286133599974196]}}