{"train": {"loss_history": [0.6585981249809265, 0.602223813533783, 0.5575932860374451, 0.5486931204795837, 0.5460561513900757, 0.543448269367218, 0.5406909584999084]}, "num_train": 2790, "dev": {"loss_history": [0.700303852558136, 0.675059974193573, 0.5194579362869263, 0.5031511187553406, 0.49612709879875183, 0.49320247769355774, 0.48939841985702515], "auc_history": [0.6081298361973672, 0.7731551267879276, 0.8213914849428869, 0.8178742504940877, 0.8212072488527117, 0.8231668509027569, 0.8248082269788632]}, "test": {"loss_history": [0.5101854801177979], "auc_history": [0.8247105118859464]}}