{"train": {"loss_history": [0.6660497188568115, 0.6097065210342407, 0.5773798227310181, 0.5629086494445801, 0.5599175691604614, 0.5591251254081726]}, "num_train": 3231, "dev": {"loss_history": [0.7488042116165161, 0.698572039604187, 0.6074365377426147, 0.5222806930541992, 0.5045437216758728, 0.5003759264945984], "auc_history": [0.4839044652128764, 0.7436271061534855, 0.821935818845677, 0.8250259605399792, 0.8258633973135029, 0.8263156131712056]}, "test": {"loss_history": [0.5159257650375366], "auc_history": [0.8278634325710414]}}