{"train": {"loss_history": [0.6731501221656799, 0.6272640228271484, 0.6171160936355591, 0.6108905076980591, 0.6058176159858704, 0.6024207472801208, 0.5998326539993286, 0.5964274406433105, 0.5933442115783691, 0.5917817950248718]}, "num_train": 4302, "dev": {"loss_history": [0.6831052899360657, 0.6444301009178162, 0.6581130623817444, 0.6184085607528687, 0.6124166250228882, 0.5824010968208313, 0.5712312459945679, 0.5532361268997192, 0.528976559638977, 0.5165237784385681], "auc_history": [0.3241801493987204, 0.6614996817740262, 0.8103373195323753, 0.8177570093457944, 0.8189796670351388, 0.8212323719559174, 0.8232924664187853, 0.8250594580109201, 0.8244230060630422, 0.8247663551401869]}, "test": {"loss_history": [0.5227004289627075], "auc_history": [0.8250491887881818]}}