{"train": {"loss_history": [0.5179703235626221, 0.5130950212478638, 0.5113122463226318, 0.5106180310249329, 0.5100359916687012]}, "num_train": 163701, "dev": {"loss_history": [0.754796028137207, 0.593281626701355, 0.5633268356323242, 0.513275682926178, 0.48716047406196594], "auc_history": [0.41536153265730513, 0.8267946883003562, 0.8299520784898134, 0.8320599195546972, 0.8324362524390514]}, "test": {"loss_history": [0.5044679045677185], "auc_history": [0.8401830972924802]}}