{"train": {"loss_history": [0.5816085338592529, 0.5781385898590088, 0.5759758353233337, 0.5753476023674011]}, "num_train": 261830, "dev": {"loss_history": [0.7205336689949036, 0.5226449966430664, 0.48273855447769165, 0.4736773669719696], "auc_history": [0.4222956929599791, 0.786837106110894, 0.8165798090589766, 0.8232328845976299]}, "test": {"loss_history": [0.4895199239253998], "auc_history": [0.8359627888155348]}}