{"train": {"loss_history": [0.603266179561615, 0.5981719493865967, 0.5949995517730713, 0.5940214991569519, 0.5923932194709778]}, "num_train": 338787, "dev": {"loss_history": [0.6895723938941956, 0.5228528380393982, 0.642536997795105, 0.6890687942504883, 0.6572621464729309], "auc_history": [0.33023845103831495, 0.8093070686455324, 0.8125458091163814, 0.7990828896386729, 0.8225866415629989]}, "test": {"loss_history": [0.681693971157074], "auc_history": [0.8191131157912239]}}