{"train": {"loss_history": [0.5078839659690857, 0.5025631189346313, 0.5007893443107605, 0.4996136426925659]}, "num_train": 154566, "dev": {"loss_history": [0.6870394349098206, 0.5628319978713989, 0.5205109119415283, 0.4946088194847107], "auc_history": [0.4950833318567689, 0.8288285360013868, 0.8279314615832647, 0.8302066207128728]}, "test": {"loss_history": [0.5013372302055359], "auc_history": [0.8355562971074927]}}