{"train": {"loss_history": [0.5595568418502808, 0.5546162724494934, 0.5534905195236206, 0.5531326532363892]}, "num_train": 214578, "dev": {"loss_history": [0.6452340483665466, 0.6272878646850586, 0.4682183563709259, 0.47483980655670166], "auc_history": [0.609778618564653, 0.8097328113911196, 0.8247476713283619, 0.8239448736066024]}, "test": {"loss_history": [0.539703905582428], "auc_history": [0.8316770852007452]}}