{"train": {"loss_history": [0.5041481852531433, 0.49739962816238403, 0.4960779845714569, 0.4951780140399933, 0.4943699836730957, 0.493786096572876]}, "num_train": 150225, "dev": {"loss_history": [0.7037466764450073, 0.5024712085723877, 0.48097026348114014, 0.5162023305892944, 0.482931911945343, 0.4759867787361145], "auc_history": [0.6529955192227448, 0.8316478674109381, 0.8332742739939907, 0.8344258258735744, 0.8339205623617405, 0.833305932701198]}, "test": {"loss_history": [0.49511146545410156], "auc_history": [0.8388479173324397]}}