{"train": {"loss_history": [0.4792838990688324, 0.4714391529560089, 0.4687279760837555, 0.4674566686153412, 0.46664300560951233]}, "num_train": 131303, "dev": {"loss_history": [0.7283033728599548, 0.5101599097251892, 0.4843401610851288, 0.4893174469470978, 0.47491076588630676], "auc_history": [0.2603909563122404, 0.8230316670744058, 0.824653433488958, 0.8259073313600216, 0.8285197235591606]}, "test": {"loss_history": [0.47736436128616333], "auc_history": [0.8343309177143661]}}