{"train": {"loss_history": [0.4975375831127167, 0.48877161741256714, 0.48718568682670593, 0.486372172832489, 0.4853639602661133, 0.4847191870212555, 0.48454779386520386]}, "num_train": 143113, "dev": {"loss_history": [0.662582516670227, 0.5065730810165405, 0.487123042345047, 0.49830782413482666, 0.4929421544075012, 0.47752851247787476, 0.47004759311676025], "auc_history": [0.44233479329289516, 0.8331197981541597, 0.8344760905879016, 0.8335036110030889, 0.8343567511530932, 0.8344242230240226, 0.8338931228726463]}, "test": {"loss_history": [0.4811043441295624], "auc_history": [0.8400800453894739]}}