{"train": {"loss_history": [0.5362359881401062, 0.5318692326545715, 0.5301470756530762, 0.5297341346740723]}, "num_train": 183693, "dev": {"loss_history": [0.7302096486091614, 0.5579347014427185, 0.48669829964637756, 0.4652886390686035], "auc_history": [0.7007884743991186, 0.8116715955423712, 0.8189471757518898, 0.8281591180288932]}, "test": {"loss_history": [0.4650629758834839], "auc_history": [0.833808633483246]}}