{"train": {"loss_history": [0.5084090828895569, 0.5019447803497314, 0.5001097917556763, 0.4996412694454193, 0.4988628923892975, 0.49858272075653076]}, "num_train": 153525, "dev": {"loss_history": [0.7144727110862732, 0.5185558795928955, 0.4926476776599884, 0.4837934672832489, 0.47273892164230347, 0.4679920971393585], "auc_history": [0.43157594900868645, 0.8275420209514649, 0.830821829989718, 0.8321369016663004, 0.8326626557477576, 0.8332441598508971]}, "test": {"loss_history": [0.4637243449687958], "auc_history": [0.8384051393771224]}}