{"train": {"loss_history": [0.4292932450771332, 0.38925349712371826, 0.38555556535720825, 0.3848494291305542, 0.38389429450035095]}, "num_train": 26057, "dev": {"loss_history": [0.7201010584831238, 0.4225338101387024, 0.41503673791885376, 0.413542240858078, 0.41131576895713806], "auc_history": [0.4148285162797525, 0.8320564497504226, 0.8336336935089356, 0.8354606814288368, 0.8378460493078244]}, "test": {"loss_history": [0.42701300978660583], "auc_history": [0.828589113271384]}}