{"train": {"loss_history": [0.42596715688705444, 0.38963890075683594, 0.38668835163116455, 0.38507339358329773]}, "num_train": 25989, "dev": {"loss_history": [0.8256990909576416, 0.4199143946170807, 0.4143833518028259, 0.41164204478263855], "auc_history": [0.3474371745563497, 0.8340901357663919, 0.8354860215119984, 0.836567112857417]}, "test": {"loss_history": [0.4245401620864868], "auc_history": [0.831251138773879]}}