{"train": {"loss_history": [0.5138605237007141, 0.5099802613258362]}, "num_train": 26498, "dev": {"loss_history": [0.7277305722236633, 0.5667665004730225], "auc_history": [0.4014178385973989, 0.5]}, "test": {"loss_history": [0.5776926875114441], "auc_history": [0.5]}}