{"train": {"loss_history": [0.4345538318157196, 0.4059220254421234]}, "num_train": 27282, "dev": {"loss_history": [0.6516612768173218, 0.4145180284976959], "auc_history": [0.5010177090614598, 0.8360399749755452]}, "test": {"loss_history": [0.42512616515159607], "auc_history": [0.8324650339795026]}}