{"train": {"loss_history": [0.45265549421310425, 0.4223073124885559, 0.41942811012268066, 0.4180721938610077]}, "num_train": 29326, "dev": {"loss_history": [0.7576926946640015, 0.41630831360816956, 0.41218599677085876, 0.40929314494132996], "auc_history": [0.5530276203057336, 0.8358987761830419, 0.8375270208684245, 0.8393867263640534]}, "test": {"loss_history": [0.4233592450618744], "auc_history": [0.8365709115123621]}}