{"train": {"loss_history": [0.4382206201553345, 0.4148268699645996, 0.41235628724098206, 0.4119117558002472]}, "num_train": 28393, "dev": {"loss_history": [0.7023057341575623, 0.41534850001335144, 0.41142508387565613, 0.4122809171676636], "auc_history": [0.5708618425306929, 0.8368500878114071, 0.8386228671989753, 0.8383067897566018]}, "test": {"loss_history": [0.42371809482574463], "auc_history": [0.8333622116322543]}}