{"train": {"loss_history": [0.44366368651390076, 0.41290557384490967, 0.4068492650985718, 0.4042859673500061, 0.4026985466480255]}, "num_train": 27874, "dev": {"loss_history": [0.6071562170982361, 0.42066001892089844, 0.41355496644973755, 0.4133409857749939, 0.41233164072036743], "auc_history": [0.3991862433243315, 0.8346489006381337, 0.839642949888478, 0.8396093341832205, 0.8403239886804887]}, "test": {"loss_history": [0.42456477880477905], "auc_history": [0.8335257924104559]}}