{"train": {"loss_history": [0.4136149287223816, 0.3870084285736084, 0.3846053183078766, 0.3828229010105133, 0.38186177611351013]}, "num_train": 25837, "dev": {"loss_history": [0.6427979469299316, 0.4144602119922638, 0.41679149866104126, 0.4173758924007416, 0.41028010845184326], "auc_history": [0.4865596198910543, 0.835842258174775, 0.8352679043404804, 0.8366259403416177, 0.8382189013669018]}, "test": {"loss_history": [0.425089031457901], "auc_history": [0.8325799180183473]}}