{"train": {"loss_history": [0.429937481880188, 0.39969852566719055, 0.39471670985221863, 0.39282479882240295, 0.39105749130249023]}, "num_train": 26560, "dev": {"loss_history": [0.7238775491714478, 0.4223948121070862, 0.420970618724823, 0.4182647168636322, 0.41620156168937683], "auc_history": [0.3735706268533544, 0.8274647625294201, 0.834050233154426, 0.8352199827148555, 0.8356861119408117]}, "test": {"loss_history": [0.4257664680480957], "auc_history": [0.8328832345305432]}}