{"train": {"loss_history": [0.44195953011512756, 0.4100914001464844, 0.4041935205459595, 0.4025959372520447, 0.40158751606941223, 0.40108242630958557]}, "num_train": 27529, "dev": {"loss_history": [0.6743991374969482, 0.4233004152774811, 0.41291579604148865, 0.41180935502052307, 0.4109976589679718, 0.4100809395313263], "auc_history": [0.4351488893473626, 0.8318222303994778, 0.8376782273899739, 0.8396240891683526, 0.8398167379524906, 0.8401867673187601]}, "test": {"loss_history": [0.4239887297153473], "auc_history": [0.8346000147977688]}}