{"train": {"loss_history": [0.4324096441268921, 0.39525312185287476, 0.3921620547771454, 0.3906785547733307, 0.3897380828857422]}, "num_train": 26611, "dev": {"loss_history": [0.6905016899108887, 0.42236050963401794, 0.4191153347492218, 0.41679471731185913, 0.4118334949016571], "auc_history": [0.6205991011519667, 0.83771460163593, 0.8375920711072243, 0.8381575077983304, 0.8384555584979989]}, "test": {"loss_history": [0.42608940601348877], "auc_history": [0.8331533315616276]}}