{"train": {"loss_history": [0.43292853236198425, 0.3909565210342407, 0.386324018239975, 0.38454124331474304, 0.38307809829711914, 0.38198336958885193, 0.3811904489994049]}, "num_train": 25943, "dev": {"loss_history": [0.6911044120788574, 0.42129063606262207, 0.4141642153263092, 0.41302207112312317, 0.4118712246417999, 0.4111003577709198, 0.4098733961582184], "auc_history": [0.5365103125798694, 0.8309718300389942, 0.8365819319946585, 0.8373609952096337, 0.838006557885218, 0.838605225368926, 0.8392751658460329]}, "test": {"loss_history": [0.4209804832935333], "auc_history": [0.8341541942614856]}}