{"train": {"loss_history": [0.45711567997932434, 0.4226287305355072, 0.4192657768726349, 0.41676202416419983, 0.41523897647857666]}, "num_train": 29174, "dev": {"loss_history": [0.8173200488090515, 0.42109549045562744, 0.42088842391967773, 0.41975682973861694, 0.4127463400363922], "auc_history": [0.5716596381615751, 0.8341472311436422, 0.8358045367345243, 0.8381484623509233, 0.8405236300445369]}, "test": {"loss_history": [0.42838993668556213], "auc_history": [0.8326684403856279]}}