{"train": {"loss_history": [0.42661285400390625, 0.39449331164360046, 0.3891647756099701, 0.3878660798072815, 0.38687241077423096, 0.3860948085784912, 0.3857070505619049]}, "num_train": 26244, "dev": {"loss_history": [0.742863655090332, 0.42215195298194885, 0.423615038394928, 0.41635340452194214, 0.4162726402282715, 0.4151536524295807, 0.41166189312934875], "auc_history": [0.6739862940301586, 0.8315792863616722, 0.8364168686175066, 0.8382215316033819, 0.8386521847129116, 0.8385253559928848, 0.8390301689407307]}, "test": {"loss_history": [0.424142450094223], "auc_history": [0.8338745340464448]}}