{"train": {"loss_history": [0.4436913728713989, 0.4038087725639343, 0.3986203670501709, 0.3964826762676239, 0.39512956142425537, 0.39485403895378113]}, "num_train": 26993, "dev": {"loss_history": [0.7653912305831909, 0.4246818721294403, 0.4174931049346924, 0.41387268900871277, 0.4131324887275696, 0.4110221862792969], "auc_history": [0.6483348806822089, 0.8261695955953676, 0.8326300337594059, 0.8346100244599162, 0.8358698435817611, 0.8384623586215816]}, "test": {"loss_history": [0.42448294162750244], "auc_history": [0.8320294057840151]}}