{"train": {"loss_history": [0.43808087706565857, 0.3990011215209961, 0.39632973074913025, 0.39504683017730713]}, "num_train": 26962, "dev": {"loss_history": [0.8009364604949951, 0.4155181050300598, 0.4141593873500824, 0.41567566990852356], "auc_history": [0.48967170286385275, 0.8352907424913806, 0.8370764164529119, 0.8367264666968438]}, "test": {"loss_history": [0.42455315589904785], "auc_history": [0.8308319944875794]}}