{"train": {"loss_history": [0.44690772891044617, 0.41056525707244873, 0.40525704622268677, 0.40346235036849976, 0.4020971357822418, 0.40087834000587463, 0.4004831612110138]}, "num_train": 27738, "dev": {"loss_history": [0.7624324560165405, 0.4202538728713989, 0.41740790009498596, 0.4157073199748993, 0.4132888913154602, 0.41037070751190186, 0.4083699882030487], "auc_history": [0.5173380056597556, 0.8337886208528228, 0.8384365053215457, 0.8392083193481735, 0.8398268098336459, 0.8406748365660863, 0.841178879688621]}, "test": {"loss_history": [0.4206041693687439], "auc_history": [0.8365877729156537]}}