{"train": {"loss_history": [0.4345850348472595, 0.3966538906097412, 0.3920903205871582, 0.3899381160736084, 0.38847795128822327, 0.3878384530544281]}, "num_train": 26498, "dev": {"loss_history": [0.7251551151275635, 0.42035040259361267, 0.4145292341709137, 0.4131101369857788, 0.41286444664001465, 0.41136980056762695], "auc_history": [0.4510219815919372, 0.8345431138099475, 0.8367819582713624, 0.8382743929414205, 0.8392361613635967, 0.8392682374182316]}, "test": {"loss_history": [0.42266184091567993], "auc_history": [0.8347625889250276]}}