{"train": {"loss_history": [0.4509035646915436, 0.41865333914756775, 0.41380882263183594, 0.4131764769554138]}, "num_train": 28825, "dev": {"loss_history": [0.6463653445243835, 0.42236271500587463, 0.41709616780281067, 0.41424795985221863], "auc_history": [0.37882994507553014, 0.8301530566683808, 0.8388481694067315, 0.8392808112316485]}, "test": {"loss_history": [0.4268443286418915], "auc_history": [0.8347988283589677]}}