{"train": {"loss_history": [0.47877582907676697, 0.4493105709552765, 0.445143461227417, 0.4430546164512634, 0.44151535630226135, 0.4403907358646393, 0.4396587014198303]}, "dev": {"loss_history": [0.6273518204689026, 0.4489310681819916, 0.4424733519554138, 0.4407813251018524, 0.43917953968048096, 0.4360845685005188, 0.43494346737861633], "auc_history": [0.5972614985435084, 0.8007150212643157, 0.8049834539686639, 0.8051492730869164, 0.8069458604423244, 0.8115534919148443, 0.811931454425884]}, "test": {"loss_history": [0.4325634837150574], "auc_history": [0.8189698884616848]}}