{"train": {"loss_history": [0.5723527073860168, 0.5571690201759338, 0.5507068037986755, 0.5480330586433411, 0.5463481545448303]}, "num_train": 65919, "dev": {"loss_history": [0.7390729784965515, 0.6588613986968994, 0.6126483082771301, 0.5323321223258972, 0.48423388600349426], "auc_history": [0.5908353151374839, 0.7592085457944878, 0.7953726279285516, 0.8084795343566468, 0.8228156468406255]}, "test": {"loss_history": [0.5157594680786133], "auc_history": [0.8155034418316174]}}