{"train": {"loss_history": [0.5469503402709961, 0.5166400074958801, 0.5119029879570007, 0.5104826092720032, 0.5094859600067139]}, "num_train": 44816, "dev": {"loss_history": [0.7664723992347717, 0.5127713680267334, 0.4877338111400604, 0.48068732023239136, 0.4766772389411926], "auc_history": [0.40027019034069533, 0.7817784264212554, 0.7966100211917424, 0.8035930215494796, 0.8041690634559815]}, "test": {"loss_history": [0.47180837392807007], "auc_history": [0.8123953755615673]}}