{"train": {"loss_history": [0.5301312804222107, 0.5009612441062927, 0.4961546063423157, 0.4947052597999573, 0.4933649003505707, 0.4912507236003876, 0.48984333872795105, 0.4882528483867645, 0.48750752210617065, 0.48697587847709656]}, "num_train": 40872, "dev": {"loss_history": [0.7125898003578186, 0.5802046656608582, 0.5487887859344482, 0.5440360903739929, 0.5300889611244202, 0.5143341422080994, 0.48285043239593506, 0.46195995807647705, 0.45467638969421387, 0.44797074794769287], "auc_history": [0.49733922012288057, 0.8140813340923063, 0.8249023222419799, 0.8273389851312817, 0.8276502865022576, 0.8274406689960834, 0.8268822514595102, 0.8293827870653624, 0.8276881601482746, 0.8292169804929473]}, "test": {"loss_history": [0.44059211015701294], "auc_history": [0.8361001747438519]}}