{"train": {"loss_history": [0.5103998780250549, 0.4951953887939453, 0.4920816719532013]}, "num_train": 40043, "dev": {"loss_history": [0.6228787899017334, 0.5728480815887451, 0.4891907870769501], "auc_history": [0.5798705196289232, 0.8058039425090553, 0.821420196727967]}, "test": {"loss_history": [0.504962682723999], "auc_history": [0.8247723637446802]}}