{"train": {"loss_history": [0.5607727766036987, 0.5391108989715576, 0.5351672172546387, 0.5324662923812866]}, "num_train": 56901, "dev": {"loss_history": [0.7562155723571777, 0.5795748829841614, 0.48873376846313477, 0.44671952724456787], "auc_history": [0.3675354856063896, 0.7928422183906925, 0.8187292304300122, 0.8259557220829356]}, "test": {"loss_history": [0.49366697669029236], "auc_history": [0.8168951190053576]}}