{"train": {"loss_history": [0.4839857518672943, 0.4481765925884247, 0.44469475746154785, 0.4430411159992218, 0.44216275215148926, 0.4412221610546112, 0.44065356254577637, 0.4398742914199829, 0.43932467699050903]}, "num_train": 32557, "dev": {"loss_history": [0.7119929194450378, 0.47584009170532227, 0.46216079592704773, 0.45529985427856445, 0.44823789596557617, 0.4452544152736664, 0.4431472718715668, 0.44040122628211975, 0.4382883608341217], "auc_history": [0.4671062384519754, 0.8065160420514967, 0.8143851982291632, 0.8175198986636227, 0.8204294196482476, 0.8214730073399876, 0.8225617809163323, 0.8244950243028811, 0.8247757642664275]}, "test": {"loss_history": [0.4322147071361542], "auc_history": [0.831576968903143]}}