{"train": {"loss_history": [0.6473608016967773, 0.5468407869338989, 0.5188855528831482]}, "dev": {"loss_history": [0.6974334716796875, 0.6228808164596558, 0.5212931632995605], "auc_history": [0.3239222781623663, 0.8008259911894273, 0.8304200755191944]}, "test": {"loss_history": [0.5214220285415649], "auc_history": [0.7753124464988872]}}