{"train": {"loss_history": [0.6333191990852356, 0.5280377864837646, 0.4563606083393097, 0.44257551431655884, 0.4410718083381653]}, "num_train": 1634, "dev": {"loss_history": [0.7237519025802612, 0.6202159523963928, 0.5065388083457947, 0.5132557153701782, 0.5041559338569641], "auc_history": [0.566497461928934, 0.7962665793351891, 0.827198297036188, 0.8281807761585066, 0.8282626494186998]}, "test": {"loss_history": [0.5227882862091064], "auc_history": [0.7947542186353632]}}