{"train": {"loss_history": [0.6405004858970642, 0.5673865675926208, 0.4818514287471771, 0.46110445261001587, 0.4596680998802185, 0.4590066373348236, 0.4586074650287628, 0.4585476219654083, 0.4584326148033142]}, "num_train": 1883, "dev": {"loss_history": [0.697951078414917, 0.6135110259056091, 0.5437150597572327, 0.4959251880645752, 0.4951246380805969, 0.49373897910118103, 0.4923083186149597, 0.49196627736091614, 0.4913746118545532], "auc_history": [0.6444571802849189, 0.7697396430325856, 0.8283117733748157, 0.8272474209923039, 0.8274275421647289, 0.8277550352055019, 0.8280334042901589, 0.828066153594236, 0.8280825282462747]}, "test": {"loss_history": [0.5154451131820679], "auc_history": [0.7951877542853332]}}