{"train": {"loss_history": [0.6804172396659851, 0.5735864043235779, 0.47200027108192444, 0.44442829489707947]}, "num_train": 1700, "dev": {"loss_history": [0.7847944498062134, 0.6708426475524902, 0.5429803729057312, 0.4905688762664795], "auc_history": [0.5618961847060749, 0.7166530211233011, 0.8139675781889635, 0.8303913541837236]}, "test": {"loss_history": [0.5207507610321045], "auc_history": [0.7936703795104382]}}