{"train": {"loss_history": [0.6189189553260803, 0.5000776648521423, 0.43991619348526, 0.43707531690597534]}, "num_train": 1636, "dev": {"loss_history": [0.7168031930923462, 0.6047157049179077, 0.5086948871612549, 0.5040061473846436], "auc_history": [0.6503766169968889, 0.7985426559685607, 0.8267725560831831, 0.8269690519076469]}, "test": {"loss_history": [0.5284761190414429], "auc_history": [0.7919695858067097]}}