{"train": {"loss_history": [0.6181606650352478, 0.5531139969825745, 0.48128044605255127, 0.44743406772613525]}, "num_train": 1642, "dev": {"loss_history": [0.6703730821609497, 0.6483771204948425, 0.5522289276123047, 0.5115033388137817], "auc_history": [0.24263959390862944, 0.7817258883248731, 0.8098739151793024, 0.8280497789421974]}, "test": {"loss_history": [0.530686616897583], "auc_history": [0.7934452744614153]}}