{"train": {"loss_history": [0.6508486866950989, 0.5651126503944397, 0.4564708173274994, 0.4493699073791504, 0.4482060372829437]}, "num_train": 1770, "dev": {"loss_history": [0.6836541295051575, 0.6679549217224121, 0.5220959186553955, 0.49892961978912354, 0.4925056993961334], "auc_history": [0.2949074832159817, 0.7905354511216636, 0.8271491730800721, 0.8265433109546422, 0.8284918945472408]}, "test": {"loss_history": [0.5154271125793457], "auc_history": [0.7956046154872274]}}