{"train": {"loss_history": [0.6622928380966187, 0.5519087314605713, 0.47577860951423645, 0.45523375272750854]}, "num_train": 1634, "dev": {"loss_history": [0.7506678700447083, 0.6433204412460327, 0.5508411526679993, 0.4974651336669922], "auc_history": [0.7017684624201738, 0.760602587195022, 0.8101522842639595, 0.8253315867037825]}, "test": {"loss_history": [0.5218954086303711], "auc_history": [0.7908690722337091]}}