{"train": {"loss_history": [0.6230576038360596, 0.48903900384902954, 0.44661152362823486, 0.44969305396080017]}, "num_train": 1634, "dev": {"loss_history": [0.6721861958503723, 0.5924513339996338, 0.5182962417602539, 0.5014024376869202], "auc_history": [0.623055510070411, 0.8019158342885213, 0.8224005239888652, 0.8261175700016374]}, "test": {"loss_history": [0.5219410061836243], "auc_history": [0.7943373574334689]}}