{"train": {"loss_history": [0.5834736227989197, 0.45359164476394653, 0.4366530776023865, 0.43631166219711304, 0.43702152371406555]}, "num_train": 1657, "dev": {"loss_history": [0.6712750196456909, 0.5564404726028442, 0.5121361017227173, 0.501446545124054, 0.4949638247489929], "auc_history": [0.41573604060913705, 0.8092844277059114, 0.8268871786474536, 0.8266251842148353, 0.8280006549860816]}, "test": {"loss_history": [0.5219268202781677], "auc_history": [0.7893016741145868]}}