{"train": {"loss_history": [0.6060800552368164, 0.4917934834957123, 0.43960773944854736, 0.43711531162261963]}, "num_train": 1660, "dev": {"loss_history": [0.6754379272460938, 0.6139612197875977, 0.5139248371124268, 0.49251705408096313], "auc_history": [0.6453086621909284, 0.8023088259374489, 0.825904699525135, 0.8271655477321106]}, "test": {"loss_history": [0.517858624458313], "auc_history": [0.7917361435336491]}}