{"train": {"loss_history": [0.6205035448074341, 0.5339145660400391, 0.495106041431427, 0.47557780146598816, 0.4638417959213257, 0.45679086446762085, 0.4518175423145294, 0.4488833546638489, 0.4462837874889374, 0.44443008303642273]}, "num_train": 1642, "dev": {"loss_history": [0.6775555610656738, 0.644953727722168, 0.5499796271324158, 0.5316659212112427, 0.5211394429206848, 0.5151710510253906, 0.510337233543396, 0.5075468420982361, 0.506601095199585, 0.5048865675926208], "auc_history": [0.4622236777468479, 0.8112330112985098, 0.8272883576224005, 0.8280661535942361, 0.8260848206975602, 0.8230882593744884, 0.8217209759292614, 0.8212952349762568, 0.8214426068446046, 0.8216800392991649]}, "test": {"loss_history": [0.5279895663261414], "auc_history": [0.785683318882145]}}