{"train": {"loss_history": [0.6206568479537964, 0.536692202091217, 0.48789894580841064, 0.47042667865753174, 0.45685523748397827, 0.451616495847702, 0.44831639528274536, 0.4446265399456024, 0.4430505931377411]}, "num_train": 1712, "dev": {"loss_history": [0.7018051743507385, 0.6043142080307007, 0.538874089717865, 0.5167673826217651, 0.5077750086784363, 0.5024212002754211, 0.5011664032936096, 0.49977928400039673, 0.49858757853507996], "auc_history": [0.7035942361224825, 0.7918945472408712, 0.8198133289667594, 0.8237104961519568, 0.8257409530047486, 0.8245947273620435, 0.8241853610610774, 0.8239397412804979, 0.8240298018667103]}, "test": {"loss_history": [0.5254069566726685], "auc_history": [0.793687053958514]}}