{"train": {"loss_history": [0.6230782866477966, 0.5398391485214233, 0.4957725703716278, 0.475389689207077, 0.46300092339515686, 0.455415278673172, 0.4506279528141022, 0.447281152009964, 0.44474485516548157, 0.4429539442062378]}, "num_train": 1660, "dev": {"loss_history": [0.6753513216972351, 0.6509246230125427, 0.5582315921783447, 0.5340063571929932, 0.5213590860366821, 0.5145740509033203, 0.5100875496864319, 0.5075836181640625, 0.5065926313400269, 0.505048394203186], "auc_history": [0.4991485180939905, 0.7716718519731456, 0.8224332732929426, 0.8279105943998689, 0.8250695922711642, 0.8234485017193384, 0.82246602259702, 0.8219584083838218, 0.8209595546094645, 0.8210905518257736]}, "test": {"loss_history": [0.530241847038269], "auc_history": [0.7847745614620156]}}