{"train": {"loss_history": [0.6269693374633789, 0.5093792676925659, 0.44566723704338074, 0.4422806203365326]}, "num_train": 1645, "dev": {"loss_history": [0.6943341493606567, 0.6368805766105652, 0.49785351753234863, 0.49361366033554077], "auc_history": [0.5592025544457181, 0.8110856394301622, 0.8299001146225643, 0.8275094154249223]}, "test": {"loss_history": [0.5259301066398621], "auc_history": [0.7928700060028013]}}