{"train": {"loss_history": [0.625855028629303, 0.511813223361969, 0.45243120193481445, 0.4490796625614166, 0.44614607095718384]}, "num_train": 1634, "dev": {"loss_history": [0.6698140501976013, 0.6065157651901245, 0.5027264952659607, 0.4994797110557556, 0.4978172779083252], "auc_history": [0.39670869494023253, 0.7937121336171606, 0.8303749795316849, 0.8285246438513181, 0.8280006549860814]}, "test": {"loss_history": [0.5196556448936462], "auc_history": [0.795054358700727]}}