{"train": {"loss_history": [0.6376621723175049, 0.5552681088447571, 0.5079957246780396, 0.4921867549419403, 0.4845447838306427, 0.4804101288318634, 0.4772382080554962, 0.4749736487865448, 0.4731024503707886, 0.4712177515029907]}, "num_train": 1950, "dev": {"loss_history": [0.7304134368896484, 0.5932148694992065, 0.5344874858856201, 0.517769992351532, 0.5100409984588623, 0.5068967342376709, 0.5026304721832275, 0.5000686645507812, 0.4974841773509979, 0.49498993158340454], "auc_history": [0.6527100049123955, 0.7948583592598657, 0.8272310463402652, 0.8284755198952022, 0.826739806779106, 0.8256918290486327, 0.8261503193057147, 0.8255853938103814, 0.8258719502210579, 0.8273620435565744]}, "test": {"loss_history": [0.5160762071609497], "auc_history": [0.8002567865003668]}}