{"train": {"loss_history": [0.6158190965652466, 0.545849084854126, 0.504194974899292, 0.4861021935939789, 0.47529086470603943, 0.4681626260280609, 0.46476784348487854, 0.4621090888977051, 0.46041685342788696, 0.45894095301628113]}, "num_train": 1809, "dev": {"loss_history": [0.665947437286377, 0.5907540321350098, 0.5381778478622437, 0.5195037126541138, 0.5105830430984497, 0.5057872533798218, 0.5036604404449463, 0.5017516613006592, 0.5008555054664612, 0.5003561973571777], "auc_history": [0.7006058621254299, 0.7807434092025545, 0.8267807434092026, 0.8289340101522842, 0.826739806779106, 0.8242426723432127, 0.8226133944653675, 0.8216309153430489, 0.8215654167348944, 0.8214999181267397]}, "test": {"loss_history": [0.5254668593406677], "auc_history": [0.7880344160608284]}}