{"train": {"loss_history": [0.6290620565414429, 0.5439167022705078, 0.4542248845100403, 0.44415804743766785, 0.4433789551258087]}, "num_train": 1754, "dev": {"loss_history": [0.6732291579246521, 0.61436527967453, 0.5125744342803955, 0.4931173622608185, 0.48790431022644043], "auc_history": [0.48850499426887184, 0.7912723104634026, 0.8226297691174063, 0.8310299656132307, 0.8306205993122645]}, "test": {"loss_history": [0.5120755434036255], "auc_history": [0.7957546855199092]}}