{"train": {"loss_history": [0.6433853507041931, 0.5590851902961731, 0.49717092514038086, 0.48305463790893555, 0.4791252911090851, 0.4762744605541229]}, "num_train": 2089, "dev": {"loss_history": [0.7276577353477478, 0.5855680108070374, 0.5084290504455566, 0.5119118094444275, 0.4958394169807434, 0.4925272464752197], "auc_history": [0.33561486818405106, 0.7849680694285246, 0.8265105616505648, 0.8277714098575404, 0.8273456689045358, 0.8282790240707385]}, "test": {"loss_history": [0.5094478726387024], "auc_history": [0.7970886413659708]}}