{"train": {"loss_history": [0.6241181492805481, 0.547908365726471, 0.49522319436073303, 0.4554717540740967, 0.4463907480239868, 0.4439721405506134, 0.4440329968929291]}, "num_train": 1720, "dev": {"loss_history": [0.7014889717102051, 0.6818802952766418, 0.6051591634750366, 0.5474414825439453, 0.5201226472854614, 0.5174157023429871, 0.5159094333648682], "auc_history": [0.3548064820641913, 0.7462319068596602, 0.778909691629956, 0.814104782882316, 0.8185808684707364, 0.8173143486469477, 0.8194540591567023]}, "test": {"loss_history": [0.5073770880699158], "auc_history": [0.7972949837356617]}}