{"train": {"loss_history": [0.6359158754348755, 0.5497464537620544, 0.4929320514202118, 0.4803437292575836]}, "num_train": 1976, "dev": {"loss_history": [0.7054970860481262, 0.652510941028595, 0.5705209374427795, 0.528904914855957], "auc_history": [0.6636799874134676, 0.7728209565764632, 0.8175188797986154, 0.8248820012586533]}, "test": {"loss_history": [0.5065320134162903], "auc_history": [0.7921759972607431]}}