{"train": {"loss_history": [0.6096988916397095, 0.5035008788108826, 0.4786934554576874, 0.4649801254272461, 0.45682698488235474, 0.45001447200775146, 0.4456692337989807, 0.44274407625198364, 0.44062167406082153, 0.43925994634628296]}, "num_train": 1647, "dev": {"loss_history": [0.7137776613235474, 0.6379609107971191, 0.6041650176048279, 0.5642192363739014, 0.5512012243270874, 0.5408554673194885, 0.5372095108032227, 0.531990647315979, 0.5274628400802612, 0.5247101783752441], "auc_history": [0.47123190685966015, 0.7768801132787917, 0.8261563876651983, 0.828909691629956, 0.8272183763373191, 0.8246066708621775, 0.8247640025173064, 0.8243077407174324, 0.8237098804279421, 0.8231906859660163]}, "test": {"loss_history": [0.5185890793800354], "auc_history": [0.789839068652628]}}