{"train": {"loss_history": [0.6538921594619751, 0.6324701309204102, 0.6324604749679565, 0.6324619650840759]}, "num_train": 1777, "dev": {"loss_history": [0.6962264180183411, 0.7120026350021362, 0.7194907069206238, 0.7190159559249878], "auc_history": [0.6901431718061676, 0.5, 0.5, 0.5]}, "test": {"loss_history": [0.6473258137702942], "auc_history": [0.5]}}