{"train": {"loss_history": [0.6144081950187683, 0.5390578508377075, 0.501319169998169, 0.4843783974647522, 0.47326838970184326, 0.4659693241119385, 0.46093451976776123, 0.4572502076625824, 0.45464396476745605, 0.4529445767402649]}, "num_train": 1721, "dev": {"loss_history": [0.6876838803291321, 0.6823298931121826, 0.5925008058547974, 0.5662683248519897, 0.5471546053886414, 0.5370674133300781, 0.5308830738067627, 0.5268124341964722, 0.524821400642395, 0.5238001942634583], "auc_history": [0.5074575204531152, 0.7757709251101321, 0.8130113278791692, 0.8267149150409063, 0.8258810572687225, 0.8264789175582128, 0.8261642542479546, 0.8246224040276904, 0.8243706733794839, 0.8239144115796099]}, "test": {"loss_history": [0.5201950669288635], "auc_history": [0.7867146036637562]}}