{"train": {"loss_history": [0.6277247667312622, 0.496606707572937, 0.45468810200691223, 0.44739601016044617, 0.4452489912509918, 0.4440775215625763, 0.443398654460907, 0.4429594576358795, 0.44262030720710754, 0.4424169957637787]}, "num_train": 1721, "dev": {"loss_history": [0.7251025438308716, 0.6592177152633667, 0.5420112013816833, 0.5319036245346069, 0.5318750739097595, 0.5309221148490906, 0.5299075841903687, 0.5291026830673218, 0.5279337763786316, 0.5271024703979492], "auc_history": [0.6339993706733795, 0.7878933291378226, 0.825401195720579, 0.8283747640025173, 0.8272105097545627, 0.8269273127753305, 0.8267385147891756, 0.8269430459408433, 0.8269115796098175, 0.82681718061674]}, "test": {"loss_history": [0.5061960220336914], "auc_history": [0.7911658962506419]}}