{"train": {"loss_history": [0.6305510401725769, 0.5295211672782898, 0.47069668769836426, 0.45038795471191406]}, "num_train": 1777, "dev": {"loss_history": [0.7040537595748901, 0.66370689868927, 0.5762871503829956, 0.5168434977531433], "auc_history": [0.5670468848332284, 0.7586217747010698, 0.8116189427312775, 0.8294918187539332]}, "test": {"loss_history": [0.5042123794555664], "auc_history": [0.7926724875877418]}}