{"train": {"loss_history": [0.6304095983505249, 0.546728789806366, 0.49355754256248474, 0.47501233220100403, 0.4674159288406372, 0.46242308616638184, 0.4588984549045563, 0.45667698979377747, 0.45471298694610596, 0.45350760221481323]}, "num_train": 1754, "dev": {"loss_history": [0.7068538069725037, 0.6862298250198364, 0.6132907271385193, 0.564909040927887, 0.5461757183074951, 0.5363461375236511, 0.5318134427070618, 0.5286064743995667, 0.526744544506073, 0.5251437425613403], "auc_history": [0.44568124606670867, 0.7523521082441786, 0.8016441157960982, 0.8220972309628696, 0.8212791063561988, 0.8210981749528006, 0.8208700440528633, 0.8208621774701069, 0.8198237885462556, 0.8198237885462556]}, "test": {"loss_history": [0.5172294974327087], "auc_history": [0.7904040404040404]}}