{"train": {"loss_history": [0.6468073725700378, 0.5777372717857361, 0.5145199298858643, 0.48969903588294983]}, "num_train": 2106, "dev": {"loss_history": [0.7013403177261353, 0.6602747440338135, 0.585699737071991, 0.5445034503936768], "auc_history": [0.5570799244808056, 0.7480569540591566, 0.7966645689112649, 0.8216252359974827]}, "test": {"loss_history": [0.511984646320343], "auc_history": [0.7892056154768019]}}