{"train": {"loss_history": [0.6299103498458862, 0.49838340282440186, 0.4497154653072357, 0.4468955397605896, 0.4450555741786957, 0.4436478912830353, 0.44294431805610657, 0.4422852694988251, 0.4417994022369385, 0.4414002001285553]}, "num_train": 1721, "dev": {"loss_history": [0.7159648537635803, 0.6507488489151001, 0.556117832660675, 0.545977771282196, 0.5358293056488037, 0.5282799601554871, 0.5253298878669739, 0.5243661999702454, 0.5233312845230103, 0.5225604772567749], "auc_history": [0.724441472624292, 0.7668895531780995, 0.8195327249842668, 0.8242212083071114, 0.822994021397105, 0.8243785399622404, 0.8241425424795468, 0.8243785399622403, 0.8240324103209566, 0.8242369414726243]}, "test": {"loss_history": [0.5069847106933594], "auc_history": [0.7912686183872625]}}