{"train": {"loss_history": [0.6513152122497559, 0.5828258395195007, 0.5222814083099365, 0.5063404440879822, 0.48172733187675476]}, "num_train": 1972, "dev": {"loss_history": [0.7071595788002014, 0.7004141807556152, 0.5897391438484192, 0.5549390912055969, 0.5325223803520203], "auc_history": [0.5298379483952171, 0.7739065449968533, 0.8180380742605412, 0.8256293266205159, 0.8276982378854625]}, "test": {"loss_history": [0.5074985027313232], "auc_history": [0.7962335216572505]}}