{"train": {"loss_history": [0.618780255317688, 0.5420978665351868, 0.5067160725593567, 0.4952237904071808]}, "num_train": 2018, "dev": {"loss_history": [0.6872952580451965, 0.6351168751716614, 0.536805272102356, 0.513897180557251], "auc_history": [0.5930852737570799, 0.7603130899937067, 0.8205711139081184, 0.8253067967275016]}, "test": {"loss_history": [0.5058073997497559], "auc_history": [0.7919705529875022]}}