{"train": {"loss_history": [0.6740282773971558, 0.6439269185066223, 0.6403042078018188, 0.6400772929191589]}, "num_train": 1972, "dev": {"loss_history": [0.7079627513885498, 0.6909742951393127, 0.7049273252487183, 0.711426854133606], "auc_history": [0.5905915670232851, 0.5, 0.5, 0.5]}, "test": {"loss_history": [0.6465493440628052], "auc_history": [0.5]}}