{"train": {"loss_history": [0.6051148176193237, 0.5066209435462952, 0.48478126525878906, 0.48158788681030273]}, "num_train": 2028, "dev": {"loss_history": [0.6981602907180786, 0.6169132590293884, 0.523055374622345, 0.5401206612586975], "auc_history": [0.7194855254877282, 0.7915119572057898, 0.8240166771554438, 0.8232457520453116]}, "test": {"loss_history": [0.5071707367897034], "auc_history": [0.7929635336414997]}}