{"train": {"loss_history": [0.6252685785293579, 0.528976559638977, 0.46702054142951965, 0.45374631881713867]}, "num_train": 1772, "dev": {"loss_history": [0.6909770965576172, 0.6807138323783875, 0.5384849309921265, 0.5292801856994629], "auc_history": [0.32947608558842034, 0.7524307740717433, 0.8197687224669603, 0.8282016991818754]}, "test": {"loss_history": [0.5101240873336792], "auc_history": [0.7889744906694061]}}