{"train": {"loss_history": [0.6284164786338806, 0.5614269971847534, 0.4687204957008362, 0.4466573894023895, 0.443337082862854]}, "num_train": 1721, "dev": {"loss_history": [0.6930793523788452, 0.6901810169219971, 0.5647218227386475, 0.5229446887969971, 0.5210726261138916], "auc_history": [0.27691944619257397, 0.7265969162995596, 0.7910399622404028, 0.8247876022655758, 0.8282803650094399]}, "test": {"loss_history": [0.5058755874633789], "auc_history": [0.7899503509673002]}}