{"train": {"loss_history": [0.6227174401283264, 0.5467223525047302, 0.5079672932624817, 0.4899411201477051, 0.4784356653690338, 0.47143369913101196, 0.46578091382980347, 0.4618886411190033, 0.4594976603984833, 0.4576742351055145]}, "num_train": 1788, "dev": {"loss_history": [0.6887631416320801, 0.6902991533279419, 0.5904368162155151, 0.5625990629196167, 0.5476203560829163, 0.537824809551239, 0.5316797494888306, 0.5299519896507263, 0.5281286239624023, 0.5258809328079224], "auc_history": [0.43353524229074886, 0.7744414726242921, 0.8048300818124607, 0.8220264317180617, 0.8211689741976086, 0.8213892385147892, 0.8216016362492133, 0.8208936438011329, 0.8206261799874135, 0.8212948395217118]}, "test": {"loss_history": [0.5123304724693298], "auc_history": [0.7944872453347029]}}