{"train": {"loss_history": [0.6074891686439514, 0.5473358631134033, 0.5242642164230347, 0.5103231072425842, 0.5005446076393127, 0.4935462176799774, 0.4885302782058716, 0.48498666286468506, 0.48200523853302, 0.48133546113967896]}, "num_train": 1965, "dev": {"loss_history": [0.6887204647064209, 0.6225924491882324, 0.5791093707084656, 0.5550376176834106, 0.5469346046447754, 0.5376855134963989, 0.5309479832649231, 0.527276873588562, 0.5245292782783508, 0.5226331949234009], "auc_history": [0.5536815607300188, 0.7239852108244179, 0.8110604153555694, 0.821318439269981, 0.8207756450597861, 0.8204688483322844, 0.8217747010698553, 0.8205789804908747, 0.8201227186910006, 0.8193675267463814]}, "test": {"loss_history": [0.5173166990280151], "auc_history": [0.795523026878959]}}