{"train": {"loss_history": [0.6205485463142395, 0.5333008170127869, 0.4893549084663391, 0.482155978679657]}, "num_train": 1976, "dev": {"loss_history": [0.6875235438346863, 0.6390697956085205, 0.5302753448486328, 0.530188798904419], "auc_history": [0.6051447451227188, 0.7842117684078036, 0.8272419760855884, 0.824598804279421]}, "test": {"loss_history": [0.5086730718612671], "auc_history": [0.7935285053929121]}}