{"train": {"loss_history": [0.685637891292572, 0.6751725077629089, 0.6567119359970093, 0.6533895134925842, 0.6472147107124329, 0.6356268525123596, 0.6288416385650635, 0.6240167617797852, 0.6217942237854004, 0.6192108988761902]}, "num_train": 6438, "dev": {"loss_history": [0.682624876499176, 0.6859897971153259, 0.6572128534317017, 0.6574114561080933, 0.6313742399215698, 0.5682017803192139, 0.5494124293327332, 0.5374131202697754, 0.5356839299201965, 0.5315981507301331], "auc_history": [0.3074177173735058, 0.7098166038971672, 0.6688390371704601, 0.6250450302931063, 0.6770836744719174, 0.7990257082037007, 0.8069346651383658, 0.8048878336335352, 0.8030866219092844, 0.8044948419846079]}, "test": {"loss_history": [0.5341761708259583], "auc_history": [0.7854748882811979]}}