{"train": {"loss_history": [0.655517041683197, 0.584388256072998, 0.5595830678939819, 0.5556647181510925]}, "num_train": 3199, "dev": {"loss_history": [0.6708630323410034, 0.6017716526985168, 0.5128582715988159, 0.5047318339347839], "auc_history": [0.4677419354838709, 0.81219911576879, 0.8197805796626821, 0.8199770754871458]}, "test": {"loss_history": [0.5297873020172119], "auc_history": [0.7911775495231108]}}