{"train": {"loss_history": [0.6428221464157104, 0.5498233437538147, 0.5368674397468567, 0.5333828330039978, 0.5307609438896179]}, "num_train": 2718, "dev": {"loss_history": [0.6750826239585876, 0.542182445526123, 0.5231585502624512, 0.5117579698562622, 0.511325478553772], "auc_history": [0.7205010643523826, 0.82379236941215, 0.8066481087276896, 0.8131324709349926, 0.8141313247093499]}, "test": {"loss_history": [0.5228631496429443], "auc_history": [0.7903021409991329]}}