{"train": {"loss_history": [0.6827425956726074, 0.6756300926208496, 0.6479141712188721, 0.6440756916999817, 0.6370331645011902, 0.6297454237937927, 0.6231616139411926, 0.6195932626724243, 0.6170564293861389, 0.6163074374198914]}, "num_train": 6096, "dev": {"loss_history": [0.7297104001045227, 0.7133329510688782, 0.6428676843643188, 0.6618605852127075, 0.6414063572883606, 0.6208292841911316, 0.5782788395881653, 0.5573954582214355, 0.5458317995071411, 0.5416328310966492], "auc_history": [0.41535123628622894, 0.7528410021287046, 0.6470934992631405, 0.8211887997380056, 0.7921156050433928, 0.8253970853119371, 0.8183641722613395, 0.8151711151138037, 0.8128459145243164, 0.810905518257737]}, "test": {"loss_history": [0.5638483166694641], "auc_history": [0.7885179750550257]}}