{"train": {"loss_history": [0.6759921908378601, 0.6196766495704651, 0.5975748896598816, 0.5924539566040039, 0.5907306671142578, 0.5874055624008179, 0.5840628743171692]}, "num_train": 4210, "dev": {"loss_history": [0.7132077813148499, 0.6717497110366821, 0.6137487888336182, 0.5857842564582825, 0.5743438601493835, 0.5556073188781738, 0.542310357093811], "auc_history": [0.47614213197969546, 0.7453332241689864, 0.8300147371868347, 0.8269363026035697, 0.8234976256754544, 0.8227443916816768, 0.8264450630424103]}, "test": {"loss_history": [0.5724060535430908], "auc_history": [0.7954045221103181]}}