{"train": {"loss_history": [0.6763507723808289, 0.6410407423973083, 0.614586353302002, 0.6046374440193176, 0.598023533821106, 0.5933398604393005, 0.5906592011451721]}, "num_train": 5212, "dev": {"loss_history": [0.6884303092956543, 0.6264176368713379, 0.6153022646903992, 0.5698009729385376, 0.5482391715049744, 0.5345017910003662, 0.5221961736679077], "auc_history": [0.5422629769117406, 0.8095300474864908, 0.8225151465531357, 0.8190437203209432, 0.8189454724087113, 0.8151956770918618, 0.8141313247093499]}, "test": {"loss_history": [0.5312488675117493], "auc_history": [0.7986893883812446]}}