{"train": {"loss_history": [0.6701564192771912, 0.5915408730506897, 0.5456429123878479, 0.5401756763458252, 0.5372774004936218, 0.5341867804527283, 0.5323057174682617, 0.5307152271270752, 0.5305467844009399]}, "num_train": 2788, "dev": {"loss_history": [0.6746169328689575, 0.6211148500442505, 0.5645390152931213, 0.5437155961990356, 0.5368500351905823, 0.528448760509491, 0.5261064767837524, 0.5195794105529785, 0.5186770558357239], "auc_history": [0.29972981824136236, 0.778369084656951, 0.7893401015228427, 0.8013427214671688, 0.8054200098247912, 0.8097920419191091, 0.8113967578188963, 0.8161945308662191, 0.817848370722122]}, "test": {"loss_history": [0.5230730772018433], "auc_history": [0.7888181151203895]}}