{"train": {"loss_history": [0.6708441376686096, 0.6327892541885376, 0.5980746746063232, 0.5900006890296936, 0.5862244367599487, 0.5839819312095642, 0.5829128623008728, 0.580897867679596]}, "num_train": 3825, "dev": {"loss_history": [0.7380681037902832, 0.6727269887924194, 0.5495356321334839, 0.5279912948608398, 0.5217266082763672, 0.5157201290130615, 0.5133683681488037, 0.5108388662338257], "auc_history": [0.6739970525626331, 0.7955460946454888, 0.8146061896184705, 0.8151383658097265, 0.8146307515965285, 0.8165465858850499, 0.8167430817095136, 0.8178647453741608]}, "test": {"loss_history": [0.5220041275024414], "auc_history": [0.7925365170412859]}}