{"train": {"loss_history": [0.4818018674850464, 0.44760459661483765, 0.44470053911209106, 0.4426283538341522]}, "dev": {"loss_history": [0.7663343548774719, 0.4557122588157654, 0.4487919211387634, 0.4389277696609497], "auc_history": [0.39123393515165406, 0.8013249255095414, 0.8051343442404895, 0.812441149590373]}, "test": {"loss_history": [0.435408353805542], "auc_history": [0.8177644752369713]}}