{"train": {"loss_history": [0.47232380509376526, 0.43303871154785156, 0.4299151599407196]}, "dev": {"loss_history": [0.7325660586357117, 0.4220183789730072, 0.415157288312912], "auc_history": [0.5498288678333112, 0.8306860323921963, 0.8353910763902789]}, "test": {"loss_history": [0.42681390047073364], "auc_history": [0.8334545089405703]}}