{"train": {"loss_history": [0.6331132650375366, 0.5439342856407166, 0.5175986886024475]}, "dev": {"loss_history": [0.6974334716796875, 0.6027653813362122, 0.5229566097259521], "auc_history": [0.3239222781623663, 0.7899071743234738, 0.8223332284455633]}, "test": {"loss_history": [0.5058056712150574], "auc_history": [0.7915767847971238]}}