{"train": {"loss_history": [0.6545509099960327, 0.5784475803375244, 0.5384130477905273, 0.5225763320922852, 0.5186935663223267, 0.5185761451721191, 0.5158014297485352, 0.5133497714996338]}, "dev": {"loss_history": [0.6926389336585999, 0.6059665679931641, 0.5837280750274658, 0.5592167377471924, 0.5361729860305786, 0.5250110626220703, 0.5144358277320862, 0.5119131803512573], "auc_history": [0.5560020741508944, 0.7571379958516982, 0.8091538112522687, 0.8124270806326161, 0.8135451775991704, 0.8146308659579984, 0.8145660487425461, 0.8149873606429869]}, "test": {"loss_history": [0.5036293864250183], "auc_history": [0.8127858042282456]}}