{"train": {"loss_history": [0.4278533458709717, 0.39795681834220886, 0.3941827416419983, 0.39250826835632324, 0.3912234306335449, 0.39091724157333374, 0.3903791010379791, 0.389973908662796]}, "num_train": 26691, "dev": {"loss_history": [0.620364248752594, 0.45477908849716187, 0.44412410259246826, 0.43499597907066345, 0.43432626128196716, 0.433696985244751, 0.4327738881111145, 0.4304881691932678], "auc_history": [0.4914641176577937, 0.8143705112542227, 0.8226558400537182, 0.825941222601292, 0.8263260838425026, 0.826023407163194, 0.826133090742006, 0.8268912511377717]}, "test": {"loss_history": [0.42153051495552063], "auc_history": [0.8334858389133034]}}