{"train": {"loss_history": [0.3826444149017334, 0.34251105785369873, 0.33813169598579407, 0.33751755952835083]}, "num_train": 22598, "dev": {"loss_history": [0.6602702140808105, 0.44842058420181274, 0.4409865140914917, 0.43876633048057556], "auc_history": [0.43032774078326697, 0.8152146060778327, 0.8235471831882011, 0.825718668057617]}, "test": {"loss_history": [0.43083399534225464], "auc_history": [0.8277656045341593]}}