{"train": {"loss_history": [0.45072922110557556, 0.4197693467140198, 0.41976386308670044, 0.4197652041912079]}, "num_train": 21763, "dev": {"loss_history": [0.6985816359519958, 0.6055441498756409, 0.6057227849960327, 0.6058529615402222], "auc_history": [0.46080308878957577, 0.5, 0.5, 0.5]}, "test": {"loss_history": [0.593448281288147], "auc_history": [0.5]}}