{"train": {"loss_history": [0.38952502608299255, 0.3437330722808838, 0.3380469083786011, 0.3367903530597687]}, "num_train": 22615, "dev": {"loss_history": [0.7971959114074707, 0.4438716769218445, 0.4315279424190521, 0.4317443370819092], "auc_history": [0.30307985239527685, 0.817566834485667, 0.8263517079264417, 0.827756282712893]}, "test": {"loss_history": [0.42366835474967957], "auc_history": [0.8319485418630367]}}