{"train": {"loss_history": [0.385690838098526, 0.3421582579612732, 0.33823320269584656, 0.3355363607406616]}, "num_train": 22552, "dev": {"loss_history": [0.7943431735038757, 0.4384993016719818, 0.43651261925697327, 0.4381828308105469], "auc_history": [0.4653988619906838, 0.8208522170332411, 0.8234629362000307, 0.8241398495003804]}, "test": {"loss_history": [0.43079614639282227], "auc_history": [0.8262626722445966]}}