{"train": {"loss_history": [0.4391385018825531, 0.38921698927879333, 0.38398340344429016, 0.38111481070518494, 0.3799848258495331, 0.37904635071754456]}, "num_train": 25754, "dev": {"loss_history": [0.7467938661575317, 0.44280216097831726, 0.43380212783813477, 0.43207576870918274, 0.42987027764320374, 0.42936447262763977], "auc_history": [0.6317929134033459, 0.814527755632736, 0.8243050310951383, 0.8267746928047323, 0.827421919666372, 0.8274467937771224]}, "test": {"loss_history": [0.41975948214530945], "auc_history": [0.8319308175523211]}}