{"train": {"loss_history": [0.38176581263542175, 0.33639079332351685, 0.3331311047077179]}, "num_train": 22237, "dev": {"loss_history": [0.6630527973175049, 0.4668600559234619, 0.4559991955757141], "auc_history": [0.29374668605597354, 0.8178943852757263, 0.8190517189010493]}, "test": {"loss_history": [0.463326096534729], "auc_history": [0.8203820902343384]}}