{"train": {"loss_history": [0.3921041190624237, 0.3495388329029083, 0.34516438841819763, 0.3455045521259308]}, "num_train": 23052, "dev": {"loss_history": [0.6577330827713013, 0.446284681558609, 0.43666571378707886, 0.43721702694892883], "auc_history": [0.6527078531942483, 0.8160734503741491, 0.82251990741331, 0.8222635415783885]}, "test": {"loss_history": [0.434978723526001], "auc_history": [0.8226888008878986]}}