{"train": {"loss_history": [0.38101527094841003, 0.34022194147109985, 0.3360818326473236, 0.3346211910247803, 0.3339571952819824]}, "num_train": 22444, "dev": {"loss_history": [0.6327089667320251, 0.4451460838317871, 0.43764862418174744, 0.4451562464237213, 0.4420833885669708], "auc_history": [0.42988031927858583, 0.8156015297453116, 0.8265113272200518, 0.8244470260188199, 0.8269818728980438]}, "test": {"loss_history": [0.43548643589019775], "auc_history": [0.8291573454644127]}}