{"train": {"loss_history": [0.37196263670921326, 0.3325592279434204, 0.32986733317375183, 0.32849180698394775]}, "num_train": 21806, "dev": {"loss_history": [0.6873860359191895, 0.440396249294281, 0.43822944164276123, 0.4381778836250305], "auc_history": [0.6397861276459366, 0.8208844658803448, 0.8238581095725828, 0.8258814747372782]}, "test": {"loss_history": [0.4322391450405121], "auc_history": [0.8282739989717349]}}