{"train": {"loss_history": [0.37672165036201477, 0.33456018567085266, 0.33215323090553284, 0.3302795886993408]}, "num_train": 21942, "dev": {"loss_history": [0.7130220532417297, 0.44205352663993835, 0.44027259945869446, 0.44024184346199036], "auc_history": [0.40577130617580426, 0.8201893657301751, 0.8237543632815127, 0.8249590077154743]}, "test": {"loss_history": [0.430520236492157], "auc_history": [0.8291968745026992]}}