{"train": {"loss_history": [0.37635818123817444, 0.34222322702407837, 0.3382115662097931, 0.3368619680404663, 0.33604493737220764, 0.33546826243400574, 0.3349801003932953]}, "num_train": 22357, "dev": {"loss_history": [0.6198220252990723, 0.4442015290260315, 0.4292351305484772, 0.427629292011261, 0.42720404267311096, 0.4268336296081543, 0.42634254693984985], "auc_history": [0.42347111090778505, 0.8182571848056432, 0.8264298301335727, 0.8275609146972995, 0.8275698518777954, 0.8281400814920866, 0.8285953152174811]}, "test": {"loss_history": [0.4208452105522156], "auc_history": [0.8306610428321358]}}