{"train": {"loss_history": [0.37928885221481323, 0.3406166732311249, 0.3372209072113037, 0.335347443819046]}, "num_train": 22393, "dev": {"loss_history": [0.7468087673187256, 0.4465422034263611, 0.44067591428756714, 0.4317411780357361], "auc_history": [0.7014154243985777, 0.8172656577527353, 0.8257268552649244, 0.8283365744674628]}, "test": {"loss_history": [0.42605382204055786], "auc_history": [0.8304194056464809]}}