{"train": {"loss_history": [0.3783460855484009, 0.33503636717796326, 0.33010557293891907, 0.3280511498451233]}, "num_train": 21846, "dev": {"loss_history": [0.7434088587760925, 0.44825491309165955, 0.43239662051200867, 0.43051525950431824], "auc_history": [0.45049583227399626, 0.8193731449100694, 0.8260730928869293, 0.8276114128919891]}, "test": {"loss_history": [0.42446646094322205], "auc_history": [0.8298547779641168]}}