{"train": {"loss_history": [0.396790474653244, 0.34541401267051697, 0.33780962228775024, 0.33615249395370483, 0.3358248770236969, 0.33474671840667725]}, "num_train": 22544, "dev": {"loss_history": [0.7574958205223083, 0.4502612054347992, 0.4367945194244385, 0.46022796630859375, 0.454359233379364, 0.43779000639915466], "auc_history": [0.44510027516516276, 0.8130669953549161, 0.8232369442792421, 0.8192648362821029, 0.8215927530590781, 0.8269734981974395]}, "test": {"loss_history": [0.4322928488254547], "auc_history": [0.830975872495134]}}