{"train": {"loss_history": [0.5512919425964355, 0.5342464447021484, 0.5315254330635071, 0.5284522771835327, 0.5253452062606812, 0.5225114226341248]}, "num_train": 51358, "dev": {"loss_history": [0.7048368453979492, 0.5167325735092163, 0.47365403175354004, 0.4602625370025635, 0.45235249400138855, 0.44015267491340637], "auc_history": [0.39752054932204384, 0.7855375356307661, 0.7990405801482422, 0.8021308584270892, 0.8039296440632353, 0.813742519722716]}, "test": {"loss_history": [0.42768406867980957], "auc_history": [0.8161765760942868]}}