{"train": {"loss_history": [0.5450378060340881, 0.5287893414497375, 0.5265265703201294, 0.5244758129119873, 0.5238956809043884]}, "num_train": 49525, "dev": {"loss_history": [0.6404588222503662, 0.6021252870559692, 0.5203931927680969, 0.530470073223114, 0.4832458794116974], "auc_history": [0.41055598552566186, 0.8084424946840252, 0.8147854609511613, 0.8078710226393818, 0.8020204755224642]}, "test": {"loss_history": [0.4727815091609955], "auc_history": [0.8248311339196523]}}