{"train": {"loss_history": [0.5308231711387634, 0.5126144886016846, 0.5092700719833374, 0.5070269703865051, 0.5058110952377319, 0.5045089721679688, 0.5038650631904602, 0.5030975341796875, 0.5022698640823364, 0.5017068982124329]}, "num_train": 44953, "dev": {"loss_history": [0.6273537278175354, 0.5264317393302917, 0.5071364045143127, 0.47329214215278625, 0.4671444296836853, 0.45563173294067383, 0.447714626789093, 0.444833368062973, 0.43925487995147705, 0.4358176290988922], "auc_history": [0.5403181154296313, 0.8124917244468006, 0.8151549651926752, 0.8196232575767358, 0.8218507263625516, 0.8226996746995546, 0.8243384557583546, 0.8260145796575953, 0.8260672393919117, 0.8263233226672053]}, "test": {"loss_history": [0.42001238465309143], "auc_history": [0.8335855465088401]}}