{"train": {"loss_history": [0.5770655870437622, 0.5589361786842346, 0.5560961365699768, 0.5534732937812805, 0.5525043606758118, 0.551244854927063]}, "num_train": 60803, "dev": {"loss_history": [0.685960590839386, 0.5845550894737244, 0.5833960771560669, 0.555814802646637, 0.5170294642448425, 0.4969421327114105], "auc_history": [0.6880415819490532, 0.7612204475722977, 0.7701427914266914, 0.7945496288881175, 0.8065778210870337, 0.8111188370705289]}, "test": {"loss_history": [0.49041905999183655], "auc_history": [0.8296394897349826]}}