{"train": {"loss_history": [0.46854671835899353, 0.4422808289527893, 0.4393436014652252, 0.4383418560028076, 0.43747374415397644, 0.43678921461105347, 0.43620917201042175]}, "num_train": 31580, "dev": {"loss_history": [0.6692930459976196, 0.4553438127040863, 0.45638778805732727, 0.4585491120815277, 0.4524611234664917, 0.44340941309928894, 0.44074997305870056], "auc_history": [0.4497837533073731, 0.7998563629794979, 0.8053572798411701, 0.7982282151362812, 0.8108950331996838, 0.8185291756447717, 0.8203553671282242]}, "test": {"loss_history": [0.4306451380252838], "auc_history": [0.8329768303032532]}}