{"train": {"loss_history": [0.49275532364845276, 0.4733414053916931, 0.46937453746795654]}, "num_train": 35751, "dev": {"loss_history": [0.6696314215660095, 0.4835273027420044, 0.47858548164367676], "auc_history": [0.4011572989303238, 0.8173149004009481, 0.8237759080196472]}, "test": {"loss_history": [0.47044193744659424], "auc_history": [0.8345442435522259]}}