{"train": {"loss_history": [0.4866096079349518, 0.45257291197776794, 0.44807687401771545, 0.4468756318092346, 0.44545790553092957]}, "num_train": 32706, "dev": {"loss_history": [0.7259786128997803, 0.49611154198646545, 0.45309433341026306, 0.44968849420547485, 0.44690442085266113], "auc_history": [0.42061032378900964, 0.7988070924560626, 0.8092143522080505, 0.810207924935574, 0.8108202209329026]}, "test": {"loss_history": [0.43587490916252136], "auc_history": [0.818277635115692]}}