{"train": {"loss_history": [0.49633505940437317, 0.4733636975288391, 0.47168731689453125, 0.46996623277664185]}, "num_train": 35892, "dev": {"loss_history": [0.6883463859558105, 0.5700310468673706, 0.5341674089431763, 0.46180492639541626], "auc_history": [0.3307347779822562, 0.8006332206465654, 0.81495647850179, 0.8136746696804238]}, "test": {"loss_history": [0.47297653555870056], "auc_history": [0.8303031227995754]}}