{"train": {"loss_history": [0.6503527164459229, 0.5557635426521301, 0.5192944407463074, 0.5141687393188477]}, "dev": {"loss_history": [0.7084277868270874, 0.6128280162811279, 0.525556206703186, 0.5205934047698975], "auc_history": [0.7414018250471994, 0.7664175582127123, 0.826533983637508, 0.8279027690371303]}, "test": {"loss_history": [0.512150764465332], "auc_history": [0.7888032871083719]}}