{"train": {"loss_history": [0.4561921954154968, 0.4320851266384125, 0.4293672442436218]}, "dev": {"loss_history": [0.679722785949707, 0.426901251077652, 0.41853228211402893], "auc_history": [0.24664523543511263, 0.8365255227847043, 0.8345139658920934]}, "test": {"loss_history": [0.42755162715911865], "auc_history": [0.8240069986138407]}}