{"train": {"loss_history": [0.4752179682254791, 0.44576993584632874, 0.4417001008987427, 0.4394606947898865, 0.4379133880138397, 0.4364491105079651]}, "dev": {"loss_history": [0.7214258909225464, 0.47835659980773926, 0.4680146276950836, 0.4506140649318695, 0.44505834579467773, 0.44173434376716614], "auc_history": [0.5660868248960099, 0.8066100386911167, 0.8096561797915725, 0.8126154489976984, 0.813140055243025, 0.8135267914172069]}, "test": {"loss_history": [0.43984848260879517], "auc_history": [0.8122704765518844]}}