{"train": {"loss_history": [0.4208483099937439, 0.3760148584842682, 0.37326860427856445, 0.37312939763069153]}, "num_train": 25068, "dev": {"loss_history": [0.6797952055931091, 0.436445415019989, 0.43090683221817017, 0.4262527823448181], "auc_history": [0.6182702938765844, 0.8231639056630177, 0.8239268786383456, 0.827934729289397]}, "test": {"loss_history": [0.4289703369140625], "auc_history": [0.8304828251297472]}}