{"train": {"loss_history": [0.44748055934906006, 0.4118039906024933, 0.4075299799442291, 0.40572401881217957, 0.4040694236755371, 0.4035170078277588, 0.4031863510608673]}, "num_train": 27595, "dev": {"loss_history": [0.722787082195282, 0.4277060627937317, 0.4249061048030853, 0.42359277606010437, 0.4214023947715759, 0.42041677236557007, 0.4197339713573456], "auc_history": [0.3739747790915163, 0.8263452236148978, 0.8270183672224554, 0.8280012363391445, 0.829715554858449, 0.8312261875288646, 0.8318388468830875]}, "test": {"loss_history": [0.418374240398407], "auc_history": [0.836848503305544]}}