{"train": {"loss_history": [0.428641676902771, 0.3958289921283722, 0.3896518647670746, 0.3871934413909912, 0.38595688343048096, 0.3842000365257263, 0.3832297921180725, 0.3824520707130432, 0.3808307945728302, 0.37999364733695984]}, "num_train": 25725, "dev": {"loss_history": [0.7389001250267029, 0.4323085844516754, 0.42475128173828125, 0.4216337502002716, 0.420784592628479, 0.41987287998199463, 0.4194554388523102, 0.41858023405075073, 0.41835257411003113, 0.41649994254112244], "auc_history": [0.5568124619090163, 0.8199440161851761, 0.8272310872659632, 0.8295778634808892, 0.8298129447578861, 0.8309260087927701, 0.8305218407101056, 0.8309575323654828, 0.8306883005513807, 0.8329915716730714]}, "test": {"loss_history": [0.41612136363983154], "auc_history": [0.8361817478142805]}}