{"train": {"loss_history": [0.4404282867908478, 0.4148840010166168, 0.41268399357795715]}, "num_train": 28305, "dev": {"loss_history": [0.6085692644119263, 0.42934560775756836, 0.4248981177806854], "auc_history": [0.540320763885365, 0.8254127794000885, 0.8263373427217197]}, "test": {"loss_history": [0.42590728402137756], "auc_history": [0.8325865722588095]}}