{"train": {"loss_history": [0.45550259947776794, 0.45020708441734314, 0.45020532608032227, 0.45019954442977905, 0.45019224286079407, 0.45018383860588074, 0.45017457008361816, 0.45016393065452576, 0.4501517415046692, 0.4501374363899231]}, "num_train": 24686, "dev": {"loss_history": [0.6468119025230408, 0.5828059315681458, 0.5828472375869751, 0.5827871561050415, 0.5826884508132935, 0.5825602412223816, 0.5824026465415955, 0.5822104215621948, 0.581976592540741, 0.581693708896637], "auc_history": [0.6234953260536946, 0.5, 0.5, 0.5, 0.5, 0.5, 0.5, 0.5, 0.5, 0.5]}, "test": {"loss_history": [0.588434100151062], "auc_history": [0.5]}}