{"train": {"loss_history": [0.4226789176464081, 0.3767405152320862, 0.3727836012840271, 0.37267377972602844, 0.3719054162502289]}, "num_train": 24990, "dev": {"loss_history": [0.8305608630180359, 0.43291226029396057, 0.4310849606990814, 0.4283348619937897, 0.4273339807987213], "auc_history": [0.42423482293747417, 0.8203278092757216, 0.8266359837225598, 0.8286115250181837, 0.8272077649479401]}, "test": {"loss_history": [0.4268281161785126], "auc_history": [0.8310794091895389]}}