{"train": {"loss_history": [0.437476247549057, 0.4049697518348694, 0.4012961685657501, 0.3997851014137268]}, "num_train": 27075, "dev": {"loss_history": [0.7217439413070679, 0.4251329302787781, 0.4216471016407013, 0.4200371503829956], "auc_history": [0.44448218303047643, 0.828390475575382, 0.8295040521886841, 0.831031151440781]}, "test": {"loss_history": [0.41777101159095764], "auc_history": [0.836732460314439]}}