{"train": {"loss_history": [0.4184325039386749, 0.3865146040916443, 0.3810456395149231, 0.3783934712409973, 0.3771118223667145, 0.37651780247688293, 0.375579833984375]}, "num_train": 24821, "dev": {"loss_history": [0.6359551548957825, 0.4500993490219116, 0.437069833278656, 0.4336354434490204, 0.43028995394706726, 0.42640990018844604, 0.4262969493865967], "auc_history": [0.37720799560822815, 0.8051718265373125, 0.823117389171576, 0.826364893811692, 0.8277731389430941, 0.8282084461646575, 0.8281832016775666]}, "test": {"loss_history": [0.426217257976532], "auc_history": [0.8333171545674876]}}