{"train": {"loss_history": [0.41726377606391907, 0.3831397294998169, 0.3804579973220825]}, "num_train": 25446, "dev": {"loss_history": [0.6723233461380005, 0.4432763457298279, 0.4249023497104645], "auc_history": [0.4664444382935034, 0.8245476751749559, 0.8302270440474011]}, "test": {"loss_history": [0.42826178669929504], "auc_history": [0.8338002334817972]}}