{"train": {"loss_history": [0.45481833815574646, 0.45034340023994446, 0.45031002163887024, 0.4502761662006378]}, "num_train": 24686, "dev": {"loss_history": [0.6616772413253784, 0.5823969841003418, 0.5827406644821167, 0.5830108523368835], "auc_history": [0.5635785611001163, 0.5, 0.5, 0.5]}, "test": {"loss_history": [0.5902511477470398], "auc_history": [0.5]}}