{"train": {"loss_history": [0.43305495381355286, 0.3956712484359741, 0.39289793372154236, 0.39172837138175964]}, "num_train": 26171, "dev": {"loss_history": [0.6745558381080627, 0.4368043541908264, 0.43171295523643494, 0.4285871982574463], "auc_history": [0.4494042813624949, 0.8204810702227308, 0.8206091507549511, 0.8242031584056966]}, "test": {"loss_history": [0.4326312243938446], "auc_history": [0.823401601380588]}}