{"train": {"loss_history": [0.41463032364845276, 0.3880487084388733, 0.3845977485179901, 0.38348275423049927, 0.3818458616733551, 0.38156047463417053]}, "num_train": 25289, "dev": {"loss_history": [0.6627716422080994, 0.43948689103126526, 0.43204522132873535, 0.42849308252334595, 0.42805755138397217, 0.42518678307533264], "auc_history": [0.42410014295812076, 0.823020832212068, 0.8265704377573464, 0.8262512295474804, 0.8271286997269495, 0.8290260087415122]}, "test": {"loss_history": [0.4260134994983673], "auc_history": [0.8297712766632406]}}