{"train": {"loss_history": [0.4260933995246887, 0.3914213180541992]}, "num_train": 26225, "dev": {"loss_history": [0.7141536474227905, 0.42619940638542175], "auc_history": [0.4361105600893117, 0.8259199757447893]}, "test": {"loss_history": [0.42486560344696045], "auc_history": [0.8328170086413643]}}