{"train": {"loss_history": [0.42794540524482727, 0.38926073908805847, 0.3856564164161682, 0.3830346167087555]}, "num_train": 25879, "dev": {"loss_history": [0.629383385181427, 0.4256226718425751, 0.4189853370189667, 0.4182814657688141], "auc_history": [0.7021357476801983, 0.8264378080916653, 0.8310993884426894, 0.8315857612891553]}, "test": {"loss_history": [0.41807040572166443], "auc_history": [0.8347154440595379]}}