{"train": {"loss_history": [0.4393591284751892, 0.3888012170791626, 0.38457730412483215, 0.38306188583374023]}, "num_train": 25681, "dev": {"loss_history": [0.779270350933075, 0.43138387799263, 0.4259386658668518, 0.4238889813423157], "auc_history": [0.6633713640890635, 0.8253091744873319, 0.829095527189466, 0.8318776106259557]}, "test": {"loss_history": [0.4275815188884735], "auc_history": [0.8297898663824279]}}