{"train": {"loss_history": [0.44579431414604187, 0.4383435845375061, 0.43680357933044434, 0.43611979484558105, 0.4354681670665741, 0.4351465106010437, 0.4347454011440277]}, "num_train": 115513, "dev": {"loss_history": [0.7338690161705017, 0.4495863914489746, 0.44817274808883667, 0.44863659143447876, 0.447878897190094, 0.4474191665649414, 0.4466547667980194], "auc_history": [0.6529274236291168, 0.8383361045547486, 0.8393770957132981, 0.8393642591498395, 0.8397791841047653, 0.8401951363761264, 0.8406306304890129]}, "test": {"loss_history": [0.44946208596229553], "auc_history": [0.84017575498074]}}