{"train": {"loss_history": [0.42522454261779785, 0.41677621006965637, 0.414455771446228, 0.4131442606449127]}, "num_train": 105510, "dev": {"loss_history": [0.7509343028068542, 0.45382291078567505, 0.45000261068344116, 0.44866111874580383], "auc_history": [0.3406375542756548, 0.8365670721757501, 0.839140509630224, 0.8397442129487778]}, "test": {"loss_history": [0.4513500928878784], "auc_history": [0.8400956441749623]}}