{"train": {"loss_history": [0.41685950756073, 0.4097481071949005, 0.4083925485610962, 0.4075099229812622, 0.406937837600708, 0.40654921531677246]}, "num_train": 103694, "dev": {"loss_history": [0.6996065378189087, 0.45171624422073364, 0.4499416649341583, 0.44933462142944336, 0.4484066963195801, 0.4483465850353241], "auc_history": [0.5055043973350537, 0.8379794039817909, 0.8388273998873448, 0.8399875532297488, 0.8404855179658696, 0.8406597606172681]}, "test": {"loss_history": [0.45176056027412415], "auc_history": [0.8400816851555787]}}