{"train": {"loss_history": [0.41884157061576843, 0.41241124272346497, 0.4109455347061157, 0.4095671772956848, 0.4090728163719177, 0.4085416793823242, 0.40832772850990295, 0.40826615691185]}, "num_train": 104606, "dev": {"loss_history": [0.6670596599578857, 0.4498211741447449, 0.4494589567184448, 0.449252724647522, 0.4490969777107239, 0.44837966561317444, 0.4483633041381836, 0.44768720865249634], "auc_history": [0.42572034498968736, 0.8382361809094719, 0.8389606770728886, 0.8394727111521905, 0.8397836129800642, 0.8401980454753655, 0.8405368185611959, 0.8405489441564548]}, "test": {"loss_history": [0.45169955492019653], "auc_history": [0.8402992299101892]}}