{"train": {"loss_history": [0.4254187047481537, 0.41535571217536926, 0.4130702614784241, 0.41175705194473267, 0.410968154668808]}, "num_train": 105108, "dev": {"loss_history": [0.6404491066932678, 0.4567945599555969, 0.4515942335128784, 0.4500037431716919, 0.44791534543037415], "auc_history": [0.5844058120124026, 0.8376748519478843, 0.8398256057623542, 0.8407576785495043, 0.8408155604926606]}, "test": {"loss_history": [0.45027124881744385], "auc_history": [0.8406553562402846]}}