{"train": {"loss_history": [0.41596508026123047, 0.4086834192276001, 0.4072202444076538, 0.40626606345176697, 0.4057616889476776]}, "num_train": 103263, "dev": {"loss_history": [0.6534812450408936, 0.45118850469589233, 0.44977137446403503, 0.44825905561447144, 0.4472993016242981], "auc_history": [0.3790572778223887, 0.8377831311001684, 0.8393213662426728, 0.8402608389694793, 0.8407641000925556]}, "test": {"loss_history": [0.4502262473106384], "auc_history": [0.8398367008093679]}}