{"train": {"loss_history": [0.41783156991004944, 0.4105670154094696, 0.4091835916042328, 0.40832579135894775]}, "num_train": 103706, "dev": {"loss_history": [0.6809342503547668, 0.4516957998275757, 0.450501948595047, 0.449653685092926], "auc_history": [0.3923338164503575, 0.8377216290895731, 0.8381854021256684, 0.83938785155331]}, "test": {"loss_history": [0.4522404968738556], "auc_history": [0.838418467026181]}}