{"train": {"loss_history": [0.4337088167667389, 0.41953298449516296, 0.41769516468048096, 0.41692477464675903, 0.41638514399528503, 0.4159541428089142, 0.4156123399734497, 0.4153561592102051]}, "num_train": 106430, "dev": {"loss_history": [0.7206546068191528, 0.453800231218338, 0.451105535030365, 0.4498046040534973, 0.44979554414749146, 0.44924336671829224, 0.4489324688911438, 0.44881168007850647], "auc_history": [0.6917719702430978, 0.8366732184234351, 0.8384043281500209, 0.8394764779791201, 0.8396836893347875, 0.8398290986382343, 0.8398255568425239, 0.839856193701551]}, "test": {"loss_history": [0.45066356658935547], "auc_history": [0.8401108898292962]}}