{"train": {"loss_history": [0.4229039251804352, 0.41584277153015137, 0.4142482280731201, 0.4133325219154358, 0.41287511587142944]}, "num_train": 106064, "dev": {"loss_history": [0.6831659078598022, 0.44916677474975586, 0.44867435097694397, 0.44797009229660034, 0.4474157691001892], "auc_history": [0.30393507331429065, 0.838469665475308, 0.8395434166135174, 0.8404191011429949, 0.8410000795697345]}, "test": {"loss_history": [0.450863242149353], "auc_history": [0.8398384788224899]}}