{"train": {"loss_history": [0.42586714029312134, 0.41967350244522095, 0.41836947202682495, 0.41738438606262207, 0.4170043468475342, 0.4165497422218323, 0.41634827852249146, 0.41598036885261536]}, "num_train": 107300, "dev": {"loss_history": [0.666183590888977, 0.4523967504501343, 0.4520389437675476, 0.44924941658973694, 0.44809994101524353, 0.4472973048686981, 0.44702449440956116, 0.4468725621700287], "auc_history": [0.46724421113874404, 0.838269521404451, 0.8372315274008351, 0.839088276296801, 0.8396001244807477, 0.8403512949969408, 0.8405500432219746, 0.840686542593671]}, "test": {"loss_history": [0.4504634439945221], "auc_history": [0.8395197780522384]}}