{"train": {"loss_history": [0.4145931005477905, 0.40837904810905457, 0.40710926055908203, 0.4063746929168701, 0.40540000796318054]}, "num_train": 103154, "dev": {"loss_history": [0.6693412065505981, 0.45017045736312866, 0.449163556098938, 0.44845882058143616, 0.4475663900375366], "auc_history": [0.6132074305621656, 0.8382472628816855, 0.8389648450424263, 0.8398117810183243, 0.8405845936674219]}, "test": {"loss_history": [0.4498881995677948], "auc_history": [0.8406294974639875]}}