{"train": {"loss_history": [0.4219978153705597, 0.41430407762527466, 0.4128112196922302, 0.41207805275917053, 0.4114362895488739, 0.41104766726493835, 0.4107946753501892]}, "num_train": 104957, "dev": {"loss_history": [0.6701110601425171, 0.4531586468219757, 0.45061397552490234, 0.4519575238227844, 0.4518103301525116, 0.45017433166503906, 0.4500206410884857], "auc_history": [0.5674491845752436, 0.8377894580648811, 0.8392793865056709, 0.839775094406956, 0.8398119147325271, 0.8399616094131042, 0.8400112043370157]}, "test": {"loss_history": [0.45330604910850525], "auc_history": [0.8401235072569604]}}