{"train": {"loss_history": [0.421080082654953, 0.4145645201206207, 0.4130050837993622, 0.41207435727119446, 0.41147786378860474]}, "num_train": 105277, "dev": {"loss_history": [0.6869845986366272, 0.4509868323802948, 0.448978453874588, 0.4478812515735626, 0.4472608268260956], "auc_history": [0.6333591458274115, 0.8373991952270473, 0.8386741471044473, 0.8397410201145231, 0.8402526693578269]}, "test": {"loss_history": [0.45002225041389465], "auc_history": [0.8402817180973127]}}