{"train": {"loss_history": [0.41835907101631165, 0.4108619689941406, 0.40912914276123047, 0.40817880630493164, 0.40757375955581665, 0.40716055035591125, 0.4068160653114319, 0.40656778216362]}, "num_train": 103090, "dev": {"loss_history": [0.6653631925582886, 0.45666807889938354, 0.4507366716861725, 0.4517231583595276, 0.4515431821346283, 0.45122572779655457, 0.45105212926864624, 0.45086905360221863], "auc_history": [0.519585725874496, 0.8365870575570697, 0.8381476327553904, 0.8387873867275191, 0.8390064040688879, 0.8391914449574845, 0.8391389833315201, 0.839434087315544]}, "test": {"loss_history": [0.45234254002571106], "auc_history": [0.8401599759224696]}}