{"train": {"loss_history": [0.4338696300983429, 0.4270128607749939, 0.42549195885658264, 0.4246324300765991, 0.4241161346435547]}, "num_train": 110743, "dev": {"loss_history": [0.6708224415779114, 0.4516606628894806, 0.44915610551834106, 0.44816869497299194, 0.44754931330680847], "auc_history": [0.5179791529904487, 0.8379444980522439, 0.839111953494644, 0.8398784000431643, 0.8402369073885191]}, "test": {"loss_history": [0.4503883719444275], "auc_history": [0.8398276458734497]}}