{"train": {"loss_history": [0.41651955246925354, 0.40906110405921936, 0.40760430693626404, 0.40664049983024597, 0.4060310423374176]}, "num_train": 103245, "dev": {"loss_history": [0.7654975056648254, 0.4514498710632324, 0.45021888613700867, 0.4490227699279785, 0.4489149749279022], "auc_history": [0.5361337716280521, 0.8377309923450836, 0.8389240100294522, 0.8397094407334332, 0.8396141122908785]}, "test": {"loss_history": [0.45014020800590515], "auc_history": [0.8406772322671882]}}