{"train": {"loss_history": [0.416411817073822, 0.4100275933742523, 0.4082048535346985, 0.4072072505950928, 0.4066304564476013]}, "num_train": 103406, "dev": {"loss_history": [0.6445863246917725, 0.4505079984664917, 0.45000776648521423, 0.4491976499557495, 0.4485034942626953], "auc_history": [0.41936081597650693, 0.8370824132355771, 0.8384549177771473, 0.8394653862229404, 0.8403570055717926]}, "test": {"loss_history": [0.4513947665691376], "auc_history": [0.8396675697356951]}}