{"train": {"loss_history": [0.4206424057483673, 0.4143661856651306, 0.41293591260910034, 0.4118380546569824]}, "num_train": 105213, "dev": {"loss_history": [0.6936277747154236, 0.44929689168930054, 0.44888368248939514, 0.4488660991191864], "auc_history": [0.39749726865911744, 0.8385183113545125, 0.8391076452882594, 0.8394937434178775]}, "test": {"loss_history": [0.45094606280326843], "auc_history": [0.8396364060147921]}}