{"train": {"loss_history": [0.42231759428977966, 0.4156092405319214, 0.4141017496585846, 0.41318807005882263, 0.412356972694397, 0.4117499589920044, 0.41121676564216614, 0.41104456782341003]}, "num_train": 105773, "dev": {"loss_history": [0.6478318572044373, 0.44989001750946045, 0.4493541121482849, 0.4492171108722687, 0.44839411973953247, 0.44689953327178955, 0.4465923011302948, 0.445972740650177], "auc_history": [0.2809166429508765, 0.8379747337686628, 0.8389263418746945, 0.8391278165649341, 0.8392920567417066, 0.8408828219979378, 0.8413784516274946, 0.8416853485519316]}, "test": {"loss_history": [0.44947993755340576], "auc_history": [0.8404745420040244]}}