{"train": {"loss_history": [0.6053478121757507, 0.5362913012504578, 0.5064734220504761, 0.48716551065444946, 0.47876960039138794, 0.4738118648529053, 0.4697257876396179, 0.46532103419303894]}, "num_train": 1818, "dev": {"loss_history": [0.6891146302223206, 0.6685210466384888, 0.6320174932479858, 0.5909652709960938, 0.5843226313591003, 0.5802178978919983, 0.5752105116844177, 0.5705336928367615], "auc_history": [0.5739609581831521, 0.7636279544512137, 0.7994641319256164, 0.8010988485215782, 0.7994481834710216, 0.7989298586966923, 0.7981962297853338, 0.796944276099646]}, "test": {"loss_history": [0.5520660281181335], "auc_history": [0.8001333203264722]}}