{"train": {"loss_history": [0.6066805720329285, 0.5104538202285767, 0.465590238571167, 0.4491122364997864, 0.4491172730922699, 0.4463730454444885, 0.4461324214935303, 0.4452252984046936, 0.44396257400512695]}, "num_train": 1795, "dev": {"loss_history": [0.7286704778671265, 0.6611796021461487, 0.5527969598770142, 0.5473669171333313, 0.5466307401657104, 0.543650209903717, 0.5422745943069458, 0.5413433313369751, 0.5406695604324341], "auc_history": [0.7646327070906829, 0.7770406047653983, 0.7955886574590921, 0.8028452042997034, 0.8024783898440241, 0.8034193486651144, 0.8037861631207937, 0.8035469363018723, 0.8037383177570093]}, "test": {"loss_history": [0.5459000468254089], "auc_history": [0.8026290118037265]}}