{"train": {"loss_history": [0.6036141514778137, 0.5340341925621033, 0.46463045477867126, 0.45572760701179504]}, "num_train": 1801, "dev": {"loss_history": [0.6840229630470276, 0.686887264251709, 0.589911699295044, 0.5342676639556885], "auc_history": [0.7046186724506396, 0.7779416924500017, 0.8016331217505024, 0.8018085547510447]}, "test": {"loss_history": [0.566083550453186], "auc_history": [0.8006942412122394]}}