{"train": {"loss_history": [0.6080994606018066, 0.5274943709373474, 0.46186912059783936, 0.4558882415294647, 0.45440229773521423, 0.4539714753627777]}, "num_train": 1819, "dev": {"loss_history": [0.682401180267334, 0.6793591976165771, 0.5622435212135315, 0.5814998149871826, 0.5431032180786133, 0.5410222411155701], "auc_history": [0.49075787056234255, 0.7966093585531563, 0.8036585754840357, 0.8014257918407705, 0.8015055341137443, 0.8014417402953655]}, "test": {"loss_history": [0.5528268814086914], "auc_history": [0.7934103989854648]}}