{"train": {"loss_history": [0.6032503247261047, 0.540144681930542, 0.47086820006370544, 0.4605388939380646]}, "num_train": 1840, "dev": {"loss_history": [0.685056209564209, 0.6631684303283691, 0.5349862575531006, 0.5364168286323547], "auc_history": [0.5560588179005455, 0.7742655736659116, 0.8013779464769865, 0.7996714618353481]}, "test": {"loss_history": [0.5543959140777588], "auc_history": [0.796076805514909]}}