{"train": {"loss_history": [0.6282281279563904, 0.5265953540802002, 0.4648275077342987, 0.46132174134254456]}, "num_train": 1957, "dev": {"loss_history": [0.7292457222938538, 0.6429072618484497, 0.5487335920333862, 0.5353085398674011], "auc_history": [0.6521801537431023, 0.7828777391470767, 0.8042008229402572, 0.801473637204555]}, "test": {"loss_history": [0.5530016422271729], "auc_history": [0.797019802946054]}}