{"train": {"loss_history": [0.6293103694915771, 0.5261924862861633, 0.47157832980155945, 0.4597276449203491]}, "num_train": 1814, "dev": {"loss_history": [0.7300002574920654, 0.6666285395622253, 0.5766162872314453, 0.5509116053581238], "auc_history": [0.41875059806704734, 0.7589231603457626, 0.7959554719147715, 0.7992568020158848]}, "test": {"loss_history": [0.5757119059562683], "auc_history": [0.7940770006178259]}}