{"train": {"loss_history": [0.633488655090332, 0.5763360857963562, 0.5162245631217957, 0.4830399453639984, 0.45551687479019165, 0.45175597071647644, 0.45022669434547424, 0.44832929968833923, 0.4478743374347687, 0.4477413296699524]}, "num_train": 1795, "dev": {"loss_history": [0.7169519662857056, 0.6949855089187622, 0.672551691532135, 0.621760904788971, 0.5809283256530762, 0.5684088468551636, 0.5541715621948242, 0.5476788878440857, 0.5469836592674255, 0.5464543104171753], "auc_history": [0.6743086344933176, 0.7266115913367994, 0.7854294918822367, 0.8026458486172691, 0.8006762144748173, 0.7982679978310101, 0.8001977608369749, 0.8012982042040128, 0.8013938949315811, 0.8015055341137444]}, "test": {"loss_history": [0.5531805753707886], "auc_history": [0.7981416447175885]}}