{"train": {"loss_history": [0.5799379944801331, 0.47927001118659973, 0.46095985174179077, 0.4579647183418274, 0.4571535587310791, 0.455008864402771, 0.45268550515174866, 0.4524945318698883, 0.45112696290016174, 0.4502438008785248]}, "num_train": 1818, "dev": {"loss_history": [0.6813434958457947, 0.5965088605880737, 0.5347493886947632, 0.5701274871826172, 0.563205361366272, 0.5580940842628479, 0.5475115180015564, 0.5452932715415955, 0.5440545082092285, 0.543800950050354], "auc_history": [0.6320213071353386, 0.7890657395298395, 0.8009632866575229, 0.8006921629294121, 0.800708111384007, 0.8015214825683392, 0.8020477815699659, 0.8024145960256452, 0.8021753692067238, 0.8025262352078084]}, "test": {"loss_history": [0.5476795434951782], "auc_history": [0.8004015868370566]}}