{"train": {"loss_history": [0.6026419997215271, 0.5283671021461487, 0.4599200487136841, 0.4601597487926483]}, "num_train": 1896, "dev": {"loss_history": [0.6825768947601318, 0.6499146223068237, 0.5409773588180542, 0.5314022898674011], "auc_history": [0.5034528404197633, 0.7750948933048387, 0.7996555133807535, 0.7993365442888585]}, "test": {"loss_history": [0.5638436079025269], "auc_history": [0.7987106948915552]}}