{"train": {"loss_history": [0.640134871006012, 0.6138699054718018, 0.6138309836387634, 0.6138190031051636]}, "num_train": 1818, "dev": {"loss_history": [0.6933298110961914, 0.6966973543167114, 0.7142347693443298, 0.7133318781852722], "auc_history": [0.5581161685432682, 0.5, 0.5, 0.5]}, "test": {"loss_history": [0.691994309425354], "auc_history": [0.5]}}