{"train": {"loss_history": [0.6014911532402039, 0.5384218692779541, 0.4938246011734009, 0.4671698212623596, 0.4609392285346985, 0.4560440480709076, 0.45476967096328735, 0.4542493522167206, 0.45364779233932495, 0.45219120383262634]}, "num_train": 1818, "dev": {"loss_history": [0.6886010766029358, 0.6763433218002319, 0.6189548969268799, 0.5706343650817871, 0.5657449960708618, 0.5600815415382385, 0.5531450510025024, 0.5499018430709839, 0.548232913017273, 0.5470151305198669], "auc_history": [0.2691461197409971, 0.7564989952473606, 0.7924388376766291, 0.7979251060572232, 0.799623616471564, 0.8010589773850915, 0.8011785907945519, 0.8017447609326656, 0.8020557557972632, 0.8023029568434821]}, "test": {"loss_history": [0.5464505553245544], "auc_history": [0.8039540857802491]}}