{"train": {"loss_history": [0.6046100854873657, 0.5181891322135925, 0.4939434230327606, 0.4831370711326599, 0.4755634367465973, 0.4717628061771393, 0.46819692850112915, 0.46562111377716064, 0.4642202854156494, 0.4629504084587097]}, "num_train": 1819, "dev": {"loss_history": [0.7224627733230591, 0.6488261222839355, 0.5992642045021057, 0.5869272947311401, 0.5779407024383545, 0.5747362375259399, 0.5730675458908081, 0.5665484666824341, 0.5659104585647583, 0.563173770904541], "auc_history": [0.6516060093776914, 0.7825986411916686, 0.7992328793339927, 0.7981563586488469, 0.7988421421964211, 0.7993126216069664, 0.7993684411980481, 0.7986108896047973, 0.798347740103984, 0.7984753277407419]}, "test": {"loss_history": [0.5501763224601746], "auc_history": [0.7962475205670991]}}