{"train": {"loss_history": [0.5984103083610535, 0.526192843914032, 0.48882922530174255, 0.4573565423488617, 0.44967278838157654, 0.44649645686149597]}, "num_train": 1794, "dev": {"loss_history": [0.6897522807121277, 0.6738566160202026, 0.628323495388031, 0.5755156874656677, 0.563431978225708, 0.5496850609779358], "auc_history": [0.4741635035565054, 0.7795126152275844, 0.8043443590316098, 0.8048387611240471, 0.8028691269815955, 0.8031003795732192]}, "test": {"loss_history": [0.5523114204406738], "auc_history": [0.8027346925503203]}}