{"train": {"loss_history": [0.6000330448150635, 0.5276752710342407, 0.46538928151130676, 0.45501908659935, 0.45363137125968933]}, "num_train": 1815, "dev": {"loss_history": [0.6958768963813782, 0.6512528657913208, 0.5808770656585693, 0.5477275848388672, 0.5462210774421692], "auc_history": [0.6418535293930018, 0.7600395521673949, 0.8048307868967497, 0.8031402507097063, 0.8029568434818667]}, "test": {"loss_history": [0.5522626638412476], "auc_history": [0.8021819009527527]}}