{"train": {"loss_history": [0.627005934715271, 0.5371932983398438, 0.4720361530780792, 0.4671683609485626]}, "num_train": 1977, "dev": {"loss_history": [0.6808965802192688, 0.6128559112548828, 0.5272766351699829, 0.5256946086883545], "auc_history": [0.5259880067621447, 0.773611687027527, 0.8013619980223916, 0.8025740805715926]}, "test": {"loss_history": [0.5318829417228699], "auc_history": [0.7980115761063962]}}