{"train": {"loss_history": [0.6455520987510681, 0.5411036014556885, 0.48698195815086365, 0.4597702920436859, 0.45197224617004395, 0.4501419961452484]}, "num_train": 1814, "dev": {"loss_history": [0.7372865676879883, 0.6606060266494751, 0.628074049949646, 0.5573042035102844, 0.5458713173866272, 0.5438998341560364], "auc_history": [0.5310755637778699, 0.7716819240215622, 0.7950942553666549, 0.7991611112883161, 0.8009792351121177, 0.8005007814742751]}, "test": {"loss_history": [0.549435019493103], "auc_history": [0.7983855233635743]}}