{"train": {"loss_history": [0.6274431943893433, 0.5542848110198975, 0.509775698184967, 0.4778868556022644, 0.4485032558441162, 0.4450209140777588, 0.4422759413719177, 0.4413001537322998]}, "num_train": 1794, "dev": {"loss_history": [0.7108924388885498, 0.6930485367774963, 0.6539791226387024, 0.6133720874786377, 0.5658732652664185, 0.5639439821243286, 0.5553510785102844, 0.5548633337020874], "auc_history": [0.2785796306337916, 0.7715064910210201, 0.7887946158017288, 0.8054288539440528, 0.8032758125737616, 0.8024624413894295, 0.8019999362061816, 0.8015214825683392]}, "test": {"loss_history": [0.551896870136261], "auc_history": [0.8062058986115176]}}