{"train": {"loss_history": [0.6329829692840576, 0.5045814514160156, 0.47566357254981995, 0.4728645384311676]}, "num_train": 2058, "dev": {"loss_history": [0.6934340596199036, 0.5790490508079529, 0.5242169499397278, 0.5288511514663696], "auc_history": [0.6125402698478518, 0.7820005741443654, 0.8017128640234763, 0.8002456062007592]}, "test": {"loss_history": [0.5414576530456543], "auc_history": [0.7953939453061492]}}