{"train": {"loss_history": [0.4137026369571686, 0.3897651731967926, 0.38452842831611633, 0.37656956911087036, 0.373218297958374, 0.3715640902519226]}, "num_train": 25048, "dev": {"loss_history": [0.7207004427909851, 0.46602436900138855, 0.44932395219802856, 0.4471067190170288, 0.4333808422088623, 0.4320482611656189], "auc_history": [0.4931094338377403, 0.8059557495819525, 0.8108287628717272, 0.8130904320170553, 0.8240992884504379, 0.8248490116478335]}, "test": {"loss_history": [0.42226171493530273], "auc_history": [0.8307904685542675]}}