{"train": {"loss_history": [0.3966270685195923, 0.3410520553588867, 0.33620142936706543, 0.3351164162158966]}, "num_train": 22512, "dev": {"loss_history": [0.7617568373680115, 0.4514056146144867, 0.44434207677841187, 0.4487103521823883], "auc_history": [0.5283093629402749, 0.8164478744884871, 0.8251852496273259, 0.8241837229319051]}, "test": {"loss_history": [0.44192007184028625], "auc_history": [0.8271625954307492]}}