{"train": {"loss_history": [0.4376879036426544, 0.4197644889354706, 0.4197649359703064, 0.41976645588874817]}, "num_train": 21763, "dev": {"loss_history": [0.6376563310623169, 0.6056745052337646, 0.6058176755905151, 0.6059381365776062], "auc_history": [0.5, 0.5, 0.5, 0.5]}, "test": {"loss_history": [0.5934969782829285], "auc_history": [0.5]}}