{"train": {"loss_history": [0.3996987044811249, 0.3506488800048828, 0.346524178981781, 0.34463825821876526]}, "num_train": 23155, "dev": {"loss_history": [0.724340558052063, 0.43883925676345825, 0.4288601577281952, 0.4341143071651459], "auc_history": [0.4314098270986812, 0.8208607167293769, 0.8259975955859578, 0.8248238875460202]}, "test": {"loss_history": [0.42771005630493164], "auc_history": [0.8279817391144679]}}