{"train": {"loss_history": [0.39777958393096924, 0.3555017113685608, 0.3461951017379761, 0.34164637327194214, 0.3394785523414612]}, "num_train": 22779, "dev": {"loss_history": [0.7751811742782593, 0.4610627591609955, 0.4454132616519928, 0.4320999085903168, 0.4294678568840027], "auc_history": [0.3085057209204771, 0.8102199721359962, 0.8188709753626309, 0.8264850781584558, 0.8290328620751808]}, "test": {"loss_history": [0.42233729362487793], "auc_history": [0.8329565960958571]}}