{"train": {"loss_history": [0.3900666832923889, 0.34484967589378357, 0.33766213059425354, 0.33460932970046997, 0.3329753279685974]}, "num_train": 22268, "dev": {"loss_history": [0.7441386580467224, 0.4752535820007324, 0.47518134117126465, 0.4686123728752136, 0.4509841799736023], "auc_history": [0.4155467067052353, 0.8112321859493523, 0.8138285931277957, 0.8204812927937826, 0.8212974511161226]}, "test": {"loss_history": [0.44498512148857117], "auc_history": [0.822944464506494]}}