{"train": {"loss_history": [0.3900342285633087, 0.35545578598976135, 0.3492882251739502, 0.3470169007778168]}, "num_train": 23287, "dev": {"loss_history": [0.6288636922836304, 0.4417873024940491, 0.4406837821006775, 0.4343912899494171], "auc_history": [0.36219511402467364, 0.8187219806891903, 0.820149367160124, 0.8258638503673494]}, "test": {"loss_history": [0.4273928105831146], "auc_history": [0.8284537923394255]}}