{"train": {"loss_history": [0.5284992456436157, 0.5071449279785156, 0.504634439945221, 0.5004492402076721, 0.4959283769130707, 0.49661368131637573, 0.4955383241176605]}, "num_train": 48238, "dev": {"loss_history": [0.6408489942550659, 0.549712598323822, 0.49793311953544617, 0.47560936212539673, 0.46097782254219055, 0.45461782813072205, 0.4376686215400696], "auc_history": [0.4603081689829588, 0.809644617704917, 0.8121256540078692, 0.8100791646698631, 0.8216613131080565, 0.8246952046464339, 0.8249739446814777]}, "test": {"loss_history": [0.4647500514984131], "auc_history": [0.8227165987277261]}}