{"train": {"loss_history": [0.5537933707237244, 0.5219812989234924, 0.5157785415649414, 0.5113111734390259, 0.5099075436592102, 0.507287323474884, 0.505477249622345, 0.5050345063209534, 0.5046884417533875]}, "num_train": 54139, "dev": {"loss_history": [0.8000726103782654, 0.7888752818107605, 0.4980368912220001, 0.48031914234161377, 0.454606294631958, 0.4434258043766022, 0.439227432012558, 0.4348066747188568, 0.43211373686790466], "auc_history": [0.5505380057662939, 0.4276019632298146, 0.8050898430381114, 0.8128933765617878, 0.8149672399211729, 0.8205487903807439, 0.8189615346251371, 0.8209184021671225, 0.8245694591418357]}, "test": {"loss_history": [0.4269741177558899], "auc_history": [0.8289908772080156]}}