{"train": {"loss_history": [0.5006371140480042, 0.4798751473426819, 0.47502264380455017, 0.4730392098426819, 0.4710049331188202]}, "num_train": 38692, "dev": {"loss_history": [0.6618417501449585, 0.5383879542350769, 0.496194988489151, 0.48343268036842346, 0.4540552496910095], "auc_history": [0.4541821379885669, 0.8142417658568707, 0.8182769965973717, 0.8152299180304303, 0.8123420212727395]}, "test": {"loss_history": [0.4538365304470062], "auc_history": [0.8091502965442949]}}