{"train": {"loss_history": [0.47507479786872864, 0.45321744680404663, 0.44991248846054077]}, "num_train": 33551, "dev": {"loss_history": [0.620364248752594, 0.4724850058555603, 0.46647047996520996], "auc_history": [0.4914641176577937, 0.8238942957789259, 0.8236203055740757]}, "test": {"loss_history": [0.46133190393447876], "auc_history": [0.8293221560514623]}}