{"train": {"loss_history": [0.5646693706512451, 0.544126570224762, 0.539503276348114, 0.5356102585792542, 0.5323783159255981]}, "num_train": 61595, "dev": {"loss_history": [0.7570871710777283, 0.5420365929603577, 0.4931078255176544, 0.4762874245643616, 0.4650844633579254], "auc_history": [0.6274875048217027, 0.753670368784316, 0.8071539567460463, 0.8177508279079022, 0.8178650738236108]}, "test": {"loss_history": [0.46985292434692383], "auc_history": [0.8256994472055266]}}