{"train": {"loss_history": [0.5278376936912537, 0.4972413182258606, 0.48759862780570984, 0.48515453934669495, 0.48417505621910095, 0.4829421639442444]}, "num_train": 45492, "dev": {"loss_history": [0.7097331285476685, 0.7196379899978638, 0.5712642073631287, 0.45977750420570374, 0.43848371505737305, 0.43152907490730286], "auc_history": [0.593309351690677, 0.7323468810990008, 0.8071388947845114, 0.823511621959515, 0.8214343837207819, 0.8261925261171913]}, "test": {"loss_history": [0.4270610511302948], "auc_history": [0.8304375124962766]}}