{"train": {"loss_history": [0.5266500115394592, 0.4917519688606262, 0.48474711179733276, 0.48134562373161316, 0.48070278763771057, 0.4793354868888855, 0.48041820526123047]}, "num_train": 44241, "dev": {"loss_history": [0.6646281480789185, 0.5043438076972961, 0.4762944281101227, 0.46328336000442505, 0.4556117653846741, 0.4498351216316223, 0.4404252767562866], "auc_history": [0.5916762850728087, 0.7902371240228163, 0.8116386089197312, 0.8246626433105018, 0.80823954293634, 0.82389510824988, 0.8186663576777129]}, "test": {"loss_history": [0.4410080909729004], "auc_history": [0.8234055516111525]}}