{"train": {"loss_history": [0.5308843851089478, 0.508037805557251, 0.4976148009300232, 0.4941771924495697, 0.4912284314632416]}, "num_train": 48450, "dev": {"loss_history": [0.686076819896698, 0.5563927888870239, 0.48923903703689575, 0.5012866854667664, 0.4636070728302002], "auc_history": [0.4901611017406128, 0.7348271674287643, 0.8193423960093428, 0.8214683825053255, 0.8250536293327514]}, "test": {"loss_history": [0.4667532444000244], "auc_history": [0.8237639907292931]}}