{"train": {"loss_history": [0.5176979899406433, 0.5072075128555298, 0.49353909492492676, 0.49676719307899475]}, "num_train": 42966, "dev": {"loss_history": [0.640867292881012, 0.7335302233695984, 0.6063748598098755, 0.6046366095542908], "auc_history": [0.46428827669410816, 0.7772943992252278, 0.8099122956354312, 0.8122460872023826]}, "test": {"loss_history": [0.7011512517929077], "auc_history": [0.7993048882373823]}}