{"train": {"loss_history": [0.5057405829429626, 0.4768560230731964, 0.46835872530937195, 0.46586817502975464, 0.46447518467903137, 0.46385470032691956]}, "num_train": 37247, "dev": {"loss_history": [0.711150050163269, 0.7748366594314575, 0.5863380432128906, 0.48694494366645813, 0.46698668599128723, 0.46157392859458923], "auc_history": [0.6044628904516663, 0.7930083999497017, 0.8167722378924954, 0.8202758626379106, 0.8219285535542106, 0.821310700642452]}, "test": {"loss_history": [0.4575839638710022], "auc_history": [0.8262003183745251]}}