{"train": {"loss_history": [0.47891882061958313, 0.45739972591400146, 0.45601531863212585, 0.4534008502960205]}, "num_train": 34348, "dev": {"loss_history": [0.6186734437942505, 0.5381221175193787, 0.5056989789009094, 0.486588716506958], "auc_history": [0.3699407121195417, 0.8196486975590622, 0.8232564435821419, 0.8267460688280395]}, "test": {"loss_history": [0.4856659471988678], "auc_history": [0.8312158520114414]}}