{"train": {"loss_history": [0.49125945568084717, 0.4720301926136017, 0.4702962636947632, 0.467288613319397, 0.46594858169555664, 0.4658220112323761, 0.46425628662109375, 0.46247124671936035, 0.46272504329681396]}, "num_train": 36772, "dev": {"loss_history": [0.643330991268158, 0.6108188033103943, 0.7024033665657043, 0.6694685220718384, 0.5969160795211792, 0.5729124546051025, 0.5646684169769287, 0.5201114416122437, 0.4784751236438751], "auc_history": [0.33902812974436164, 0.8190920299599289, 0.8266326978810508, 0.8265493258616005, 0.8275817264532792, 0.8260908422523896, 0.8198555026657797, 0.8250925029430198, 0.8159461424254084]}, "test": {"loss_history": [0.5286663174629211], "auc_history": [0.8245641349720287]}}