{"train": {"loss_history": [0.5561035871505737, 0.5307921767234802, 0.5241974592208862, 0.5214964151382446, 0.5197118520736694, 0.5185096859931946, 0.5179383754730225]}, "num_train": 57622, "dev": {"loss_history": [0.6409434080123901, 0.7671546339988708, 0.5617110729217529, 0.510244607925415, 0.46818605065345764, 0.4657994508743286, 0.4489867389202118], "auc_history": [0.48292286050773686, 0.7676665559206258, 0.7957488019803292, 0.8008951179995315, 0.8152407301438973, 0.8171824107288164, 0.8165388087375877]}, "test": {"loss_history": [0.4559502601623535], "auc_history": [0.8185645833078308]}}