{"train": {"loss_history": [0.5390991568565369, 0.520257830619812, 0.506736695766449, 0.5046955943107605]}, "num_train": 51098, "dev": {"loss_history": [0.6330012083053589, 0.6009510159492493, 0.5020492076873779, 0.45725172758102417], "auc_history": [0.5656502155047957, 0.7632242147343233, 0.8044918644158472, 0.8258672252466974]}, "test": {"loss_history": [0.4686780571937561], "auc_history": [0.8235215884654776]}}