{"train": {"loss_history": [0.6390575170516968, 0.5332889556884766, 0.5116292238235474, 0.5017419457435608]}, "dev": {"loss_history": [0.680787980556488, 0.5797756314277649, 0.5243959426879883, 0.5262758731842041], "auc_history": [0.6210806672833402, 0.7825906669643711, 0.801649070205097, 0.8015214825683391]}, "test": {"loss_history": [0.5320430994033813], "auc_history": [0.800222742496667]}}