{"train": {"loss_history": [0.43526583909988403, 0.4284079074859619, 0.42692044377326965, 0.4258560240268707, 0.4254056215286255, 0.4249170124530792]}, "num_train": 111558, "dev": {"loss_history": [0.7006850838661194, 0.45871371030807495, 0.45835909247398376, 0.45905938744544983, 0.45736029744148254, 0.4564250707626343], "auc_history": [0.4840779369307002, 0.8329753603620267, 0.8336943857186273, 0.8344099204250931, 0.8348979282091262, 0.8352702588267208]}, "test": {"loss_history": [0.44955429434776306], "auc_history": [0.8414504950752291]}}