{"train": {"loss_history": [0.4388403594493866, 0.43199455738067627, 0.4302825331687927, 0.42914021015167236, 0.4287509024143219, 0.428553968667984]}, "num_train": 113269, "dev": {"loss_history": [0.7087189555168152, 0.45746520161628723, 0.45551741123199463, 0.4562639594078064, 0.4554588198661804, 0.45438817143440247], "auc_history": [0.5965318182538801, 0.8325229617426817, 0.8341591764697593, 0.8351245970403847, 0.8351897310176244, 0.8356703592175597]}, "test": {"loss_history": [0.4507479667663574], "auc_history": [0.8410999867494953]}}