{"train": {"loss_history": [0.44062769412994385, 0.4334859549999237, 0.4318934977054596, 0.43093934655189514]}, "num_train": 114465, "dev": {"loss_history": [0.6647605299949646, 0.4561433494091034, 0.45522356033325195, 0.45447206497192383], "auc_history": [0.28552366966466236, 0.8337629779652029, 0.8348612342876708, 0.8352982779321176]}, "test": {"loss_history": [0.4481338858604431], "auc_history": [0.8410022318006917]}}