{"train": {"loss_history": [0.43326953053474426, 0.4210299551486969, 0.4195208251476288, 0.4187828600406647, 0.41821902990341187, 0.41785570979118347, 0.41746756434440613, 0.41708478331565857, 0.4168834686279297]}, "num_train": 108622, "dev": {"loss_history": [0.7817197442054749, 0.45925575494766235, 0.4597500264644623, 0.45938584208488464, 0.45825350284576416, 0.45742037892341614, 0.45705705881118774, 0.45579639077186584, 0.4555303454399109], "auc_history": [0.45941909390545693, 0.8325119716994924, 0.834397198009156, 0.8348091109154793, 0.8351571753622842, 0.8353967867989129, 0.835437887747116, 0.83599431615949, 0.8361412569873878]}, "test": {"loss_history": [0.44864538311958313], "auc_history": [0.8426487174290902]}}