{"train": {"loss_history": [0.43687519431114197, 0.430541455745697, 0.42880481481552124, 0.4274879992008209, 0.42646318674087524, 0.425775945186615, 0.42533934116363525]}, "num_train": 112201, "dev": {"loss_history": [0.6890124678611755, 0.45964768528938293, 0.4579896330833435, 0.45589762926101685, 0.4554230868816376, 0.45507532358169556, 0.4533900022506714], "auc_history": [0.5158236513449015, 0.8314203987739438, 0.833437881219147, 0.8345033681730007, 0.835497070133495, 0.8363482868640372, 0.8364663666857636]}, "test": {"loss_history": [0.44808879494667053], "auc_history": [0.8420600345292564]}}