{"train": {"loss_history": [0.4259389042854309, 0.4193124771118164, 0.41829046607017517, 0.4170989394187927]}, "num_train": 107879, "dev": {"loss_history": [0.6681436896324158, 0.459737628698349, 0.46054649353027344, 0.4563153386116028], "auc_history": [0.5897116675064951, 0.8332517337197891, 0.8345592541940389, 0.835213835284419]}, "test": {"loss_history": [0.4504547119140625], "auc_history": [0.8418680028891297]}}