{"train": {"loss_history": [0.42674270272254944, 0.4199354350566864, 0.4185553193092346, 0.41783395409584045, 0.4173424243927002, 0.41692933440208435, 0.41659849882125854, 0.41636091470718384]}, "num_train": 108112, "dev": {"loss_history": [0.68894362449646, 0.4578823745250702, 0.4560748338699341, 0.45564424991607666, 0.4548313319683075, 0.45434314012527466, 0.45429420471191406, 0.45388320088386536], "auc_history": [0.525358860852816, 0.8331470757392588, 0.8342624938852099, 0.8348246990321303, 0.8354580156517903, 0.8360148034910336, 0.8364300580958163, 0.8367295707725623]}, "test": {"loss_history": [0.448580265045166], "auc_history": [0.8421120460078309]}}