{"train": {"loss_history": [0.43081071972846985, 0.4240444302558899, 0.4226865768432617, 0.42190736532211304, 0.4212646186351776, 0.420764684677124]}, "num_train": 110040, "dev": {"loss_history": [0.6974853277206421, 0.462039589881897, 0.46069562435150146, 0.4621529281139374, 0.4599592387676239, 0.45649418234825134], "auc_history": [0.560463973071195, 0.8334658517533451, 0.8347013217116832, 0.834442615317869, 0.8355721061590766, 0.8362938094077568]}, "test": {"loss_history": [0.4494219422340393], "auc_history": [0.8423532961279948]}}