{"train": {"loss_history": [0.4258619546890259, 0.41871729493141174, 0.41710007190704346, 0.4161703586578369, 0.4154227674007416]}, "num_train": 107812, "dev": {"loss_history": [0.6795965433120728, 0.4595004618167877, 0.4562588036060333, 0.457206666469574, 0.45583248138427734], "auc_history": [0.5443871686395122, 0.8333658371793953, 0.835050218345023, 0.8356195666962083, 0.835986745528678]}, "test": {"loss_history": [0.4488811790943146], "auc_history": [0.8426636372375556]}}