{"train": {"loss_history": [0.4277149736881256, 0.4205736219882965, 0.41862472891807556, 0.4179025888442993, 0.41676661372184753, 0.4163329005241394]}, "num_train": 108143, "dev": {"loss_history": [0.6840230226516724, 0.4584018886089325, 0.458772212266922, 0.45719286799430847, 0.45657283067703247, 0.4554290771484375], "auc_history": [0.49036658924288096, 0.8328594759584743, 0.8342819936023831, 0.8354845225738725, 0.8358013913588962, 0.8362071681038042]}, "test": {"loss_history": [0.44849491119384766], "auc_history": [0.8425098696773892]}}