{"train": {"loss_history": [0.46049487590789795, 0.454356849193573, 0.4526525139808655, 0.4515104591846466, 0.45062315464019775, 0.4504109025001526, 0.4500085115432739, 0.4496256709098816, 0.44951286911964417]}, "num_train": 124086, "dev": {"loss_history": [0.6679383516311646, 0.4571700096130371, 0.45607301592826843, 0.4543270468711853, 0.4538607895374298, 0.4538549780845642, 0.45286595821380615, 0.45254942774772644, 0.4525303542613983], "auc_history": [0.5273962348228605, 0.8324521902683317, 0.8339141282969742, 0.8348658971227302, 0.8353257044688922, 0.8358760031960107, 0.8361623271733137, 0.8363908870432352, 0.8365321482789838]}, "test": {"loss_history": [0.4462782144546509], "auc_history": [0.8431654513875357]}}