{"train": {"loss_history": [0.4256080090999603, 0.41913217306137085, 0.41720935702323914, 0.41627994179725647, 0.41584354639053345]}, "num_train": 107746, "dev": {"loss_history": [0.6998385190963745, 0.46205058693885803, 0.45947548747062683, 0.4582262635231018, 0.45714789628982544], "auc_history": [0.3850321576305586, 0.8330822720461692, 0.8342942562109739, 0.8354678723670137, 0.8356760226193092]}, "test": {"loss_history": [0.44955646991729736], "auc_history": [0.8422288160803969]}}