{"train": {"loss_history": [0.42936965823173523, 0.41952213644981384, 0.4178931415081024, 0.41710036993026733, 0.41649654507637024, 0.4159770607948303]}, "num_train": 107199, "dev": {"loss_history": [0.7106620073318481, 0.45759117603302, 0.4567413926124573, 0.45567649602890015, 0.45546528697013855, 0.4547867476940155], "auc_history": [0.33959123036259964, 0.8335470563211412, 0.8344614188478632, 0.8351757813694042, 0.8356507947387886, 0.8357103495043562]}, "test": {"loss_history": [0.44722890853881836], "auc_history": [0.8424164828483908]}}