{"train": {"loss_history": [0.4253096282482147, 0.4183923602104187, 0.4169176518917084, 0.4156429171562195, 0.4148794710636139, 0.41447973251342773, 0.4139373004436493]}, "num_train": 107002, "dev": {"loss_history": [0.6877393126487732, 0.460236132144928, 0.45996159315109253, 0.45750969648361206, 0.45694348216056824, 0.4552263021469116, 0.45430925488471985], "auc_history": [0.4196655463687343, 0.8325747774972824, 0.8338906360272812, 0.8342246795881079, 0.835350828730856, 0.8358252074365794, 0.835965244678125]}, "test": {"loss_history": [0.4475287199020386], "auc_history": [0.8424861714095679]}}