{"train": {"loss_history": [0.4315362572669983, 0.4242788851261139, 0.42266955971717834, 0.4220814108848572, 0.42154619097709656]}, "num_train": 110258, "dev": {"loss_history": [0.7624420523643494, 0.4593147933483124, 0.4597773551940918, 0.4615422487258911, 0.45781949162483215], "auc_history": [0.37391667446396304, 0.8324117207457096, 0.8336360646615025, 0.8349264686453873, 0.835182435623604]}, "test": {"loss_history": [0.45143815875053406], "auc_history": [0.8412840778298272]}}