{"train": {"loss_history": [0.43424272537231445, 0.424400269985199, 0.4230211079120636, 0.4222015142440796]}, "num_train": 109918, "dev": {"loss_history": [0.7713016867637634, 0.46119803190231323, 0.4607715904712677, 0.45927584171295166], "auc_history": [0.37165375851446636, 0.8328906230490569, 0.8340716511699934, 0.8345947565020904]}, "test": {"loss_history": [0.4525006413459778], "auc_history": [0.8406935697379259]}}