{"train": {"loss_history": [0.4486047327518463, 0.44190511107444763, 0.44067245721817017, 0.43975701928138733, 0.4392513334751129, 0.4389322102069855, 0.4387013614177704, 0.4385124444961548]}, "num_train": 117800, "dev": {"loss_history": [0.6594918370246887, 0.457769513130188, 0.45613110065460205, 0.4557984471321106, 0.4552178680896759, 0.4547324478626251, 0.45427295565605164, 0.4540637135505676], "auc_history": [0.2940839742659169, 0.8323509322716991, 0.8334153636115046, 0.8337116932557065, 0.8342804458001896, 0.8345989109586054, 0.8352673089359296, 0.8353312415855256]}, "test": {"loss_history": [0.4479910135269165], "auc_history": [0.8412162112130448]}}