{"train": {"loss_history": [0.4303509593009949, 0.42073339223861694, 0.41868725419044495, 0.4176422953605652, 0.41715121269226074]}, "num_train": 107705, "dev": {"loss_history": [0.6434813141822815, 0.45931705832481384, 0.45646557211875916, 0.4562259912490845, 0.455069363117218], "auc_history": [0.3611627196285979, 0.8331886462090479, 0.8352389595463827, 0.8356350252896629, 0.835770163316316]}, "test": {"loss_history": [0.44858643412590027], "auc_history": [0.8420588621194053]}}