{"train": {"loss_history": [0.43484607338905334, 0.4273739159107208, 0.4254579544067383, 0.4245423972606659, 0.42401599884033203, 0.42378950119018555]}, "num_train": 111220, "dev": {"loss_history": [0.7517238855361938, 0.46046480536460876, 0.4575231671333313, 0.4574967920780182, 0.4574427604675293, 0.4561918377876282], "auc_history": [0.5771281813875996, 0.8326805655676986, 0.8346332864148508, 0.8354555126160256, 0.8354688632194638, 0.8357392849863654]}, "test": {"loss_history": [0.4513179063796997], "auc_history": [0.8411219150356855]}}