{"train": {"loss_history": [0.42538878321647644, 0.4185589551925659, 0.41702982783317566, 0.41616082191467285, 0.41541633009910583, 0.41513729095458984]}, "num_train": 107295, "dev": {"loss_history": [0.7596766352653503, 0.4596787989139557, 0.45954132080078125, 0.45829641819000244, 0.4574073553085327, 0.45596858859062195], "auc_history": [0.5439061745365479, 0.8335254615662712, 0.8345130532699893, 0.8350916528154562, 0.835592162825993, 0.8360239445905984]}, "test": {"loss_history": [0.44882863759994507], "auc_history": [0.842088536105027]}}