{"train": {"loss_history": [0.6465087532997131, 0.5633770823478699, 0.5312817692756653, 0.5256706476211548]}, "dev": {"loss_history": [0.6947189569473267, 0.6002963781356812, 0.5052661299705505, 0.5158250331878662], "auc_history": [0.4043312229926641, 0.7493551736843869, 0.8138713027166449, 0.8153451914380463]}, "test": {"loss_history": [0.5225875377655029], "auc_history": [0.8205334967583783]}}