{"train": {"loss_history": [0.4846164882183075, 0.44865232706069946, 0.4458756148815155]}, "dev": {"loss_history": [0.7325660586357117, 0.43331706523895264, 0.42892980575561523], "auc_history": [0.5498288678333112, 0.8193128257002588, 0.8205752750585836]}, "test": {"loss_history": [0.4523366391658783], "auc_history": [0.8081391881158816]}}