{"train": {"loss_history": [0.45914947986602783, 0.4281582236289978, 0.423698365688324, 0.4227686822414398, 0.42172718048095703, 0.4211901128292084, 0.4198233187198639, 0.41945284605026245]}, "dev": {"loss_history": [0.7214258909225464, 0.47741156816482544, 0.47002336382865906, 0.46012645959854126, 0.4493672847747803, 0.44781437516212463, 0.4354248046875, 0.4339136481285095], "auc_history": [0.5660868248960099, 0.8107781396815064, 0.822817646769128, 0.8261681519885664, 0.8265804497489215, 0.8277355959524448, 0.8275927260600433, 0.8271118057529444]}, "test": {"loss_history": [0.42921215295791626], "auc_history": [0.8325130420323741]}}