{"train": {"loss_history": [0.46481284499168396, 0.4576864242553711, 0.455759197473526, 0.45472943782806396]}, "dev": {"loss_history": [0.7632421851158142, 0.45927172899246216, 0.4550827443599701, 0.4561185836791992], "auc_history": [0.3352488099419654, 0.8358202033432973, 0.8376205607202685, 0.8383316137143314]}, "test": {"loss_history": [0.46092742681503296], "auc_history": [0.838450374279844]}}