{"train": {"loss_history": [0.48170948028564453, 0.44983524084091187, 0.44748979806900024, 0.4479801654815674, 0.4448707401752472]}, "dev": {"loss_history": [0.7049177885055542, 0.44278228282928467, 0.4320697486400604, 0.4307534098625183, 0.4289883077144623], "auc_history": [0.7557117485734274, 0.8206630799535632, 0.8209814193254008, 0.8244713599063324, 0.8243073155940523]}, "test": {"loss_history": [0.4424724280834198], "auc_history": [0.7998846630747728]}}