{"train": {"loss_history": [0.4840947687625885, 0.4466153085231781, 0.4433414936065674, 0.44283655285835266, 0.44231539964675903, 0.44173553586006165]}, "dev": {"loss_history": [0.6918091177940369, 0.45480895042419434, 0.4529139995574951, 0.45274847745895386, 0.44997352361679077, 0.44992709159851074], "auc_history": [0.39454356542351715, 0.7967781103611318, 0.798564807043847, 0.7988181054293452, 0.8022384564419184, 0.8016586930208383]}, "test": {"loss_history": [0.43540093302726746], "auc_history": [0.8091609147452941]}}