{"train": {"loss_history": [0.6278119087219238, 0.5541062355041504, 0.5058940649032593, 0.4807581603527069, 0.47698912024497986]}, "num_train": 1936, "dev": {"loss_history": [0.700303852558136, 0.5858297348022461, 0.5325734615325928, 0.49457868933677673, 0.4881141185760498], "auc_history": [0.6081298361973672, 0.742655679496198, 0.8043077747630054, 0.8236693129668711, 0.8249422168626268]}, "test": {"loss_history": [0.5002093315124512], "auc_history": [0.8268715930716382]}}