{"train": {"loss_history": [0.6368839740753174, 0.484310120344162, 0.4395976960659027, 0.4336951971054077, 0.430539608001709, 0.4299030601978302, 0.42942628264427185]}, "num_train": 1517, "dev": {"loss_history": [0.7536650896072388, 0.5859785079956055, 0.5080816745758057, 0.48426347970962524, 0.48118990659713745, 0.4797683656215668, 0.4790066182613373], "auc_history": [0.35058453086791946, 0.7535088600810639, 0.7973235520718185, 0.8179579941714401, 0.8207885304659497, 0.8216259672394735, 0.8230998559608749]}, "test": {"loss_history": [0.49673032760620117], "auc_history": [0.8274199271038286]}}