{"train": {"loss_history": [0.6212063431739807, 0.5268792510032654, 0.4463077485561371, 0.4229627847671509, 0.4141676127910614]}, "num_train": 1405, "dev": {"loss_history": [0.6707174777984619, 0.6190587282180786, 0.5360327363014221, 0.495705783367157, 0.4896772503852844], "auc_history": [0.4943054299400395, 0.7419354838709677, 0.7958496633504171, 0.8169028238368002, 0.8189294208287274]}, "test": {"loss_history": [0.5077653527259827], "auc_history": [0.820307712156888]}}