{"train": {"loss_history": [0.6034334301948547, 0.5015111565589905, 0.43925973773002625, 0.4241905212402344]}, "num_train": 1405, "dev": {"loss_history": [0.6879812479019165, 0.5992940664291382, 0.5211741328239441, 0.49037957191467285], "auc_history": [0.5609486483770476, 0.743325628915017, 0.8049442267108833, 0.81618262821157]}, "test": {"loss_history": [0.5100550651550293], "auc_history": [0.8185175628165016]}}