{"train": {"loss_history": [0.6440675258636475, 0.5267214179039001, 0.4870949983596802, 0.4688798785209656]}, "num_train": 1616, "dev": {"loss_history": [0.7462770938873291, 0.600616455078125, 0.5401910543441772, 0.5099079608917236], "auc_history": [0.46178776002411825, 0.7392054399892809, 0.810538304358021, 0.8232589689478444]}, "test": {"loss_history": [0.5179744958877563], "auc_history": [0.8262103667387027]}}