{"train": {"loss_history": [0.5981014966964722, 0.49039894342422485, 0.42743799090385437, 0.4160926640033722]}, "num_train": 1367, "dev": {"loss_history": [0.6933644413948059, 0.5949511528015137, 0.5338006019592285, 0.49820148944854736], "auc_history": [0.5724801527484675, 0.7433423776504875, 0.7910427762703915, 0.8125146551435367]}, "test": {"loss_history": [0.5171923637390137], "auc_history": [0.8140986356159081]}}