{"train": {"loss_history": [0.6398162841796875, 0.49396446347236633, 0.448030948638916, 0.4438125789165497]}, "num_train": 1648, "dev": {"loss_history": [0.7556581497192383, 0.5882853865623474, 0.5357552766799927, 0.48826614022254944], "auc_history": [0.4196395672126755, 0.7538438347904733, 0.8194988778347236, 0.8249924630690384]}, "test": {"loss_history": [0.4968467354774475], "auc_history": [0.8286617424120245]}}