{"train": {"loss_history": [0.6346675157546997, 0.5522664785385132, 0.5267813205718994, 0.5178635120391846, 0.5130938291549683, 0.511552095413208, 0.5116985440254211, 0.5108869671821594, 0.5108425617218018, 0.511877179145813]}, "num_train": 2363, "dev": {"loss_history": [0.6671299338340759, 0.5862758159637451, 0.5178734064102173, 0.5133504271507263, 0.5073760747909546, 0.5027573704719543, 0.4973456561565399, 0.4924713373184204, 0.4903692603111267, 0.48864737153053284], "auc_history": [0.2956319297893009, 0.7553260978796101, 0.8088634308109738, 0.8173047934880917, 0.8202190734599537, 0.8234683281412254, 0.8252436941010954, 0.8259973871972666, 0.8248584731852745, 0.8252939403075068]}, "test": {"loss_history": [0.4971635937690735], "auc_history": [0.8306776763539013]}}