{"train": {"loss_history": [0.611574649810791, 0.5307508111000061, 0.4696280360221863, 0.44252800941467285, 0.4366197884082794, 0.4337936043739319, 0.43166351318359375, 0.4305727481842041]}, "num_train": 1474, "dev": {"loss_history": [0.6999540328979492, 0.6004198789596558, 0.5520336627960205, 0.4963417649269104, 0.48627394437789917, 0.48571455478668213, 0.48506179451942444, 0.4848397970199585], "auc_history": [0.5265132482497572, 0.7341473218771983, 0.7821324490001005, 0.8148092319029914, 0.8201353297826015, 0.8202023247244834, 0.8202190734599539, 0.8202190734599538]}, "test": {"loss_history": [0.5024924278259277], "auc_history": [0.8245653646421314]}}