{"train": {"loss_history": [0.5781188607215881, 0.44662877917289734, 0.4237145483493805, 0.41462433338165283, 0.4136238098144531]}, "num_train": 1405, "dev": {"loss_history": [0.6603400111198425, 0.5497188568115234, 0.485765665769577, 0.4896667003631592, 0.48776301741600037], "auc_history": [0.7244330553043246, 0.7836733326633839, 0.8216594647104145, 0.8196831139248987, 0.8197166113958397]}, "test": {"loss_history": [0.5025115609169006], "auc_history": [0.8226784504725349]}}