{"train": {"loss_history": [0.6354016065597534, 0.5489376187324524, 0.49360552430152893, 0.4677133858203888, 0.4563504755496979, 0.4498021900653839, 0.44533348083496094, 0.4410865604877472, 0.4387407600879669, 0.4372374713420868]}, "num_train": 1474, "dev": {"loss_history": [0.7325781583786011, 0.6197905540466309, 0.5647041201591492, 0.5303794145584106, 0.527199387550354, 0.5234888195991516, 0.5208430886268616, 0.5129084587097168, 0.507810652256012, 0.5037156343460083], "auc_history": [0.36897464241449773, 0.7258399490838441, 0.7782634911064215, 0.8052373295816166, 0.8073309215154256, 0.8103708170033163, 0.812422537098449, 0.8140304157036145, 0.8168777007335947, 0.819197400596255]}, "test": {"loss_history": [0.5184857249259949], "auc_history": [0.8182192045931038]}}