{"train": {"loss_history": [0.6096752285957336, 0.5309249758720398, 0.49125149846076965, 0.47243666648864746, 0.4578973352909088, 0.450430303812027, 0.4454386830329895]}, "num_train": 1563, "dev": {"loss_history": [0.6599172353744507, 0.5908664464950562, 0.5419616103172302, 0.5206055045127869, 0.5137473940849304, 0.5105642080307007, 0.5082458853721619], "auc_history": [0.32526044283656586, 0.7311576725957191, 0.7872408133185944, 0.8152028271865475, 0.8165259772887148, 0.8158560278698959, 0.8158811509731015]}, "test": {"loss_history": [0.5129327774047852], "auc_history": [0.8192352352998097]}}