{"train": {"loss_history": [0.6393867135047913, 0.5398910045623779, 0.44746309518814087, 0.4164985418319702, 0.41142281889915466, 0.4100456237792969]}, "num_train": 1374, "dev": {"loss_history": [0.6970745325088501, 0.6290053129196167, 0.5478294491767883, 0.5031388401985168, 0.4886062741279602, 0.48743462562561035], "auc_history": [0.7097611630321911, 0.7411315445683851, 0.7740093122969216, 0.8091481593139719, 0.8178909992295581, 0.8194151341573712]}, "test": {"loss_history": [0.5010688304901123], "auc_history": [0.8241783053252911]}}