{"train": {"loss_history": [0.6595228314399719, 0.5590243935585022, 0.4913407862186432, 0.4750843346118927, 0.46295055747032166, 0.4482206106185913, 0.43702954053878784]}, "num_train": 1478, "dev": {"loss_history": [0.7479650974273682, 0.6292600631713867, 0.5387959480285645, 0.5184096693992615, 0.5105171203613281, 0.5038185119628906, 0.4902796447277069], "auc_history": [0.4841054500385221, 0.7622516999966503, 0.8045506314273272, 0.8217767058587077, 0.8236190667604597, 0.8258801460489733, 0.8264328543194989]}, "test": {"loss_history": [0.5033595561981201], "auc_history": [0.829782601683708]}}