{"train": {"loss_history": [0.6336507797241211, 0.5279759168624878, 0.47027072310447693, 0.4336332678794861, 0.41494423151016235, 0.40874409675598145, 0.40683603286743164, 0.4053872525691986, 0.4041747748851776]}, "num_train": 1374, "dev": {"loss_history": [0.7028698921203613, 0.6155959963798523, 0.5522973537445068, 0.5238394737243652, 0.517940878868103, 0.5179033875465393, 0.515522301197052, 0.5148538947105408, 0.5129316449165344], "auc_history": [0.2593039225538472, 0.7469014839379627, 0.7698388771647742, 0.8064683616386963, 0.8158895253408368, 0.8167604595853013, 0.8164422336113624, 0.8160570126955415, 0.8160570126955415]}, "test": {"loss_history": [0.5233495235443115], "auc_history": [0.817856336483566]}}