{"train": {"loss_history": [0.6005851626396179, 0.49934080243110657, 0.47088199853897095, 0.45729899406433105, 0.4495769143104553, 0.44484806060791016, 0.44011178612709045, 0.43704140186309814, 0.43480053544044495]}, "num_train": 1449, "dev": {"loss_history": [0.7036657929420471, 0.5771975517272949, 0.5317508578300476, 0.5210839509963989, 0.5139192938804626, 0.510378897190094, 0.5094188451766968, 0.509253203868866, 0.5079894065856934], "auc_history": [0.4825645663752387, 0.7652329749103942, 0.802163936622785, 0.8128747529561517, 0.8159146484440425, 0.8175811476233545, 0.8157806585602786, 0.8158309047666901, 0.8145412521354638]}, "test": {"loss_history": [0.5150357484817505], "auc_history": [0.8180014837273811]}}