{"train": {"loss_history": [0.6216070652008057, 0.5002210140228271, 0.4602820873260498, 0.45962193608283997, 0.4580516815185547, 0.45485594868659973, 0.4530991017818451, 0.4507637321949005, 0.45030665397644043]}, "num_train": 1712, "dev": {"loss_history": [0.6659740805625916, 0.5849895477294922, 0.5410119295120239, 0.517600417137146, 0.48831576108932495, 0.48221322894096375, 0.48169276118278503, 0.48159584403038025, 0.48024222254753113], "auc_history": [0.5788697953304526, 0.7595551535859043, 0.8181757277325561, 0.8233008407865205, 0.825729407429739, 0.8252604428365657, 0.8255284226040934, 0.82576290490068, 0.825829899842562]}, "test": {"loss_history": [0.4986368715763092], "auc_history": [0.8287746347127697]}}