{"train": {"loss_history": [0.5877426266670227, 0.4499973952770233, 0.4180831015110016, 0.41279420256614685, 0.4102093577384949, 0.4087652564048767, 0.40767067670822144]}, "num_train": 1374, "dev": {"loss_history": [0.6670235395431519, 0.568748950958252, 0.5069990754127502, 0.4925139546394348, 0.4893910586833954, 0.48717212677001953, 0.4863673150539398], "auc_history": [0.6424982413827757, 0.7592369276119653, 0.8042742772920645, 0.8171205573979164, 0.81830971761632, 0.8197333601313102, 0.8202693196663652]}, "test": {"loss_history": [0.5029666423797607], "auc_history": [0.8221946263264845]}}