{"train": {"loss_history": [0.638083279132843, 0.5312371850013733, 0.4595719873905182, 0.44005927443504333, 0.43599316477775574, 0.4335688054561615, 0.4331846535205841, 0.4316674470901489, 0.4308192729949951]}, "num_train": 1595, "dev": {"loss_history": [0.685128927230835, 0.6092953681945801, 0.5382093787193298, 0.4874916672706604, 0.4833061695098877, 0.48213818669319153, 0.4791784882545471, 0.4784080386161804, 0.47566884756088257], "auc_history": [0.6428080929889793, 0.7460556727967038, 0.799040297457542, 0.8256456637523868, 0.8263156131712055, 0.8263156131712056, 0.8272702910930225, 0.8263491106421466, 0.8264496030549693]}, "test": {"loss_history": [0.49872225522994995], "auc_history": [0.828000516079089]}}