{"train": {"loss_history": [0.6126687526702881, 0.4722587764263153, 0.43906423449516296, 0.4360049366950989, 0.4343920648097992, 0.43365153670310974]}, "num_train": 1474, "dev": {"loss_history": [0.685927152633667, 0.5606443881988525, 0.4942203760147095, 0.48572617769241333, 0.484585702419281, 0.4844341576099396], "auc_history": [0.33226141426322314, 0.7679127725856698, 0.8127658861755935, 0.8223461628647037, 0.8230831072254045, 0.8227983787224065]}, "test": {"loss_history": [0.5075013041496277], "auc_history": [0.8263393865109828]}}