{"train": {"loss_history": [0.4823005795478821, 0.458325058221817, 0.4545098841190338, 0.45233026146888733, 0.45072025060653687, 0.4501321613788605, 0.4494055509567261, 0.4493914842605591, 0.44874757528305054, 0.4476476013660431]}, "num_train": 33919, "dev": {"loss_history": [0.6652791500091553, 0.799973726272583, 0.6615131497383118, 0.5956423282623291, 0.5412372350692749, 0.5196078419685364, 0.508974552154541, 0.5025449395179749, 0.4992561638355255, 0.47260400652885437], "auc_history": [0.5793252133597188, 0.7818825816279189, 0.8105275558356422, 0.8125747155160457, 0.8156694510237681, 0.8149991869289345, 0.8164700532678444, 0.8164357640088509, 0.8154261141801152, 0.8160038362407334]}, "test": {"loss_history": [0.4525964856147766], "auc_history": [0.8334414172417703]}}