{"train": {"loss_history": [0.5082982182502747, 0.48729443550109863, 0.4841158092021942, 0.4820130169391632, 0.480167418718338, 0.4799172580242157, 0.4790693521499634, 0.4786137044429779, 0.47817301750183105, 0.4776155948638916]}, "num_train": 40199, "dev": {"loss_history": [0.7445108890533447, 0.4981420934200287, 0.47272172570228577, 0.46538951992988586, 0.4515622556209564, 0.4476918876171112, 0.44622886180877686, 0.44262582063674927, 0.4390502870082855, 0.4366295635700226], "auc_history": [0.5213520124937591, 0.8078379920833374, 0.8169562723627015, 0.8173290381706991, 0.8165847404484932, 0.8192806035533022, 0.8195342011979421, 0.8189338144566634, 0.8191921528511259, 0.8189879758998463]}, "test": {"loss_history": [0.4278884828090668], "auc_history": [0.8370697473332264]}}