{"train": {"loss_history": [0.5177871584892273, 0.49430280923843384, 0.48587849736213684, 0.48627784848213196, 0.48411938548088074, 0.4811207950115204, 0.479279100894928, 0.47871506214141846, 0.4785594642162323]}, "num_train": 40981, "dev": {"loss_history": [0.7167728543281555, 0.7178941369056702, 0.5815064907073975, 0.6249558925628662, 0.597980797290802, 0.5112775564193726, 0.47637686133384705, 0.45847439765930176, 0.44317978620529175], "auc_history": [0.4295714855717552, 0.7951001817850261, 0.8071190865964846, 0.8187043751535874, 0.8133592771408578, 0.8160325405067848, 0.8135262424531159, 0.8167991132589811, 0.8151472541836793]}, "test": {"loss_history": [0.4398818910121918], "auc_history": [0.8385202730600123]}}