{"train": {"loss_history": [0.5025832056999207, 0.48065492510795593, 0.4758656919002533, 0.4731399416923523, 0.47172024846076965]}, "num_train": 37449, "dev": {"loss_history": [0.6274766325950623, 0.7774861454963684, 0.6403743028640747, 0.5722845196723938, 0.5196791291236877], "auc_history": [0.4776252194382692, 0.7927719540877213, 0.8098969062256306, 0.8190133681351994, 0.8178263623096621]}, "test": {"loss_history": [0.5261174440383911], "auc_history": [0.8362734204199107]}}