{"train": {"loss_history": [0.4743150770664215, 0.4464837312698364, 0.4433024525642395, 0.4415723383426666]}, "num_train": 32231, "dev": {"loss_history": [0.6797282099723816, 0.4793696701526642, 0.44750458002090454, 0.43951061367988586], "auc_history": [0.6616044333933742, 0.8082458913934479, 0.8178891610093719, 0.8199088503175134]}, "test": {"loss_history": [0.4362601339817047], "auc_history": [0.8354626951173718]}}