{"train": {"loss_history": [0.5191622376441956, 0.5035478472709656, 0.49842679500579834, 0.4970589280128479]}, "num_train": 42876, "dev": {"loss_history": [0.6924886703491211, 0.5902170538902283, 0.5384231805801392, 0.47956162691116333], "auc_history": [0.5793998314630967, 0.8020275862283944, 0.8160764411489811, 0.8190833104305328]}, "test": {"loss_history": [0.5297033190727234], "auc_history": [0.8287417190064112]}}