{"train": {"loss_history": [0.49577343463897705, 0.4714179039001465, 0.46593576669692993, 0.46377235651016235, 0.4627189338207245, 0.461047887802124, 0.45982688665390015, 0.45895931124687195, 0.45870932936668396, 0.4584815502166748]}, "num_train": 36627, "dev": {"loss_history": [0.6975969672203064, 0.4809397757053375, 0.4586467444896698, 0.44085049629211426, 0.43203821778297424, 0.4300522208213806, 0.4266785681247711, 0.42600569128990173, 0.4255770146846771, 0.42352014780044556], "auc_history": [0.5734105110086706, 0.8119919279967123, 0.8200167186114304, 0.8202921366936113, 0.8219697776549368, 0.8225472399484415, 0.8230035208834576, 0.822962997213738, 0.8228795470284981, 0.8237947715114446]}, "test": {"loss_history": [0.41211989521980286], "auc_history": [0.841196709641699]}}