{"train": {"loss_history": [0.42826879024505615, 0.39219921827316284, 0.38816481828689575, 0.3866867423057556, 0.38521015644073486]}, "num_train": 26121, "dev": {"loss_history": [0.6429622173309326, 0.43312573432922363, 0.4281110465526581, 0.42784059047698975, 0.4264349043369293], "auc_history": [0.5589934362045739, 0.8157372502404145, 0.819079738632721, 0.8185737772372313, 0.8200048342659838]}, "test": {"loss_history": [0.4168734550476074], "auc_history": [0.8338669696343731]}}