{"train": {"loss_history": [0.43248048424720764, 0.3933698534965515, 0.3888929784297943, 0.38709476590156555, 0.3857824206352234]}, "num_train": 26192, "dev": {"loss_history": [0.7018197774887085, 0.4313845634460449, 0.4267478287220001, 0.42435356974601746, 0.4236752688884735], "auc_history": [0.505180860255164, 0.8185679974189539, 0.8203767558308626, 0.8229939744420333, 0.8232821860545583]}, "test": {"loss_history": [0.4142932593822479], "auc_history": [0.836720858364133]}}