{"train": {"loss_history": [0.4423823952674866, 0.40576452016830444, 0.40193575620651245, 0.3999616801738739, 0.3988683819770813]}, "num_train": 27580, "dev": {"loss_history": [0.7713221907615662, 0.4309707581996918, 0.4255441725254059, 0.42548826336860657, 0.4254864752292633], "auc_history": [0.44163682375476737, 0.8161805428197513, 0.8216518876496843, 0.8215242121133561, 0.822620169565581]}, "test": {"loss_history": [0.4176919460296631], "auc_history": [0.8352030121686227]}}