{"train": {"loss_history": [0.4136406183242798, 0.37489867210388184, 0.3717673122882843, 0.3695468008518219]}, "num_train": 24783, "dev": {"loss_history": [0.7468522787094116, 0.4293610453605652, 0.4274848997592926, 0.42712485790252686], "auc_history": [0.5094568217701466, 0.8187513280593683, 0.8219502301796393, 0.8223544278083812]}, "test": {"loss_history": [0.41850271821022034], "auc_history": [0.8344522481580939]}}