{"train": {"loss_history": [0.42021438479423523, 0.37640005350112915, 0.372944176197052, 0.371504545211792]}, "num_train": 24783, "dev": {"loss_history": [0.66432785987854, 0.43220090866088867, 0.4369836449623108, 0.4373774826526642], "auc_history": [0.5105473241129862, 0.8170955724773626, 0.8157888789542398, 0.8145464777917302]}, "test": {"loss_history": [0.43007978796958923], "auc_history": [0.8254740525667913]}}