{"train": {"loss_history": [0.41865074634552, 0.3856290280818939, 0.37995168566703796, 0.3782067596912384, 0.3766579329967499, 0.3753625452518463]}, "num_train": 25010, "dev": {"loss_history": [0.6281535029411316, 0.441392719745636, 0.4321356415748596, 0.4312725067138672, 0.4283602833747864, 0.42567816376686096], "auc_history": [0.45511087899476366, 0.8115001888506915, 0.8158234279803471, 0.8165039528761675, 0.8183601837280841, 0.8212298959736617]}, "test": {"loss_history": [0.4178329408168793], "auc_history": [0.8330714746279905]}}