{"train": {"loss_history": [0.42472043633461, 0.39397820830345154, 0.38795170187950134, 0.38672295212745667, 0.38603976368904114]}, "num_train": 25965, "dev": {"loss_history": [0.7370064854621887, 0.4366534352302551, 0.4265519082546234, 0.42519882321357727, 0.42426419258117676], "auc_history": [0.5673235181195355, 0.8114638214547893, 0.8206841252680146, 0.8219030824485233, 0.8228772091244756]}, "test": {"loss_history": [0.4147410988807678], "auc_history": [0.8361346199477973]}}