{"train": {"loss_history": [0.44059112668037415, 0.3998938202857971, 0.39746585488319397, 0.3960704803466797, 0.3953517973423004]}, "num_train": 27237, "dev": {"loss_history": [0.677381694316864, 0.4264183044433594, 0.42495226860046387, 0.4254700243473053, 0.42436209321022034], "auc_history": [0.5258322808435781, 0.8204733242553386, 0.8222722115169308, 0.8226279625789886, 0.8227290119861741]}, "test": {"loss_history": [0.41553908586502075], "auc_history": [0.836361410576276]}}