{"train": {"loss_history": [0.4109898507595062, 0.38120171427726746, 0.377779096364975, 0.376239150762558]}, "num_train": 24995, "dev": {"loss_history": [0.6413443088531494, 0.4318530857563019, 0.42934170365333557, 0.42779260873794556], "auc_history": [0.6343064166113797, 0.8165620108260542, 0.820561450248623, 0.8222361038881422]}, "test": {"loss_history": [0.4193301200866699], "auc_history": [0.8349430732485095]}}