{"train": {"loss_history": [0.44303932785987854, 0.39953863620758057, 0.39299607276916504, 0.39132407307624817]}, "num_train": 26625, "dev": {"loss_history": [0.6739301681518555, 0.4351262152194977, 0.42664629220962524, 0.4258158504962921], "auc_history": [0.30779539027670916, 0.8146017432451459, 0.8205287195923111, 0.8212771086465562]}, "test": {"loss_history": [0.41955986618995667], "auc_history": [0.8323683212911605]}}