{"train": {"loss_history": [0.5057233572006226, 0.4977322220802307, 0.4977462589740753, 0.4977513551712036]}, "num_train": 25881, "dev": {"loss_history": [0.671542227268219, 0.5637694597244263, 0.5640325546264648, 0.5641273260116577], "auc_history": [0.6294731247541954, 0.5, 0.5, 0.5]}, "test": {"loss_history": [0.5712173581123352], "auc_history": [0.5]}}