{"train": {"loss_history": [0.6576907634735107, 0.5872812271118164, 0.5335529446601868, 0.5200560092926025, 0.5179159641265869, 0.5153909921646118, 0.513440728187561]}, "dev": {"loss_history": [0.6926389336585999, 0.6107945442199707, 0.5623725056648254, 0.5341400504112244, 0.5161648988723755, 0.5133757591247559, 0.5128719806671143], "auc_history": [0.5560020741508944, 0.7465565854290899, 0.8037415737619911, 0.8127025537982888, 0.8131238656987296, 0.8134641560798548, 0.8136910163339381]}, "test": {"loss_history": [0.505568265914917], "auc_history": [0.8125041420902643]}}