{"train": {"loss_history": [0.4258352816104889, 0.41827890276908875, 0.4167347252368927, 0.4156651794910431]}, "num_train": 107268, "dev": {"loss_history": [0.7469812631607056, 0.44857528805732727, 0.4466402232646942, 0.4457222819328308], "auc_history": [0.35062122918963784, 0.8416865715874925, 0.8426512377865206, 0.8434556039011394]}, "test": {"loss_history": [0.44826000928878784], "auc_history": [0.8415452858300496]}}