{"train": {"loss_history": [0.44482243061065674, 0.4345589578151703, 0.4327150583267212, 0.4315689206123352, 0.431173712015152, 0.4308103621006012]}, "num_train": 114141, "dev": {"loss_history": [0.6885255575180054, 0.44835102558135986, 0.44705507159233093, 0.4462750554084778, 0.4455958902835846, 0.44510823488235474], "auc_history": [0.6012786993181556, 0.8416611345045559, 0.8424694774986632, 0.8431227221927245, 0.8433851572499413, 0.8436768243208483]}, "test": {"loss_history": [0.44787004590034485], "auc_history": [0.8413083691544575]}}