{"train": {"loss_history": [0.4399389922618866, 0.43250027298927307, 0.4306891858577728, 0.4298880100250244]}, "num_train": 113366, "dev": {"loss_history": [0.6594341993331909, 0.449461430311203, 0.4470100700855255, 0.44561102986335754], "auc_history": [0.4055620922443565, 0.8413269401659832, 0.8428427810679561, 0.8436294721626267]}, "test": {"loss_history": [0.4497089982032776], "auc_history": [0.8412295580110211]}}