{"train": {"loss_history": [0.45184528827667236, 0.44573265314102173, 0.4438392221927643, 0.4429338574409485, 0.4423816204071045, 0.44182607531547546]}, "num_train": 119090, "dev": {"loss_history": [0.6653213500976562, 0.45030778646469116, 0.4482372999191284, 0.44667375087738037, 0.44630759954452515, 0.44596850872039795], "auc_history": [0.6942551298545052, 0.8412873273271579, 0.8426059098079732, 0.8430983378131819, 0.8435066047813099, 0.8437303042525299]}, "test": {"loss_history": [0.4480559229850769], "auc_history": [0.8420625496348041]}}