{"train": {"loss_history": [0.4307471513748169, 0.421548068523407, 0.419928640127182, 0.4190174639225006, 0.41866233944892883]}, "num_train": 107874, "dev": {"loss_history": [0.7994499206542969, 0.44927728176116943, 0.44761449098587036, 0.44757360219955444, 0.44690263271331787], "auc_history": [0.5940635872228865, 0.8405384978147404, 0.8418197320686613, 0.8420653011279827, 0.8424647045934602]}, "test": {"loss_history": [0.4502820670604706], "auc_history": [0.8403180309206407]}}