{"train": {"loss_history": [0.4307563900947571, 0.4235065281391144, 0.42140141129493713, 0.42060625553131104]}, "num_train": 108891, "dev": {"loss_history": [0.7161009907722473, 0.44940564036369324, 0.4470234215259552, 0.4461609721183777], "auc_history": [0.6091059454406834, 0.8406137271183951, 0.8419543838796384, 0.842720544009042]}, "test": {"loss_history": [0.4487476348876953], "auc_history": [0.8405016641281047]}}