{"train": {"loss_history": [0.42790791392326355, 0.4198276996612549, 0.41741329431533813, 0.41636204719543457]}, "num_train": 107119, "dev": {"loss_history": [0.6556398868560791, 0.4502224326133728, 0.4482528269290924, 0.4475933909416199], "auc_history": [0.3280239403726444, 0.8407431284087404, 0.8416822633013802, 0.8425769702118925]}, "test": {"loss_history": [0.4513663649559021], "auc_history": [0.8406937233170766]}}