{"train": {"loss_history": [0.42410728335380554, 0.41748344898223877, 0.4158554971218109, 0.41487860679626465]}, "num_train": 106533, "dev": {"loss_history": [0.6864839792251587, 0.45226338505744934, 0.44880029559135437, 0.44743120670318604], "auc_history": [0.41587655482747976, 0.8403472404527454, 0.8416235620908279, 0.8424916427534586]}, "test": {"loss_history": [0.4498140513896942], "auc_history": [0.8406328311681869]}}