{"train": {"loss_history": [0.43321242928504944, 0.42381852865219116, 0.42179790139198303, 0.42068764567375183, 0.41972416639328003, 0.4189898669719696, 0.41871824860572815, 0.41837450861930847, 0.41829851269721985, 0.41806668043136597]}, "num_train": 108371, "dev": {"loss_history": [0.7362366914749146, 0.4513343274593353, 0.44792288541793823, 0.4474585950374603, 0.44638875126838684, 0.44608309864997864, 0.44585031270980835, 0.44545939564704895, 0.4454084634780884, 0.44532057642936707], "auc_history": [0.513618050525747, 0.8404111369494921, 0.8420809909572714, 0.8425629569102313, 0.8432882922922728, 0.843320263284238, 0.8433733988129573, 0.8437015498542685, 0.8437798203010614, 0.8439111612948826]}, "test": {"loss_history": [0.44813352823257446], "auc_history": [0.8414373891584511]}}