{"train": {"loss_history": [0.4292263090610504, 0.42286598682403564, 0.42103850841522217, 0.4200168251991272, 0.4192203879356384, 0.4186953008174896]}, "num_train": 108677, "dev": {"loss_history": [0.6756247878074646, 0.4498707950115204, 0.44905903935432434, 0.4476016163825989, 0.44604766368865967, 0.44574880599975586], "auc_history": [0.5806353059784111, 0.8409188551465898, 0.8417515565275632, 0.8423485368244842, 0.8434205007916687, 0.8437403926600555]}, "test": {"loss_history": [0.44864892959594727], "auc_history": [0.8406161997466419]}}