{"train": {"loss_history": [0.43586471676826477, 0.42828333377838135, 0.4266151189804077, 0.4255598783493042, 0.4248107969760895, 0.42452868819236755, 0.42421844601631165, 0.42409488558769226, 0.42391127347946167]}, "num_train": 111197, "dev": {"loss_history": [0.6534375548362732, 0.45023977756500244, 0.44769948720932007, 0.44639742374420166, 0.44618862867355347, 0.44554418325424194, 0.44528815150260925, 0.44522207975387573, 0.44479605555534363], "auc_history": [0.6652007923529494, 0.8409241479053208, 0.8426188866516631, 0.8430354615289838, 0.8432963695164624, 0.8435709788934854, 0.8438179353119093, 0.8438406919000927, 0.8444011914756941]}, "test": {"loss_history": [0.4481905698776245], "auc_history": [0.8414530865219998]}}