{"train": {"loss_history": [0.43270668387413025, 0.42565998435020447, 0.4236671030521393, 0.42282283306121826, 0.42196595668792725, 0.42148515582084656]}, "num_train": 109873, "dev": {"loss_history": [0.7129553556442261, 0.4503624141216278, 0.44684457778930664, 0.44638893008232117, 0.4452791213989258, 0.4451238811016083], "auc_history": [0.40888826457368266, 0.8408814711797656, 0.8425076347476103, 0.843063783799, 0.843533955575046, 0.844078453409242]}, "test": {"loss_history": [0.4476379156112671], "auc_history": [0.8415335322669296]}}