{"train": {"loss_history": [0.43318629264831543, 0.42589983344078064, 0.4244266152381897, 0.4234751760959625, 0.42292457818984985, 0.4224197566509247, 0.42226648330688477]}, "num_train": 110099, "dev": {"loss_history": [0.6753362417221069, 0.4498082399368286, 0.44794705510139465, 0.4468677341938019, 0.4462963342666626, 0.4457232654094696, 0.4453403353691101], "auc_history": [0.6017954629666387, 0.8411271312134542, 0.842178525226357, 0.8427716196181572, 0.8429392236446331, 0.8433235318632946, 0.8437027487664671]}, "test": {"loss_history": [0.4484313130378723], "auc_history": [0.8407857669487937]}}