{"train": {"loss_history": [0.4232069253921509, 0.4162657558917999, 0.414529025554657, 0.41358569264411926]}, "num_train": 106141, "dev": {"loss_history": [0.6470552682876587, 0.44884130358695984, 0.44771191477775574, 0.4468619227409363], "auc_history": [0.2398839281439999, 0.8411307441954731, 0.8420960602114109, 0.842799873657398]}, "test": {"loss_history": [0.4498506784439087], "auc_history": [0.840356200811468]}}