{"train": {"loss_history": [0.43905818462371826, 0.42934149503707886, 0.4278406798839569, 0.4266546070575714, 0.4255750775337219, 0.4249246120452881, 0.4242601692676544]}, "num_train": 110572, "dev": {"loss_history": [0.6856846213340759, 0.4517200291156769, 0.448857843875885, 0.44788748025894165, 0.4475456476211548, 0.4469316899776459, 0.4466337561607361], "auc_history": [0.5087477312698545, 0.840343825664884, 0.8420270529046683, 0.8423966720120821, 0.8425005095051935, 0.8426222721977636, 0.8429263442734798]}, "test": {"loss_history": [0.44875141978263855], "auc_history": [0.8411109229157222]}}