{"train": {"loss_history": [0.42456915974617004, 0.41679397225379944, 0.4152196943759918, 0.41423365473747253, 0.41341400146484375, 0.41307130455970764, 0.4128744900226593]}, "num_train": 106300, "dev": {"loss_history": [0.7566702961921692, 0.449727326631546, 0.4478626847267151, 0.4468855559825897, 0.4466806948184967, 0.44631755352020264, 0.44588831067085266], "auc_history": [0.3535976115745544, 0.8411873237538148, 0.8422309946927439, 0.8427527944222784, 0.8428826148445305, 0.8430481524532334, 0.8431100605102358]}, "test": {"loss_history": [0.4485771358013153], "auc_history": [0.8411886962169406]}}