{"train": {"loss_history": [0.6185290217399597, 0.6170976758003235, 0.6170980334281921, 0.6170980334281921, 0.6170980334281921, 0.6170980334281921, 0.6170980334281921, 0.6170980334281921, 0.6170980334281921, 0.6170980334281921]}, "num_train": 114141, "dev": {"loss_history": [0.7599025368690491, 0.626961350440979, 0.6269610524177551, 0.6269609928131104, 0.6269609928131104, 0.6269609928131104, 0.6269609928131104, 0.6269609928131104, 0.6269609928131104, 0.6269609928131104], "auc_history": [0.360182901626278, 0.5, 0.5, 0.5, 0.5, 0.5, 0.5, 0.5, 0.5, 0.5]}, "test": {"loss_history": [0.6278640031814575], "auc_history": [0.5]}}