{"train": {"loss_history": [0.4384402930736542, 0.43066439032554626, 0.4295520484447479, 0.42887887358665466]}, "num_train": 111434, "dev": {"loss_history": [0.7259334325790405, 0.45040008425712585, 0.44823506474494934, 0.44832780957221985], "auc_history": [0.46770787826519755, 0.8405415519542169, 0.8415407461747504, 0.8415146560258194]}, "test": {"loss_history": [0.4515569806098938], "auc_history": [0.8392320847157391]}}