{"train": {"loss_history": [0.42608416080474854, 0.4186759293079376, 0.4169897139072418, 0.4161064624786377, 0.4157334566116333]}, "num_train": 107520, "dev": {"loss_history": [0.729813814163208, 0.44850555062294006, 0.4474407434463501, 0.44669675827026367, 0.4454277753829956], "auc_history": [0.6688604637167548, 0.8417084086847484, 0.8427878552936501, 0.8432728169025643, 0.8439950851487914]}, "test": {"loss_history": [0.44915562868118286], "auc_history": [0.8404015772191973]}}