{"train": {"loss_history": [0.47686731815338135, 0.4454275369644165, 0.4431040287017822]}, "dev": {"loss_history": [0.6868197321891785, 0.44286519289016724, 0.4411860406398773], "auc_history": [0.5938897060007762, 0.8052585695871937, 0.8049163913568207]}, "test": {"loss_history": [0.4359007179737091], "auc_history": [0.8172172482720013]}}