{"train": {"loss_history": [0.6196092367172241, 0.5379651784896851, 0.5138115286827087, 0.51323401927948]}, "dev": {"loss_history": [0.6879884004592896, 0.5778666734695435, 0.5189099311828613, 0.5129791498184204], "auc_history": [0.5128933291378226, 0.7957284455632472, 0.8293187539332914, 0.8282174323473883]}, "test": {"loss_history": [0.5174118876457214], "auc_history": [0.7895052217086115]}}