{"train": {"loss_history": [0.4992612898349762, 0.49356263875961304, 0.49214985966682434, 0.4911189377307892, 0.49056920409202576, 0.49027350544929504, 0.4900874197483063]}, "num_train": 148159, "dev": {"loss_history": [0.7187500596046448, 0.4857603907585144, 0.47989675402641296, 0.4746761918067932, 0.4677965044975281, 0.4590670168399811, 0.4586547017097473], "auc_history": [0.4079570589035393, 0.8361071148864146, 0.8385572156648524, 0.8393348615931788, 0.8398185417388657, 0.8388991424490732, 0.8391361720719416]}, "test": {"loss_history": [0.4682662785053253], "auc_history": [0.8394048278875217]}}