{"train": {"loss_history": [0.5633704662322998, 0.5597962141036987, 0.5581519603729248, 0.5574349761009216, 0.5566962361335754, 0.5563923120498657]}, "num_train": 226630, "dev": {"loss_history": [0.7036449909210205, 0.5124328136444092, 0.4912327229976654, 0.4868963062763214, 0.4765218198299408, 0.46801283955574036], "auc_history": [0.48863485697971276, 0.8079940625154076, 0.8253794331288782, 0.8259576687838017, 0.830040035141136, 0.8310109013536775]}, "test": {"loss_history": [0.4886859357357025], "auc_history": [0.8214441766110133]}}