{"train": {"loss_history": [0.6002504229545593, 0.5965638160705566, 0.594363808631897, 0.5938511490821838, 0.5917512774467468]}, "num_train": 330152, "dev": {"loss_history": [0.6690905690193176, 0.6224956512451172, 0.5686290264129639, 0.5050714015960693, 0.5035814046859741], "auc_history": [0.4499289589486374, 0.7403623874053848, 0.7665171952779372, 0.7986311624889055, 0.8087420825945324]}, "test": {"loss_history": [0.5133348107337952], "auc_history": [0.8150676040998396]}}