{"train": {"loss_history": [0.5814537405967712, 0.5767063498497009, 0.5757429599761963, 0.574678361415863, 0.5738447904586792]}, "num_train": 267593, "dev": {"loss_history": [0.7414963245391846, 0.47432100772857666, 0.4638766050338745, 0.4991520345211029, 0.4887621998786926], "auc_history": [0.6597876797181665, 0.8290870018373832, 0.8307360534407009, 0.8298902915407289, 0.8322220324205283]}, "test": {"loss_history": [0.5218432545661926], "auc_history": [0.8326016841663566]}}