{"train": {"loss_history": [0.5441645383834839, 0.5387588739395142, 0.5370823740959167, 0.536134660243988, 0.535669207572937, 0.5350930094718933, 0.534559428691864]}, "num_train": 194605, "dev": {"loss_history": [0.6591161489486694, 0.50248122215271, 0.4886421859264374, 0.4736917316913605, 0.4647682011127472, 0.4598335027694702, 0.4540810286998749], "auc_history": [0.32431541703688926, 0.8350016539142345, 0.8379078114408754, 0.8383567226325398, 0.8395788052187232, 0.8402200496150136, 0.8400492476583432]}, "test": {"loss_history": [0.4631122052669525], "auc_history": [0.8390621691986382]}}