{"train": {"loss_history": [0.5218608379364014, 0.5167152881622314, 0.5149775147438049, 0.5137988328933716]}, "num_train": 167563, "dev": {"loss_history": [0.666183590888977, 0.48498791456222534, 0.4779950976371765, 0.4660201072692871], "auc_history": [0.46724421113874404, 0.8312389068985251, 0.831121189480324, 0.8306910504581894]}, "test": {"loss_history": [0.4677312672138214], "auc_history": [0.8317886116966432]}}