{"train": {"loss_history": [0.47687017917633057, 0.47027337551116943, 0.46866950392723083, 0.46779707074165344, 0.46725454926490784]}, "num_train": 132659, "dev": {"loss_history": [0.7338690161705017, 0.4851119816303253, 0.4706707000732422, 0.4653250575065613, 0.46053174138069153], "auc_history": [0.6529274236291168, 0.8283006220886953, 0.8301864750223402, 0.8319839722199025, 0.8317767543415909]}, "test": {"loss_history": [0.46510088443756104], "auc_history": [0.8308005568737098]}}