{"train": {"loss_history": [0.6778802871704102, 0.6621409058570862, 0.6092863082885742, 0.5977810621261597, 0.5943366289138794, 0.5920105576515198]}, "num_train": 4723, "dev": {"loss_history": [0.6912789344787598, 0.7140815854072571, 0.5678539276123047, 0.5348038077354431, 0.5279990434646606, 0.5231558680534363], "auc_history": [0.6630963183821623, 0.7524711563391235, 0.8146308659579984, 0.8003710785584651, 0.8046814233860513, 0.808764907959554]}, "test": {"loss_history": [0.5082345008850098], "auc_history": [0.8056614089734242]}}