{"train": {"loss_history": [0.6602668166160583, 0.602824866771698, 0.5850516557693481, 0.5810583233833313, 0.5802904367446899, 0.5784436464309692, 0.5774827599525452, 0.5761167407035828, 0.5737963914871216, 0.5722746253013611]}, "num_train": 3664, "dev": {"loss_history": [0.6810742616653442, 0.6035779118537903, 0.5406243801116943, 0.5228647589683533, 0.5174925327301025, 0.515801727771759, 0.5138102769851685, 0.5112439393997192, 0.5088775157928467, 0.5070886015892029], "auc_history": [0.5012963443090485, 0.7998606429867774, 0.8161945812807881, 0.8158623930515945, 0.8174504148301789, 0.8184226730619653, 0.8193382162302307, 0.8196866087632875, 0.8191518667358051, 0.8206588669950738]}, "test": {"loss_history": [0.4982493817806244], "auc_history": [0.8183693419046988]}}