{"train": {"loss_history": [0.6774276494979858, 0.6823838949203491, 0.6645770072937012, 0.5659894943237305, 0.5531488060951233, 0.5496805906295776, 0.5505600571632385, 0.5486128330230713, 0.5468745231628418, 0.5453112125396729]}, "num_train": 2990, "dev": {"loss_history": [0.6846752762794495, 0.694736123085022, 0.6736633777618408, 0.6081228256225586, 0.5657133460044861, 0.5412989258766174, 0.5274473428726196, 0.5234941840171814, 0.5219800472259521, 0.5195918083190918], "auc_history": [0.6490390847809178, 0.7610270287788437, 0.7805532149338863, 0.7430402514907959, 0.7908915607985482, 0.8030609929997408, 0.8044545631319677, 0.8035147135079077, 0.8053133912367125, 0.8067555742805288]}, "test": {"loss_history": [0.5109961032867432], "auc_history": [0.8004755119623568]}}