{"train": {"loss_history": [0.45012643933296204, 0.4493728578090668, 0.44825541973114014, 0.44718727469444275, 0.4472457766532898, 0.44637569785118103, 0.4463519752025604]}, "num_train": 34988, "dev": {"loss_history": [0.46310898661613464, 0.4276648163795471, 0.4258582293987274, 0.42012107372283936, 0.4192572236061096, 0.41888123750686646, 0.4187169075012207], "auc_history": [0.8203592687761319, 0.8281489870681591, 0.8303340447921777, 0.8309467041464006, 0.831488883968136, 0.8328485622944239, 0.8322451934240289]}, "test": {"loss_history": [0.41731157898902893], "auc_history": [0.8378451152816374]}}