{"train": {"loss_history": [0.43520137667655945]}, "num_train": 31606, "dev": {"loss_history": [0.4407079815864563], "auc_history": [0.8237707985100371]}, "test": {"loss_history": [0.4437713325023651], "auc_history": [0.8305807225246489]}}