{"train": {"loss_history": [0.4546409547328949, 0.4338914752006531, 0.42942100763320923, 0.427939772605896, 0.4267004430294037, 0.4252360463142395, 0.4241557717323303, 0.42324256896972656, 0.4227595031261444, 0.42250531911849976]}, "num_train": 30121, "dev": {"loss_history": [0.627351701259613, 0.4354477822780609, 0.42233479022979736, 0.42174598574638367, 0.4215717315673828, 0.41957706212997437, 0.4190483093261719, 0.418435275554657, 0.4182964861392975, 0.417766273021698], "auc_history": [0.5972537457949348, 0.8248480461279569, 0.8286959723125642, 0.829383852549642, 0.8292398180141585, 0.8307578830716364, 0.8312805208411823, 0.8317926507531571, 0.8323073435572225, 0.8321204446515261]}, "test": {"loss_history": [0.4145619571208954], "auc_history": [0.8372531627901074]}}