{"train": {"loss_history": [0.4413982927799225, 0.39675840735435486, 0.3930179178714752, 0.3909510672092438]}, "num_train": 26755, "dev": {"loss_history": [0.6735403537750244, 0.43872347474098206, 0.43181726336479187, 0.4304656684398651], "auc_history": [0.4900521204783833, 0.816950776060176, 0.8227236627275667, 0.824768025009323]}, "test": {"loss_history": [0.4094015657901764], "auc_history": [0.8366079956337837]}}