{"train": {"loss_history": [0.4175107181072235, 0.38702869415283203, 0.38458025455474854, 0.3831959366798401]}, "num_train": 26133, "dev": {"loss_history": [0.6857044696807861, 0.43365129828453064, 0.4309651553630829, 0.428557425737381], "auc_history": [0.5373535369492849, 0.8216816708933699, 0.8246227043963537, 0.8265320628159742]}, "test": {"loss_history": [0.40718406438827515], "auc_history": [0.8365023361188312]}}