{"train": {"loss_history": [0.4295744001865387, 0.38863563537597656, 0.3873608708381653, 0.3866393566131592, 0.38605996966362, 0.38527920842170715]}, "num_train": 26427, "dev": {"loss_history": [0.683426558971405, 0.4344055652618408, 0.4311884343624115, 0.4315294325351715, 0.43052732944488525, 0.42982426285743713], "auc_history": [0.5230063543589981, 0.8228965790666923, 0.8237569201346773, 0.8229434158496179, 0.8246605535803935, 0.8254177271400422]}, "test": {"loss_history": [0.40868043899536133], "auc_history": [0.8366044084280291]}}