{"train": {"loss_history": [0.4312264919281006, 0.38764050602912903, 0.38463088870048523, 0.382804811000824]}, "num_train": 26059, "dev": {"loss_history": [0.7183666825294495, 0.43315598368644714, 0.4304482638835907, 0.42809608578681946], "auc_history": [0.6116510421690544, 0.8214852095768816, 0.8244784597635325, 0.82633300648854]}, "test": {"loss_history": [0.41512635350227356], "auc_history": [0.828540174226018]}}