{"train": {"loss_history": [0.4441671669483185, 0.4137113094329834, 0.41088399291038513, 0.40947073698043823]}, "num_train": 28662, "dev": {"loss_history": [0.6692930459976196, 0.4350491762161255, 0.42996329069137573, 0.4287148416042328], "auc_history": [0.4497837533073731, 0.8201033978946739, 0.825475197138551, 0.8271370168311144]}, "test": {"loss_history": [0.41194161772727966], "auc_history": [0.836371892273211]}}