{"train": {"loss_history": [0.4318859577178955, 0.3947053849697113, 0.39107194542884827, 0.38770028948783875, 0.3861787021160126, 0.3846060633659363]}, "num_train": 26291, "dev": {"loss_history": [0.659518301486969, 0.4429473876953125, 0.43792691826820374, 0.4342283010482788, 0.43164578080177307, 0.4305953085422516], "auc_history": [0.506350688007024, 0.8160438513810648, 0.8196418657040061, 0.8221885841291157, 0.8237786929094426, 0.8251574665300552]}, "test": {"loss_history": [0.41015180945396423], "auc_history": [0.8369072990375591]}}