{"train": {"loss_history": [0.5199306011199951, 0.5169097185134888]}, "num_train": 26293, "dev": {"loss_history": [0.6580113172531128, 0.5740107893943787], "auc_history": [0.4040162414772879, 0.5]}, "test": {"loss_history": [0.5572401285171509], "auc_history": [0.5]}}