{"train": {"loss_history": [0.4249700903892517, 0.38962650299072266, 0.38804230093955994, 0.3869630992412567]}, "num_train": 26404, "dev": {"loss_history": [0.7004725933074951, 0.4324995279312134, 0.43114879727363586, 0.4292375147342682], "auc_history": [0.5118726814210128, 0.8234479872462174, 0.8263201580197104, 0.8261897745429172]}, "test": {"loss_history": [0.4080231189727783], "auc_history": [0.8377674457555789]}}