{"train": {"loss_history": [0.4295744001865387, 0.38863563537597656, 0.3873608708381653]}, "num_train": 26427, "dev": {"loss_history": [0.683426558971405, 0.4344055652618408, 0.4311884343624115], "auc_history": [0.5230063543589981, 0.8228965790666923, 0.8237569201346773]}, "test": {"loss_history": [0.40813151001930237], "auc_history": [0.8362550145875353]}}