{"train": {"loss_history": [0.43218958377838135, 0.3869347870349884, 0.38452962040901184, 0.3830567002296448, 0.3833049535751343, 0.382650762796402, 0.3823055326938629]}, "num_train": 26234, "dev": {"loss_history": [0.6989520192146301, 0.44113221764564514, 0.43238404393196106, 0.43152305483818054, 0.4307277500629425, 0.4303607642650604, 0.4297526776790619], "auc_history": [0.3745305245441199, 0.8168800145421882, 0.8230661408794733, 0.8244597250503621, 0.8256371005043941, 0.8260913540058233, 0.8266307365248676]}, "test": {"loss_history": [0.40893229842185974], "auc_history": [0.836447419259825]}}