{"train": {"loss_history": [0.42356160283088684, 0.38664546608924866, 0.38321584463119507, 0.38186848163604736, 0.381002277135849]}, "num_train": 25985, "dev": {"loss_history": [0.6649616360664368, 0.43251022696495056, 0.4286908507347107, 0.42884522676467896, 0.4283750057220459], "auc_history": [0.6060848069830859, 0.8235791935313592, 0.8261740145983925, 0.8255407053416971, 0.8257782437826702]}, "test": {"loss_history": [0.40833887457847595], "auc_history": [0.8363352375525918]}}