{"train": {"loss_history": [0.6690319180488586, 0.644450306892395, 0.633717954158783, 0.6251556277275085]}, "num_train": 6524, "dev": {"loss_history": [0.6943337917327881, 0.6187640428543091, 0.5633969306945801, 0.5658848881721497], "auc_history": [0.5019526186155043, 0.7963037982888255, 0.7984589707026186, 0.7971464220897071]}, "test": {"loss_history": [0.5415432453155518], "auc_history": [0.8054460202796739]}}