{"train": {"loss_history": [0.674964964389801, 0.6384255290031433, 0.6036176681518555, 0.5838853120803833, 0.5758486390113831, 0.5733564496040344, 0.5715054273605347, 0.570953905582428, 0.5696247816085815, 0.5691232085227966]}, "num_train": 3767, "dev": {"loss_history": [0.7034382224082947, 0.6766606569290161, 0.5885680317878723, 0.5673384070396423, 0.5515584349632263, 0.535243034362793, 0.522448718547821, 0.51680988073349, 0.5102146863937378, 0.5066957473754883], "auc_history": [0.5874465257972518, 0.7694370624837957, 0.7978999222193415, 0.8084246175784288, 0.8089917682136375, 0.8129780269639617, 0.8157813715322789, 0.8187953720508166, 0.8205616411718951, 0.8224089318122894]}, "test": {"loss_history": [0.4950205981731415], "auc_history": [0.814757439194115]}}