{"train": {"loss_history": [0.6683632731437683, 0.6389461159706116, 0.5919880867004395, 0.5631433725357056, 0.5521121621131897, 0.5501003861427307]}, "num_train": 3074, "dev": {"loss_history": [0.6787751913070679, 0.7324411869049072, 0.6042611598968506, 0.5383023023605347, 0.5143936276435852, 0.5099778771400452], "auc_history": [0.5607661394866477, 0.6234524889810733, 0.7408688747731397, 0.8122083225304642, 0.8191032538242158, 0.8201403292714545]}, "test": {"loss_history": [0.4998290538787842], "auc_history": [0.8154201736364239]}}