{"train": {"loss_history": [0.6569202542304993, 0.6156732439994812, 0.5994619727134705, 0.5918785333633423, 0.5883597731590271, 0.5850147008895874]}, "num_train": 4540, "dev": {"loss_history": [0.692518413066864, 0.5923166275024414, 0.5458248853683472, 0.523088276386261, 0.5212584733963013, 0.5187356472015381], "auc_history": [0.5707398885143894, 0.8118437256935442, 0.8041466813585689, 0.8095751231527093, 0.8098019834067929, 0.8116006611355977]}, "test": {"loss_history": [0.5047409534454346], "auc_history": [0.8133988335873814]}}