{"train": {"loss_history": [0.6799250841140747, 0.6406945586204529, 0.6262567043304443, 0.6112630367279053, 0.6064934134483337]}, "num_train": 5200, "dev": {"loss_history": [0.707330048084259, 0.6362869143486023, 0.6124958395957947, 0.553570032119751, 0.5398392081260681], "auc_history": [0.40589350531501167, 0.7948130023334197, 0.7930629375162043, 0.8132859087373606, 0.8053782084521649]}, "test": {"loss_history": [0.518236517906189], "auc_history": [0.8131668765325734]}}