{"train": {"loss_history": [0.6725643873214722, 0.6057958602905273, 0.5510549545288086, 0.5371822118759155, 0.5330591201782227]}, "num_train": 2736, "dev": {"loss_history": [0.7129331827163696, 0.6980477571487427, 0.5445966720581055, 0.5183518528938293, 0.5147266983985901], "auc_history": [0.5405755768732176, 0.7992367772880478, 0.8178879310344829, 0.8165915867254342, 0.8155221026704693]}, "test": {"loss_history": [0.5026885271072388], "auc_history": [0.8121727748691099]}}