{"train": {"loss_history": [0.6798869967460632, 0.6543638706207275, 0.5805906057357788, 0.5676518678665161, 0.563144326210022, 0.5609498023986816]}, "num_train": 3496, "dev": {"loss_history": [0.7221206426620483, 0.7428457736968994, 0.5630697011947632, 0.5366004109382629, 0.5167301297187805, 0.5129938125610352], "auc_history": [0.32018894218304383, 0.7664068576613949, 0.8202861680062224, 0.8193787269898885, 0.8212260176302826, 0.8216635338345866]}, "test": {"loss_history": [0.5094046592712402], "auc_history": [0.8171929882696003]}}