{"train": {"loss_history": [0.6847048401832581, 0.6571328043937683, 0.6447240114212036, 0.6388813853263855, 0.6339516043663025, 0.6284858584403992, 0.6231065392494202, 0.6199434995651245, 0.6174139976501465, 0.6166680455207825]}, "num_train": 6779, "dev": {"loss_history": [0.701596200466156, 0.6799002289772034, 0.5943366289138794, 0.5604783892631531, 0.5455235838890076, 0.5403969883918762, 0.5301284790039062, 0.5203183889389038, 0.5160886645317078, 0.5140049457550049], "auc_history": [0.3655123800881514, 0.7290721415607986, 0.7662448146227637, 0.7929089966295049, 0.7992691858957739, 0.8031501166709878, 0.8084327197303605, 0.8129294140523723, 0.8137396292455277, 0.8132535001296344]}, "test": {"loss_history": [0.5029246807098389], "auc_history": [0.8127029624229571]}}