{"train": {"loss_history": [0.6778005957603455, 0.6154189109802246, 0.5933024287223816, 0.5913004279136658]}, "num_train": 4289, "dev": {"loss_history": [0.7104504704475403, 0.6377377510070801, 0.5482340455055237, 0.5449656248092651], "auc_history": [0.709594568317345, 0.8091214026445424, 0.787359022556391, 0.7934194322011925]}, "test": {"loss_history": [0.5120167136192322], "auc_history": [0.8082792100205448]}}