{"train": {"loss_history": [0.6613918542861938, 0.5623155236244202, 0.521503210067749, 0.5142959356307983, 0.5120226740837097, 0.5120188593864441, 0.5120241641998291, 0.5117146968841553, 0.5103086233139038, 0.5085337162017822]}, "num_train": 2363, "dev": {"loss_history": [0.6813803315162659, 0.6237473487854004, 0.5628426671028137, 0.5492281913757324, 0.5421948432922363, 0.5367081165313721, 0.5314548015594482, 0.5268205404281616, 0.5209344029426575, 0.5159672498703003], "auc_history": [0.448591845994296, 0.7439638968109931, 0.7981024760176303, 0.8056860902255638, 0.8080681228934405, 0.8097371661913404, 0.8104177469535909, 0.8109524889810733, 0.8123136505055744, 0.8144850272232306]}, "test": {"loss_history": [0.5000176429748535], "auc_history": [0.816911326131619]}}