{"train": {"loss_history": [0.6879370808601379, 0.6624031066894531, 0.6353598833084106, 0.6263870000839233, 0.6178953647613525, 0.6141127943992615, 0.6119983792304993, 0.6101494431495667, 0.6091350317001343, 0.6058222651481628]}, "num_train": 5769, "dev": {"loss_history": [0.6982400417327881, 0.693986713886261, 0.5824354290962219, 0.5599260926246643, 0.5467403531074524, 0.5321416854858398, 0.5269483327865601, 0.5230839848518372, 0.5205249190330505, 0.5165714025497437], "auc_history": [0.2959392014519056, 0.64258166969147, 0.72480230749287, 0.7821655431682655, 0.8084894347938812, 0.8073389292196007, 0.8056860902255639, 0.8056779880736323, 0.8070634560539279, 0.8122407311381903]}, "test": {"loss_history": [0.504633367061615], "auc_history": [0.813009477102525]}}