{"train": {"loss_history": [0.4348714053630829, 0.3990395665168762, 0.3970462679862976, 0.3949538469314575]}, "num_train": 26914, "dev": {"loss_history": [0.6939533948898315, 0.4336044490337372, 0.43711936473846436, 0.43195611238479614], "auc_history": [0.5382525500096585, 0.8235529902501009, 0.8227868923845163, 0.8250144877562321]}, "test": {"loss_history": [0.4133155047893524], "auc_history": [0.8346041824992885]}}