{"train": {"loss_history": [0.4349980354309082, 0.3935462236404419, 0.3892015516757965, 0.3871941864490509, 0.38638365268707275, 0.3854162096977234, 0.38504692912101746]}, "num_train": 26284, "dev": {"loss_history": [0.7246313691139221, 0.4341939389705658, 0.4278768301010132, 0.42735978960990906, 0.42673006653785706, 0.42615240812301636, 0.42590776085853577], "auc_history": [0.5626290701480828, 0.8223802984743613, 0.8273351237643001, 0.8278604552484666, 0.8276152583605556, 0.8283504692665891, 0.8283182531550903]}, "test": {"loss_history": [0.4078715145587921], "auc_history": [0.8369937180852827]}}