{"train": {"loss_history": [0.42127159237861633, 0.3808175027370453, 0.37618136405944824, 0.37461617588996887, 0.3732896149158478]}, "num_train": 25277, "dev": {"loss_history": [0.6419135332107544, 0.43685102462768555, 0.4312337636947632, 0.43214544653892517, 0.4308607578277588], "auc_history": [0.46926570304416304, 0.8231347504371644, 0.8241000312160829, 0.8244575097971156, 0.8252723432341229]}, "test": {"loss_history": [0.41012102365493774], "auc_history": [0.8351203487964076]}}