{"train": {"loss_history": [0.4540751278400421, 0.42046016454696655, 0.4143258035182953, 0.41136178374290466, 0.41139304637908936, 0.41073572635650635, 0.409582257270813, 0.4098348617553711]}, "num_train": 28441, "dev": {"loss_history": [0.7086024284362793, 0.4478510916233063, 0.4348262846469879, 0.4348043203353882, 0.4339529573917389, 0.4326024651527405, 0.4307675361633301, 0.42963501811027527], "auc_history": [0.5291283016450851, 0.8118399969416846, 0.8238802780940315, 0.8264943402178342, 0.8260849614178836, 0.8255579843170198, 0.8260871133781801, 0.8256533034995684]}, "test": {"loss_history": [0.4100959897041321], "auc_history": [0.8355945121752372]}}