{"train": {"loss_history": [0.4233696758747101, 0.3930891454219818, 0.3898654878139496, 0.38856586813926697, 0.38818448781967163, 0.38666799664497375, 0.38611772656440735, 0.3859744966030121, 0.3853737711906433, 0.3850591778755188]}, "num_train": 26508, "dev": {"loss_history": [0.6742178797721863, 0.43406686186790466, 0.4293127954006195, 0.42880237102508545, 0.4286026656627655, 0.42837879061698914, 0.42831772565841675, 0.42764711380004883, 0.42727911472320557, 0.42723625898361206], "auc_history": [0.6113987564707547, 0.8250546787794182, 0.8265092773540104, 0.8265905455016813, 0.8273411998874903, 0.8273675297546488, 0.8271873980192345, 0.8273976571988009, 0.8270976486162768, 0.8274755075271774]}, "test": {"loss_history": [0.4052254259586334], "auc_history": [0.8384760819469109]}}