{"train": {"loss_history": [0.414851576089859, 0.3767596185207367, 0.3723035752773285, 0.372179239988327, 0.3697279095649719]}, "num_train": 24887, "dev": {"loss_history": [0.7172363996505737, 0.4399028718471527, 0.43595871329307556, 0.43731561303138733, 0.436359703540802], "auc_history": [0.4854977496824593, 0.8192862859114705, 0.822306815359528, 0.8219981356428677, 0.8221009233935047]}, "test": {"loss_history": [0.4178541302680969], "auc_history": [0.8316858275631498]}}