{"train": {"loss_history": [0.4278949201107025, 0.39485231041908264, 0.39021363854408264, 0.38874542713165283, 0.38722172379493713]}, "num_train": 26345, "dev": {"loss_history": [0.6836338639259338, 0.4372398555278778, 0.4316457509994507, 0.4311780631542206, 0.429465651512146], "auc_history": [0.3363580401160844, 0.8184210079933932, 0.8240294595769448, 0.8236443852697558, 0.8256676709991957]}, "test": {"loss_history": [0.4094032943248749], "auc_history": [0.8341489334780738]}}