{"train": {"loss_history": [0.43095386028289795, 0.38351359963417053, 0.37944215536117554, 0.3776308000087738]}, "num_train": 25327, "dev": {"loss_history": [0.8070605993270874, 0.4349496364593506, 0.4312727451324463, 0.4305385649204254], "auc_history": [0.6095069301982563, 0.8198064906666951, 0.8238271753090658, 0.8245485250590713]}, "test": {"loss_history": [0.41035890579223633], "auc_history": [0.8347583019028888]}}