{"train": {"loss_history": [0.51743084192276, 0.5079280734062195, 0.5079367756843567, 0.5079400539398193]}, "num_train": 26284, "dev": {"loss_history": [0.684188187122345, 0.5759342908859253, 0.5759549736976624, 0.575961709022522], "auc_history": [0.3794494627314655, 0.5, 0.5, 0.5]}, "test": {"loss_history": [0.558659553527832], "auc_history": [0.5]}}