{"train": {"loss_history": [0.42564281821250916, 0.38233596086502075, 0.37884846329689026, 0.37723156809806824]}, "num_train": 25449, "dev": {"loss_history": [0.7705875635147095, 0.4346970319747925, 0.4323766827583313, 0.43193069100379944], "auc_history": [0.6492618649596812, 0.821248620530157, 0.8235605854040888, 0.824767455372774]}, "test": {"loss_history": [0.4114755094051361], "auc_history": [0.8335435435905504]}}