{"train": {"loss_history": [0.4719577133655548, 0.4469001591205597]}, "dev": {"loss_history": [0.627351701259613, 0.44234699010849], "auc_history": [0.5972537457949348, 0.8071672302466375]}, "test": {"loss_history": [0.4484776556491852], "auc_history": [0.8164542489880341]}}