{"train": {"loss_history": [0.6766828298568726, 0.6690473556518555, 0.6028760671615601, 0.5857332944869995, 0.5834438800811768, 0.5817921757698059, 0.5808532238006592, 0.5775375366210938, 0.575330913066864]}, "num_train": 4200, "dev": {"loss_history": [0.711279034614563, 0.6877091526985168, 0.632459819316864, 0.5563039779663086, 0.5515929460525513, 0.5514105558395386, 0.5445773601531982, 0.5383615493774414, 0.5380902290344238], "auc_history": [0.34467002647443457, 0.6287199770342253, 0.7618098306274121, 0.7826385123281554, 0.7850626774265574, 0.7829893783292399, 0.7853338011546682, 0.7873911517973909, 0.7894166055309241]}, "test": {"loss_history": [0.5378808379173279], "auc_history": [0.7909797418138067]}}