{"train": {"loss_history": [0.6565808057785034, 0.562881350517273, 0.5355868935585022, 0.531230092048645, 0.5259093046188354]}, "num_train": 2668, "dev": {"loss_history": [0.6934340596199036, 0.6141061186790466, 0.5408443808555603, 0.5491984486579895, 0.5446330904960632], "auc_history": [0.6125402698478518, 0.7954451213677396, 0.793052853178527, 0.7931963892698797, 0.7946955440017862]}, "test": {"loss_history": [0.5407333374023438], "auc_history": [0.797019802946054]}}