{"train": {"loss_history": [0.6524767875671387, 0.6053808331489563, 0.554990828037262, 0.5397452116012573, 0.5380255579948425]}, "num_train": 3032, "dev": {"loss_history": [0.6909738779067993, 0.6929526329040527, 0.5631847977638245, 0.5226427912712097, 0.5203779935836792], "auc_history": [0.3369589486778731, 0.7548403559695065, 0.8025581321169979, 0.8057797199451373, 0.8034352971197091]}, "test": {"loss_history": [0.5260431170463562], "auc_history": [0.8022388059701493]}}