{"train": {"loss_history": [0.6607416868209839, 0.6307817101478577, 0.6152917742729187, 0.6121558547019958]}, "num_train": 6002, "dev": {"loss_history": [0.6867541670799255, 0.6696112155914307, 0.562370777130127, 0.5308006405830383], "auc_history": [0.2981085132850627, 0.7938662243628594, 0.8017447609326656, 0.8037064208478197]}, "test": {"loss_history": [0.5399429202079773], "auc_history": [0.8004178454134556]}}