{"train": {"loss_history": [0.6324899196624756, 0.6324902176856995, 0.6324901580810547, 0.6324901580810547, 0.6324901580810547, 0.6324901580810547, 0.6324901580810547, 0.6324901580810547, 0.6324901580810547, 0.6324901580810547]}, "num_train": 132356, "dev": {"loss_history": [0.6681714653968811, 0.6591494083404541, 0.6591495871543884, 0.6591495871543884, 0.6591495871543884, 0.6591495871543884, 0.6591495871543884, 0.6591495871543884, 0.6591495871543884, 0.6591495871543884], "auc_history": [0.37992390147989474, 0.5, 0.5, 0.5, 0.5, 0.5, 0.5, 0.5, 0.5, 0.5]}, "test": {"loss_history": [0.656427264213562], "auc_history": [0.5]}}