{"train": {"loss_history": [0.5058069229125977, 0.4845273196697235, 0.4822219908237457, 0.4803924858570099, 0.4793720543384552, 0.4783601760864258, 0.47728386521339417, 0.4767012298107147, 0.4761657416820526]}, "num_train": 44530, "dev": {"loss_history": [0.634387731552124, 0.5026096105575562, 0.4869943857192993, 0.45729508996009827, 0.45400190353393555, 0.45382753014564514, 0.4491012394428253, 0.44656902551651, 0.4423730969429016], "auc_history": [0.6898980660928864, 0.7916767260181218, 0.8023936515112606, 0.818845880996719, 0.8178499411303686, 0.8208749226647312, 0.8216673688990994, 0.8222922660630543, 0.8234992600930534]}, "test": {"loss_history": [0.4486464560031891], "auc_history": [0.8234007131346199]}}