{"train": {"loss_history": [0.5730077028274536, 0.5608989000320435, 0.5578587651252747, 0.556510329246521, 0.5539198517799377]}, "num_train": 78556, "dev": {"loss_history": [0.7990699410438538, 0.6181737780570984, 0.6135810017585754, 0.4510973393917084, 0.4456058144569397], "auc_history": [0.4628709337794815, 0.7326762590591829, 0.7528546132826496, 0.8019839091382994, 0.8071362192523428]}, "test": {"loss_history": [0.44683343172073364], "auc_history": [0.8116381159034096]}}