{"train": {"loss_history": [0.45128241181373596, 0.4277942478656769, 0.42399516701698303, 0.4225156009197235]}, "num_train": 34874, "dev": {"loss_history": [0.6556652188301086, 0.49556222558021545, 0.4742538630962372, 0.4420669376850128], "auc_history": [0.5906822341858025, 0.8120470408591635, 0.8176948861588963, 0.8228008079261027]}, "test": {"loss_history": [0.44138103723526], "auc_history": [0.8298838935627545]}}