{"train": {"loss_history": [0.5152825117111206, 0.4991288185119629, 0.4962570071220398, 0.49476543068885803, 0.49394819140434265, 0.49367427825927734, 0.4926213026046753, 0.49236753582954407, 0.49162063002586365]}, "num_train": 41914, "dev": {"loss_history": [0.6252164840698242, 0.5281981825828552, 0.488777756690979, 0.5091443061828613, 0.4900350272655487, 0.4848168194293976, 0.482698917388916, 0.4666450321674347, 0.4564966559410095], "auc_history": [0.2995533796283286, 0.8201268162861368, 0.8172526834311968, 0.818054351934625, 0.8128854698881259, 0.8123664676989494, 0.8153930732701975, 0.8152047134512963, 0.8186777874911357]}, "test": {"loss_history": [0.4433978497982025], "auc_history": [0.833159321243276]}}