{"train": {"loss_history": [0.48010459542274475, 0.4637495279312134, 0.4597921073436737, 0.45756959915161133, 0.4566114544868469, 0.45467910170555115]}, "num_train": 34164, "dev": {"loss_history": [0.6496080160140991, 0.4490766227245331, 0.4993066191673279, 0.44463491439819336, 0.4386385679244995, 0.43665066361427307], "auc_history": [0.45763404117636786, 0.8201228921232431, 0.8054101927472862, 0.8235240653719966, 0.8216520497928168, 0.8240912334960468]}, "test": {"loss_history": [0.4166463315486908], "auc_history": [0.8381754088827562]}}