{"train": {"loss_history": [0.5130854845046997, 0.4829126298427582, 0.47982555627822876, 0.47748181223869324, 0.47623080015182495, 0.47526663541793823, 0.47531986236572266, 0.4741200804710388]}, "num_train": 38708, "dev": {"loss_history": [0.6983929872512817, 0.4927544593811035, 0.486298143863678, 0.47304314374923706, 0.46198657155036926, 0.4591573476791382, 0.45499467849731445, 0.4542534351348877], "auc_history": [0.6152265242018315, 0.7977683918552607, 0.8103436250201588, 0.8131749718409667, 0.8151659781659577, 0.8134270043674667, 0.8135543497826647, 0.8141506959566184]}, "test": {"loss_history": [0.4411391019821167], "auc_history": [0.8235849386405194]}}