{"train": {"loss_history": [0.6323861479759216, 0.632641613483429, 0.6326541304588318, 0.6326561570167542]}, "num_train": 63977, "dev": {"loss_history": [0.6442594528198242, 0.6385043859481812, 0.638528048992157, 0.638532280921936], "auc_history": [0.5184010960313549, 0.5, 0.5, 0.5]}, "test": {"loss_history": [0.635284423828125], "auc_history": [0.5]}}