{"train": {"loss_history": [0.5398959517478943, 0.5101737380027771, 0.5042911767959595, 0.5036109685897827, 0.5008519291877747, 0.4993723928928375, 0.4980939030647278, 0.49761390686035156, 0.4969486892223358, 0.49650827050209045]}, "num_train": 43926, "dev": {"loss_history": [0.7018128037452698, 0.5176246166229248, 0.482730895280838, 0.46481502056121826, 0.46063873171806335, 0.45130085945129395, 0.4433887004852295, 0.4410974085330963, 0.4402613937854767, 0.4393514394760132], "auc_history": [0.4518591924275302, 0.8038021720621374, 0.8148823624574577, 0.8187012058825986, 0.8184851870445914, 0.8209270290517172, 0.8211375414030831, 0.8236368534087177, 0.8234411516076283, 0.8216367961918911]}, "test": {"loss_history": [0.4212682247161865], "auc_history": [0.8335608926220177]}}