{"train": {"loss_history": [0.6701212525367737, 0.6588764190673828, 0.6026594042778015, 0.5758540034294128, 0.5668194890022278, 0.5637046098709106]}, "num_train": 3658, "dev": {"loss_history": [0.6892685294151306, 0.6955032348632812, 0.6411290168762207, 0.5926073789596558, 0.4881032407283783, 0.4821670651435852], "auc_history": [0.39609084514119186, 0.7702910930224769, 0.807841757947275, 0.8254614276622115, 0.8271865474156701, 0.8260141359327371]}, "test": {"loss_history": [0.5013148784637451], "auc_history": [0.831516304873722]}}