{"train": {"loss_history": [0.6505959630012512, 0.5932265520095825, 0.5639660954475403, 0.5623003244400024, 0.5577376484870911, 0.5561001896858215, 0.5541567206382751, 0.5508474111557007]}, "num_train": 3278, "dev": {"loss_history": [0.6689468622207642, 0.58839350938797, 0.5182445645332336, 0.5216171145439148, 0.5079025030136108, 0.5001713037490845, 0.4962219297885895, 0.4928648769855499], "auc_history": [0.4544434395203163, 0.7684319833852544, 0.7990821692962182, 0.8047432418852376, 0.811459484808897, 0.8144240109871705, 0.816500854185509, 0.8166850902756841]}, "test": {"loss_history": [0.5322999358177185], "auc_history": [0.8225978131148599]}}