{"train": {"loss_history": [0.6731818914413452, 0.6523022651672363, 0.6028682589530945, 0.5939928889274597, 0.5936641097068787, 0.5885063409805298, 0.5873957872390747, 0.5856769680976868]}, "num_train": 4822, "dev": {"loss_history": [0.7265856266021729, 0.6672458648681641, 0.5704883933067322, 0.519686222076416, 0.5093343257904053, 0.5067163705825806, 0.48643261194229126, 0.4812639355659485], "auc_history": [0.42717649817438785, 0.30338659431212944, 0.8193983854219007, 0.8163333668308042, 0.8166515928047433, 0.8213412387364754, 0.824272267443808, 0.8271028037383177]}, "test": {"loss_history": [0.49867337942123413], "auc_history": [0.8344192497500242]}}