{"train": {"loss_history": [0.6777699589729309, 0.6632143259048462, 0.6365023851394653, 0.6249507069587708, 0.611763596534729, 0.6071783900260925, 0.5989704728126526, 0.5973342061042786, 0.5956981182098389]}, "num_train": 6416, "dev": {"loss_history": [0.667609453201294, 0.6878698468208313, 0.66362065076828, 0.5547064542770386, 0.5342006683349609, 0.517218291759491, 0.4983930289745331, 0.49627551436424255, 0.49255213141441345], "auc_history": [0.6245268482229591, 0.6498090644156367, 0.691479918266171, 0.7604093390948984, 0.7876092854989449, 0.7933875992362577, 0.8158309047666901, 0.8208722741433021, 0.8186614410611999]}, "test": {"loss_history": [0.5026737451553345], "auc_history": [0.8268635293358706]}}