{"train": {"loss_history": [0.6691392064094543, 0.6758905649185181, 0.6649367809295654, 0.647843062877655, 0.6391239166259766, 0.6376070380210876, 0.6261061429977417, 0.6136673092842102, 0.606194257736206, 0.601137638092041]}, "num_train": 5258, "dev": {"loss_history": [0.6621942520141602, 0.6705836653709412, 0.6662681698799133, 0.6450604796409607, 0.6105090379714966, 0.598073422908783, 0.5782606601715088, 0.5230317115783691, 0.5149765610694885, 0.5062536597251892], "auc_history": [0.6902488862090912, 0.5077881619937694, 0.543613707165109, 0.638855391417948, 0.6736508893578534, 0.6751917730211369, 0.7079606739691153, 0.8189629182996684, 0.821642715974944, 0.8215338491943858]}, "test": {"loss_history": [0.5460553169250488], "auc_history": [0.8176950617682159]}}