{"train": {"loss_history": [0.6475808024406433, 0.5428992509841919, 0.5122511386871338]}, "dev": {"loss_history": [0.7146928906440735, 0.5821561813354492, 0.5175469517707825], "auc_history": [0.3939833419756288, 0.777134106818771, 0.8096399403681618]}, "test": {"loss_history": [0.519115149974823], "auc_history": [0.8157349724965206]}}