{"train": {"loss_history": [0.4195033311843872, 0.41060537099838257, 0.4086611270904541, 0.4073040783405304]}, "num_train": 103057, "dev": {"loss_history": [0.6410146355628967, 0.4595806300640106, 0.45356523990631104, 0.45273357629776], "auc_history": [0.4683651601291825, 0.8367350693954861, 0.838394736601969, 0.8397762456536281]}, "test": {"loss_history": [0.457711398601532], "auc_history": [0.8396718466654414]}}