{"train": {"loss_history": [0.42377838492393494, 0.41628989577293396, 0.4147650897502899, 0.4137685298919678]}, "num_train": 106004, "dev": {"loss_history": [0.7444981932640076, 0.45147138833999634, 0.44990551471710205, 0.44798168540000916], "auc_history": [0.47398166214724624, 0.8367955506122899, 0.8385364019077404, 0.8397758738629181]}, "test": {"loss_history": [0.4505135416984558], "auc_history": [0.8397152592803798]}}