{"train": {"loss_history": [0.4211351275444031, 0.4132344424724579, 0.41215187311172485, 0.41132843494415283, 0.41065511107444763]}, "num_train": 104487, "dev": {"loss_history": [0.7376734018325806, 0.4545096158981323, 0.4504700303077698, 0.4491916000843048, 0.4485655128955841], "auc_history": [0.38439944395503234, 0.836894003401337, 0.8379362958273715, 0.8384087407187097, 0.8390387629059399]}, "test": {"loss_history": [0.4516998529434204], "auc_history": [0.8386023329795087]}}