{"train": {"loss_history": [0.41994941234588623, 0.4126606583595276, 0.41127339005470276, 0.4102935791015625]}, "num_train": 104400, "dev": {"loss_history": [0.6527566909790039, 0.4513950049877167, 0.4486827552318573, 0.449205607175827], "auc_history": [0.29575665935376083, 0.837742618958074, 0.838804117309466, 0.8391502446764445]}, "test": {"loss_history": [0.45194923877716064], "auc_history": [0.8393619454437686]}}