{"train": {"loss_history": [0.4256044626235962, 0.4171178638935089, 0.4158884286880493, 0.41483914852142334]}, "num_train": 106523, "dev": {"loss_history": [0.7885804772377014, 0.4513613283634186, 0.4504685699939728, 0.4479902982711792], "auc_history": [0.5372038439950266, 0.8371620612418744, 0.8377196201152106, 0.8394934792507942]}, "test": {"loss_history": [0.4513992667198181], "auc_history": [0.839388182451948]}}