{"train": {"loss_history": [0.42837896943092346, 0.42157647013664246, 0.4203316271305084, 0.41968780755996704, 0.41909757256507874, 0.4185827970504761, 0.4180903732776642]}, "num_train": 107808, "dev": {"loss_history": [0.677337110042572, 0.4510996639728546, 0.4499976336956024, 0.44891786575317383, 0.4488726258277893, 0.44832420349121094, 0.44787919521331787], "auc_history": [0.7713110875210268, 0.8369242749922983, 0.8377735656426927, 0.8386361918388144, 0.8386940770432927, 0.8390125614448559, 0.83928769635417]}, "test": {"loss_history": [0.45087751746177673], "auc_history": [0.8387890308228273]}}