{"train": {"loss_history": [0.42413559556007385, 0.4160727560520172, 0.4145157039165497, 0.4137239158153534]}, "num_train": 104842, "dev": {"loss_history": [0.6896803975105286, 0.45705538988113403, 0.4932035803794861, 0.4525124430656433], "auc_history": [0.5253860425240777, 0.8365921810939583, 0.8115186906266951, 0.8374249792389132]}, "test": {"loss_history": [0.45651596784591675], "auc_history": [0.8378959703918789]}}