{"train": {"loss_history": [0.4164588451385498, 0.4090435206890106, 0.4075685739517212, 0.40654870867729187]}, "num_train": 103110, "dev": {"loss_history": [0.6476903557777405, 0.45313555002212524, 0.44938892126083374, 0.447937935590744], "auc_history": [0.5380605182784672, 0.8377871620941812, 0.8393606619116548, 0.8400465994648654]}, "test": {"loss_history": [0.45082780718803406], "auc_history": [0.8395915936186139]}}