{"train": {"loss_history": [0.4256081283092499, 0.4180344045162201, 0.4160645008087158, 0.4150819778442383, 0.41443413496017456]}, "num_train": 106741, "dev": {"loss_history": [0.6536177396774292, 0.45176786184310913, 0.44882696866989136, 0.44776615500450134, 0.4471032917499542], "auc_history": [0.5439171807885357, 0.8373472423673178, 0.8391654359143995, 0.8397026180477739, 0.840482292518395]}, "test": {"loss_history": [0.45024996995925903], "auc_history": [0.8398950293380247]}}