{"train": {"loss_history": [0.42568647861480713, 0.4172549843788147, 0.4153778553009033, 0.41412222385406494, 0.4135870039463043, 0.4128769636154175, 0.4126468300819397]}, "num_train": 106334, "dev": {"loss_history": [0.6671549081802368, 0.451367050409317, 0.4504162073135376, 0.4499388039112091, 0.4493958055973053, 0.44900453090667725, 0.4488712549209595], "auc_history": [0.5080644405400042, 0.837122488360521, 0.8379990860601634, 0.839558741565675, 0.8398838334056445, 0.8403696529785741, 0.8404506609561527]}, "test": {"loss_history": [0.4507947266101837], "auc_history": [0.8407597741018165]}}