{"train": {"loss_history": [0.41983696818351746, 0.41168543696403503, 0.4103871285915375, 0.40969640016555786]}, "num_train": 104130, "dev": {"loss_history": [0.653538167476654, 0.4513995945453644, 0.45023611187934875, 0.4493144154548645], "auc_history": [0.4320260295763684, 0.8372592062407928, 0.8387474453167777, 0.8395938823104075]}, "test": {"loss_history": [0.45375725626945496], "auc_history": [0.8395268901047266]}}