{"train": {"loss_history": [0.4242359697818756, 0.4134429395198822, 0.4112135171890259, 0.4101094603538513, 0.4093373417854309, 0.40875938534736633, 0.4084673225879669]}, "num_train": 103600, "dev": {"loss_history": [0.7634057402610779, 0.46881186962127686, 0.458559513092041, 0.45873790979385376, 0.4525128901004791, 0.45186442136764526, 0.45163580775260925], "auc_history": [0.7299243175655958, 0.8361618170406044, 0.8386041069528118, 0.8394009261932758, 0.8400408106182853, 0.8400826272891864, 0.8402399045434528]}, "test": {"loss_history": [0.45501676201820374], "auc_history": [0.8407152914462537]}}