{"train": {"loss_history": [0.4463375210762024, 0.4383661448955536, 0.43645405769348145, 0.4356435239315033, 0.43501365184783936, 0.43460947275161743]}, "num_train": 115729, "dev": {"loss_history": [0.6868298053741455, 0.45311439037323, 0.4494977295398712, 0.4484250843524933, 0.448365718126297, 0.44691184163093567], "auc_history": [0.36134931028029166, 0.8378665491947174, 0.8388561875767883, 0.8394843116746047, 0.8393285672416863, 0.8404006029245148]}, "test": {"loss_history": [0.4503600001335144], "auc_history": [0.8394174485479371]}}