{"train": {"loss_history": [0.44076457619667053, 0.4335130453109741, 0.43164345622062683, 0.4304576516151428]}, "num_train": 113525, "dev": {"loss_history": [0.7170749306678772, 0.45046794414520264, 0.44835758209228516, 0.4472101628780365], "auc_history": [0.37111287676186155, 0.8374395703936169, 0.8390620259158865, 0.8403477629851966]}, "test": {"loss_history": [0.4494469463825226], "auc_history": [0.8406703174125189]}}