{"train": {"loss_history": [0.4275812804698944, 0.4206554591655731, 0.41923266649246216, 0.4183712303638458, 0.4171815514564514]}, "num_train": 107861, "dev": {"loss_history": [0.6413723826408386, 0.4504184126853943, 0.4490795135498047, 0.449557363986969, 0.44796478748321533], "auc_history": [0.5232549446974037, 0.8381139791734976, 0.8391121263447107, 0.8390471901620317, 0.8403248065395195]}, "test": {"loss_history": [0.4507412612438202], "auc_history": [0.8396974629854037]}}