{"train": {"loss_history": [0.4358821511268616, 0.4238884747028351, 0.4221768081188202, 0.4208875596523285]}, "num_train": 109106, "dev": {"loss_history": [0.783172607421875, 0.4549391567707062, 0.4517776668071747, 0.44912660121917725], "auc_history": [0.4236238824028332, 0.837799078964831, 0.8392517957214076, 0.840117820215071]}, "test": {"loss_history": [0.4522705376148224], "auc_history": [0.8393631092341759]}}