{"train": {"loss_history": [0.42204511165618896, 0.41490286588668823, 0.4132240116596222, 0.4121105372905731]}, "num_train": 105396, "dev": {"loss_history": [0.6985282301902771, 0.4510326385498047, 0.4503389596939087, 0.4485442042350769], "auc_history": [0.564381855775848, 0.8376878744066978, 0.8390214681152842, 0.839719227960806]}, "test": {"loss_history": [0.45106378197669983], "auc_history": [0.8402829950340094]}}