{"train": {"loss_history": [0.4248173236846924, 0.41638240218162537, 0.4147619605064392, 0.4137141704559326, 0.4131550192832947]}, "num_train": 105702, "dev": {"loss_history": [0.6631079316139221, 0.4587169885635376, 0.4511033296585083, 0.4531359374523163, 0.4519190192222595], "auc_history": [0.2949459566654707, 0.8362239680542811, 0.8387814739507025, 0.8388539176966645, 0.839567785211628]}, "test": {"loss_history": [0.45478555560112], "auc_history": [0.8394056619373134]}}