{"train": {"loss_history": [0.4228554368019104, 0.4156041741371155, 0.41404834389686584, 0.41291797161102295]}, "num_train": 104996, "dev": {"loss_history": [0.6776682734489441, 0.4532816708087921, 0.45875978469848633, 0.4545370638370514], "auc_history": [0.4823757734233318, 0.8372585148405252, 0.8366480181882102, 0.8388886116402805]}, "test": {"loss_history": [0.45770931243896484], "auc_history": [0.8388707870989308]}}