{"train": {"loss_history": [0.38508090376853943, 0.34842199087142944]}, "num_train": 23087, "dev": {"loss_history": [0.6175769567489624, 0.4386870563030243], "auc_history": [0.4585491068694294, 0.8224585971051535]}, "test": {"loss_history": [0.4354202449321747], "auc_history": [0.8219453999420581]}}