{"train": {"loss_history": [0.3777824938297272, 0.3408745229244232]}, "num_train": 22496, "dev": {"loss_history": [0.7583746910095215, 0.44659215211868286], "auc_history": [0.6574781826549702, 0.8212593899768084]}, "test": {"loss_history": [0.44013839960098267], "auc_history": [0.8244250182598654]}}