{"train": {"loss_history": [0.4008215367794037, 0.34139391779899597, 0.33826684951782227, 0.3373214900493622, 0.33634376525878906, 0.33609244227409363]}, "num_train": 22599, "dev": {"loss_history": [0.7136471271514893, 0.4397052824497223, 0.4396628439426422, 0.43784695863723755, 0.43643370270729065, 0.4338112771511078], "auc_history": [0.5173630042725973, 0.8202346766103112, 0.8224820962650585, 0.8225469689458602, 0.8250275052666867, 0.8271234928351312]}, "test": {"loss_history": [0.427375465631485], "auc_history": [0.8292012099456081]}}