{"train": {"loss_history": [0.40744051337242126, 0.3664788603782654, 0.36290767788887024, 0.3612537682056427]}, "num_train": 24236, "dev": {"loss_history": [0.6844998002052307, 0.4379822313785553, 0.43711721897125244, 0.43047040700912476], "auc_history": [0.43884643623990444, 0.8217698092293202, 0.8224035365735675, 0.8271208679289714]}, "test": {"loss_history": [0.42218217253685], "auc_history": [0.8305995815532514]}}