{"train": {"loss_history": [0.4036359488964081, 0.3687472641468048, 0.3644525706768036, 0.36294934153556824]}, "num_train": 23937, "dev": {"loss_history": [0.703430712223053, 0.4475482404232025, 0.44625282287597656, 0.4342730641365051], "auc_history": [0.543284077594226, 0.8151326715069936, 0.8192258376763031, 0.8224416602106475]}, "test": {"loss_history": [0.425038605928421], "auc_history": [0.8263654477441416]}}