{"train": {"loss_history": [0.39798566699028015, 0.3406245708465576, 0.3318532705307007, 0.3293722867965698, 0.3278452455997467]}, "num_train": 21888, "dev": {"loss_history": [0.705997109413147, 0.4839748442173004, 0.44242724776268005, 0.44199198484420776, 0.43882647156715393], "auc_history": [0.6456784169965923, 0.8089887036538445, 0.8249973188458513, 0.823988542409609, 0.8253448689209361]}, "test": {"loss_history": [0.43407943844795227], "auc_history": [0.82748883750964]}}