{"train": {"loss_history": [0.3824140429496765, 0.33293798565864563, 0.33383068442344666, 0.3291586935520172]}, "num_train": 21825, "dev": {"loss_history": [0.6673637628555298, 0.44662225246429443, 0.43745583295822144, 0.43590107560157776], "auc_history": [0.4386002575407929, 0.8168934835579628, 0.8221593578029585, 0.8259216608006263]}, "test": {"loss_history": [0.42870694398880005], "auc_history": [0.8289725790886798]}}