{"train": {"loss_history": [0.3958243727684021, 0.3523975610733032, 0.34857285022735596, 0.3470923900604248]}, "num_train": 23320, "dev": {"loss_history": [0.6391816735267639, 0.4385280907154083, 0.43518927693367004, 0.43331262469291687], "auc_history": [0.33601236255803857, 0.8202566133260736, 0.8250233179163846, 0.827459418325795]}, "test": {"loss_history": [0.426206111907959], "auc_history": [0.82972184563375]}}