{"train": {"loss_history": [0.4625357389450073, 0.43174827098846436, 0.42848771810531616]}, "dev": {"loss_history": [0.7049177885055542, 0.44600188732147217, 0.41455698013305664], "auc_history": [0.7557117485734274, 0.8289244332502527, 0.8404792826044493]}, "test": {"loss_history": [0.42667773365974426], "auc_history": [0.8248436482445028]}}