{"train": {"loss_history": [0.6501623392105103, 0.5482759475708008, 0.5302247405052185, 0.5265164971351624]}, "dev": {"loss_history": [0.6671299338340759, 0.5648860931396484, 0.49966368079185486, 0.5095033645629883], "auc_history": [0.2956319297893009, 0.7868555924027736, 0.8220781830971762, 0.8253274377784479]}, "test": {"loss_history": [0.5141968727111816], "auc_history": [0.8298229203625456]}}