{"train": {"loss_history": [0.4547511339187622, 0.4315466284751892, 0.42663973569869995, 0.42552506923675537, 0.42467430233955383, 0.4243617653846741, 0.42355814576148987, 0.4232243597507477, 0.42296960949897766, 0.4227314591407776]}, "dev": {"loss_history": [0.6229089498519897, 0.49102112650871277, 0.47612208127975464, 0.4628675580024719, 0.4591173529624939, 0.4551454186439514, 0.4480583369731903, 0.44067659974098206, 0.435965895652771, 0.4343477189540863], "auc_history": [0.33728025473089335, 0.8132441765206894, 0.8208805285211055, 0.8226119666221933, 0.8233550650564243, 0.8239246071952928, 0.8241994098710971, 0.8255241125129776, 0.8257268552649244, 0.8260029703938084]}, "test": {"loss_history": [0.42627349495887756], "auc_history": [0.8324106490719092]}}