{"train": {"loss_history": [0.41063863039016724, 0.36345574259757996, 0.3606416881084442, 0.35880765318870544, 0.35813647508621216]}, "num_train": 24157, "dev": {"loss_history": [0.6858031153678894, 0.44074296951293945, 0.4233498275279999, 0.42174819111824036, 0.4215381145477295], "auc_history": [0.32226144728566664, 0.8211524198058251, 0.830478271544568, 0.8312006867525645, 0.831386368284518]}, "test": {"loss_history": [0.4224773347377777], "auc_history": [0.8325568794650221]}}