{"train": {"loss_history": [0.44548875093460083, 0.39555177092552185, 0.3925272822380066, 0.39082232117652893]}, "num_train": 26786, "dev": {"loss_history": [0.6766303777694702, 0.426284521818161, 0.4174090027809143, 0.4165886640548706], "auc_history": [0.30413552112053743, 0.8269950449044323, 0.8326366111185435, 0.8338200265413105]}, "test": {"loss_history": [0.417144775390625], "auc_history": [0.8354987501110308]}}