{"train": {"loss_history": [0.43156740069389343, 0.3937191963195801, 0.38565894961357117, 0.38087713718414307, 0.37942492961883545, 0.3788820803165436, 0.37849465012550354]}, "num_train": 25398, "dev": {"loss_history": [0.6642550826072693, 0.4391263723373413, 0.43144795298576355, 0.42635947465896606, 0.4247886538505554, 0.4230756163597107, 0.42291831970214844], "auc_history": [0.4875725362533901, 0.8148593664223205, 0.8196740795757491, 0.8235988925230698, 0.8251430990798705, 0.8268308916660387, 0.8269772328044036]}, "test": {"loss_history": [0.4200194478034973], "auc_history": [0.8327842069866891]}}