{"train": {"loss_history": [0.4448685646057129, 0.42066991329193115]}, "num_train": 29116, "dev": {"loss_history": [0.6773713231086731, 0.42663344740867615], "auc_history": [0.6164589058193539, 0.8277875552111029]}, "test": {"loss_history": [0.4295162558555603], "auc_history": [0.8318539596736331]}}