{"train": {"loss_history": [0.4305104911327362, 0.38367122411727905, 0.3804659843444824, 0.3795973062515259, 0.37863272428512573]}, "num_train": 25743, "dev": {"loss_history": [0.728015124797821, 0.427310973405838, 0.4229363203048706, 0.4226662218570709, 0.4215017557144165], "auc_history": [0.615198988067687, 0.8243087495598233, 0.8308777623491674, 0.8313992468172724, 0.8313590734837547]}, "test": {"loss_history": [0.4214205741882324], "auc_history": [0.8352785285571079]}}