{"train": {"loss_history": [0.3968721926212311, 0.377156525850296, 0.368650883436203, 0.3619372546672821, 0.3596850335597992, 0.3587718605995178]}, "num_train": 24078, "dev": {"loss_history": [0.6511200070381165, 0.4332256615161896, 0.431549996137619, 0.42607125639915466, 0.4229483902454376, 0.4220086932182312], "auc_history": [0.505575571742782, 0.8203399189408489, 0.8202846886162998, 0.8239798664323158, 0.8269164281895578, 0.8278365064500306]}, "test": {"loss_history": [0.4223962426185608], "auc_history": [0.8318531348738056]}}