{"train": {"loss_history": [0.4064006209373474, 0.36330822110176086, 0.36054250597953796, 0.3593166172504425, 0.35827717185020447]}, "num_train": 24247, "dev": {"loss_history": [0.6782042384147644, 0.43214163184165955, 0.4323982298374176, 0.4295828640460968, 0.42738181352615356], "auc_history": [0.3645988868847073, 0.8230141046203305, 0.8244652141219455, 0.826083680477067, 0.8285555898983097]}, "test": {"loss_history": [0.42826607823371887], "auc_history": [0.8298148007156725]}}