{"train": {"loss_history": [0.4216724634170532, 0.36872178316116333, 0.3619118332862854, 0.36086568236351013, 0.3599286675453186]}, "num_train": 24283, "dev": {"loss_history": [0.7515686750411987, 0.440056711435318, 0.4234752953052521, 0.4231773018836975, 0.4226347506046295], "auc_history": [0.46619244192870957, 0.8108261431395737, 0.8285871134710221, 0.8317704817365746, 0.8326876767434458]}, "test": {"loss_history": [0.4262934625148773], "auc_history": [0.833576966513127]}}