{"train": {"loss_history": [0.42402011156082153, 0.38103875517845154, 0.37511637806892395, 0.3735911250114441, 0.37286147475242615]}, "num_train": 25073, "dev": {"loss_history": [0.7742413282394409, 0.43474826216697693, 0.4192424416542053, 0.4190264046192169, 0.41789141297340393], "auc_history": [0.44083980079152363, 0.8180552287868139, 0.8310169914619813, 0.8312288785655595, 0.8326327027081055]}, "test": {"loss_history": [0.4172222316265106], "auc_history": [0.8350392731610137]}}