{"train": {"loss_history": [0.4154137969017029, 0.3916114270687103, 0.39015325903892517, 0.3888532519340515, 0.3881528675556183, 0.3876585364341736, 0.38720282912254333, 0.38693395256996155, 0.3864206373691559]}, "num_train": 26496, "dev": {"loss_history": [0.6053726077079773, 0.42242947220802307, 0.42324697971343994, 0.4260038435459137, 0.424703449010849, 0.42209845781326294, 0.42141294479370117, 0.4187101125717163, 0.41857337951660156], "auc_history": [0.5915128675123186, 0.8308253512059176, 0.8310396089846795, 0.8293942322626082, 0.8297582910840572, 0.8308349620512568, 0.8318293641823529, 0.8318762651076081, 0.8317401114653028]}, "test": {"loss_history": [0.4184022545814514], "auc_history": [0.8346179907876203]}}