{"train": {"loss_history": [0.3911665976047516, 0.3642790913581848]}, "num_train": 23873, "dev": {"loss_history": [0.6431991457939148, 0.42814597487449646], "auc_history": [0.29836754025406464, 0.8235983158723496]}, "test": {"loss_history": [0.42489150166511536], "auc_history": [0.8310009263136523]}}