{"train": {"loss_history": [0.41215869784355164, 0.365680456161499, 0.3607448637485504, 0.35944944620132446]}, "num_train": 23904, "dev": {"loss_history": [0.701084315776825, 0.4369915723800659, 0.42631518840789795, 0.42218533158302307], "auc_history": [0.5379721936459754, 0.8200810027674109, 0.8253473615794797, 0.8285393796058375]}, "test": {"loss_history": [0.421195387840271], "auc_history": [0.8315806971461925]}}