{"train": {"loss_history": [0.44685596227645874, 0.39990267157554626, 0.3970784544944763, 0.3959999978542328, 0.3952595591545105, 0.3945122957229614]}, "num_train": 27099, "dev": {"loss_history": [0.8116540312767029, 0.42500045895576477, 0.4260020852088928, 0.4246640205383301, 0.42350316047668457, 0.4220428466796875], "auc_history": [0.6403011065030311, 0.8277466130099579, 0.8274197801961227, 0.8258330937029229, 0.8269417367489509, 0.8287624793623114]}, "test": {"loss_history": [0.41836562752723694], "auc_history": [0.8345244077302777]}}