{"train": {"loss_history": [0.4447523057460785, 0.4117472767829895, 0.407240629196167, 0.4053705930709839]}, "num_train": 27971, "dev": {"loss_history": [0.696850061416626, 0.4250444769859314, 0.4227723777294159, 0.41860947012901306], "auc_history": [0.56230704626174, 0.8277283524038134, 0.8283071815824424, 0.8313058934728776]}, "test": {"loss_history": [0.41682299971580505], "auc_history": [0.8359016331036584]}}