{"train": {"loss_history": [0.4095120131969452, 0.3641020655632019, 0.3611431121826172, 0.35984644293785095, 0.3584882915019989, 0.3579857349395752, 0.357390820980072]}, "num_train": 24103, "dev": {"loss_history": [0.6955180168151855, 0.4357842206954956, 0.43261751532554626, 0.4307262599468231, 0.42792317271232605, 0.42540404200553894, 0.42527443170547485], "auc_history": [0.45221385181665485, 0.8208744741586153, 0.8216798629980404, 0.8237021770743153, 0.8261280825825341, 0.8271108235546185, 0.8291236549301586]}, "test": {"loss_history": [0.4240398108959198], "auc_history": [0.8315246742040682]}}