{"train": {"loss_history": [0.431734174489975, 0.40693891048431396]}, "num_train": 27664, "dev": {"loss_history": [0.6240769028663635, 0.42389512062072754], "auc_history": [0.5181691749691556, 0.8285383544490013]}, "test": {"loss_history": [0.425507128238678], "auc_history": [0.8356115573489665]}}