{"train": {"loss_history": [0.4462924897670746, 0.4085331857204437, 0.403596431016922, 0.401630163192749, 0.40022334456443787, 0.39912864565849304]}, "num_train": 27299, "dev": {"loss_history": [0.7546263337135315, 0.4356507360935211, 0.42491838335990906, 0.4223168194293976, 0.4219040870666504, 0.4208749234676361], "auc_history": [0.6336471338408884, 0.8195991790544055, 0.826427876884815, 0.828503947622687, 0.8282912275791793, 0.8301091510112404]}, "test": {"loss_history": [0.41753944754600525], "auc_history": [0.836637925564988]}}