{"train": {"loss_history": [0.47231438755989075, 0.4375314712524414]}, "dev": {"loss_history": [0.7663343548774719, 0.4330369234085083], "auc_history": [0.39123393515165406, 0.8197774922715988]}, "test": {"loss_history": [0.4328671991825104], "auc_history": [0.8325417158374255]}}