{"train": {"loss_history": [0.6259360313415527, 0.5235601663589478, 0.5090506672859192, 0.5024037957191467, 0.4998908042907715, 0.49931344389915466]}, "dev": {"loss_history": [0.7220413684844971, 0.5682833194732666, 0.5274699926376343, 0.527694821357727, 0.5276104211807251, 0.5270931720733643], "auc_history": [0.44441963573729704, 0.7911709355363465, 0.8011068227488758, 0.7998628432904852, 0.8012025134764442, 0.8011865650218495]}, "test": {"loss_history": [0.5294941067695618], "auc_history": [0.799930088121484]}}