{"train": {"loss_history": [0.47888025641441345, 0.45830902457237244, 0.45601028203964233, 0.4542374908924103, 0.4533422291278839]}, "num_train": 33736, "dev": {"loss_history": [0.7000741362571716, 0.4517346918582916, 0.4434250593185425, 0.4378553330898285, 0.4267275929450989], "auc_history": [0.7554061624002948, 0.8203470860059101, 0.8231988397192909, 0.8305864041665, 0.8340008360302881]}, "test": {"loss_history": [0.44925299286842346], "auc_history": [0.8164135442871049]}}