{"train": {"loss_history": [0.5798568725585938, 0.566196084022522]}, "num_train": 68341, "dev": {"loss_history": [0.6567891240119934, 0.5176584720611572], "auc_history": [0.48691893585507573, 0.7904319310195465]}, "test": {"loss_history": [0.5486318469047546], "auc_history": [0.7777530519139958]}}