{"train": {"loss_history": [0.52240389585495, 0.4987848103046417, 0.49055686593055725, 0.4875371754169464, 0.48630478978157043, 0.48575881123542786, 0.48508408665657043, 0.48463109135627747, 0.48408371210098267, 0.48382431268692017]}, "num_train": 39679, "dev": {"loss_history": [0.6639269590377808, 0.6087760329246521, 0.5852450728416443, 0.5490961074829102, 0.5379108190536499, 0.5154371857643127, 0.5144871473312378, 0.5004634261131287, 0.48950082063674927, 0.47902941703796387], "auc_history": [0.473072986111325, 0.806470150793382, 0.8189309281937742, 0.8312251025663923, 0.8328853591543006, 0.8344121152028181, 0.8337423030299297, 0.8344381609591818, 0.834549849781421, 0.8360683302078425]}, "test": {"loss_history": [0.4877322018146515], "auc_history": [0.8312583111618463]}}