{"train": {"loss_history": [0.48862582445144653, 0.47153380513191223, 0.4679880738258362, 0.4646112024784088]}, "num_train": 34584, "dev": {"loss_history": [0.6470255255699158, 0.5029864311218262, 0.47745662927627563, 0.45442909002304077], "auc_history": [0.5535385277039601, 0.8137746382590862, 0.8288451876166928, 0.8325347037250308]}, "test": {"loss_history": [0.4698523283004761], "auc_history": [0.8272515258311665]}}