{"train": {"loss_history": [0.46932798624038696, 0.4334889352321625, 0.43144822120666504, 0.4302690029144287, 0.429808109998703]}, "num_train": 30859, "dev": {"loss_history": [0.6686316132545471, 0.4454115629196167, 0.4196813106536865, 0.43964827060699463, 0.4239548444747925], "auc_history": [0.5087430985160848, 0.822014784238494, 0.8303231239100556, 0.823881867226689, 0.833138952442245]}, "test": {"loss_history": [0.43362128734588623], "auc_history": [0.8309085628749144]}}