{"train": {"loss_history": [0.6254538893699646, 0.6246835589408875, 0.6246353983879089, 0.6246272921562195]}, "num_train": 52729, "dev": {"loss_history": [0.790367603302002, 0.8439527153968811, 0.844323992729187, 0.8443890810012817], "auc_history": [0.5243977528285948, 0.5, 0.5, 0.5]}, "test": {"loss_history": [0.8405386209487915], "auc_history": [0.5]}}