{"train": {"loss_history": [0.478225976228714, 0.45093443989753723, 0.44745728373527527, 0.4464475214481354]}, "num_train": 32920, "dev": {"loss_history": [0.6149064898490906, 0.45250922441482544, 0.43457821011543274, 0.4411008954048157], "auc_history": [0.27725438210228004, 0.831550289608282, 0.836900383065075, 0.8383037746074662]}, "test": {"loss_history": [0.45250192284584045], "auc_history": [0.8311046081460207]}}