{"train": {"loss_history": [0.5130605697631836, 0.49125516414642334, 0.4877234399318695]}, "num_train": 39830, "dev": {"loss_history": [0.714941143989563, 0.5569148063659668, 0.5075249671936035], "auc_history": [0.5221526856125808, 0.8131904691520734, 0.8293614837920978]}, "test": {"loss_history": [0.5382407903671265], "auc_history": [0.8156770532910942]}}