{"train": {"loss_history": [0.5277875661849976, 0.5044605135917664, 0.5022552013397217, 0.5003658533096313, 0.499394029378891]}, "num_train": 44496, "dev": {"loss_history": [0.6997630596160889, 0.506476640701294, 0.47581952810287476, 0.4647279679775238, 0.44504866003990173], "auc_history": [0.4903910404650976, 0.8262621029369349, 0.8327405036915689, 0.8339371971378922, 0.8358627868497415]}, "test": {"loss_history": [0.4651295244693756], "auc_history": [0.8308235008702498]}}