{"train": {"loss_history": [0.5330219268798828, 0.5138480067253113]}, "num_train": 46590, "dev": {"loss_history": [0.6772150993347168, 0.4876229763031006], "auc_history": [0.41799621913128804, 0.824387899064611]}, "test": {"loss_history": [0.5421064496040344], "auc_history": [0.8236282115940016]}}