{"train": {"loss_history": [0.4967711269855499, 0.4727850556373596, 0.47055351734161377, 0.46923258900642395]}, "num_train": 37078, "dev": {"loss_history": [0.7441814541816711, 0.4536953270435333, 0.4289742410182953, 0.42241594195365906], "auc_history": [0.5064772460166673, 0.824554694548713, 0.8323088883004003, 0.8343480913977668]}, "test": {"loss_history": [0.43379172682762146], "auc_history": [0.8291329564432204]}}