{"train": {"loss_history": [0.5208731889724731, 0.4982245862483978, 0.4968089163303375, 0.4960061013698578, 0.4948773682117462, 0.49289825558662415, 0.4919843375682831, 0.49119672179222107, 0.48971307277679443, 0.4889819025993347]}, "num_train": 43432, "dev": {"loss_history": [0.7693185210227966, 0.5219402313232422, 0.495050847530365, 0.4862273633480072, 0.4811367988586426, 0.4741445779800415, 0.4646598994731903, 0.46121329069137573, 0.45010673999786377, 0.4354385435581207], "auc_history": [0.48280203839478086, 0.8287218231105664, 0.8273737948384753, 0.8260008755479873, 0.8304820286847175, 0.8298049673234815, 0.8328297392755635, 0.8379125750451375, 0.8379601759102158, 0.8393773601561001]}, "test": {"loss_history": [0.46071988344192505], "auc_history": [0.8241811146243229]}}