{"train": {"loss_history": [0.6389837861061096, 0.5371561646461487, 0.4484195113182068, 0.4414098560810089, 0.43710896372795105]}, "num_train": 1786, "dev": {"loss_history": [0.672980785369873, 0.6411690711975098, 0.5048331022262573, 0.5004079341888428, 0.49659985303878784], "auc_history": [0.3196495824463731, 0.7824954969706894, 0.8295234976256753, 0.8301293597511054, 0.8310627149173081]}, "test": {"loss_history": [0.5118013620376587], "auc_history": [0.7983225505235777]}}