{"train": {"loss_history": [0.6240730285644531, 0.5332748889923096, 0.49089205265045166, 0.47345611453056335, 0.464337021112442, 0.4592610001564026, 0.4567258358001709, 0.4547513723373413, 0.4527410566806793, 0.45128104090690613]}, "num_train": 1844, "dev": {"loss_history": [0.6949868202209473, 0.5873693227767944, 0.535213053226471, 0.515318751335144, 0.5063596367835999, 0.50599604845047, 0.5028802156448364, 0.5020442008972168, 0.49899882078170776, 0.4986555576324463], "auc_history": [0.6576305878500082, 0.7910266906828229, 0.8277222859014246, 0.8279679056820043, 0.8269526772556084, 0.824611102014082, 0.8243163582773866, 0.8238906173243818, 0.825266088095628, 0.8257245783527101]}, "test": {"loss_history": [0.5207201242446899], "auc_history": [0.7975638631361301]}}