{"train": {"loss_history": [0.6205362677574158, 0.516254186630249, 0.4814062714576721, 0.4691515564918518, 0.45901238918304443, 0.4534098505973816, 0.4493010342121124, 0.4459509253501892, 0.44323331117630005, 0.4420453608036041]}, "num_train": 1659, "dev": {"loss_history": [0.7270593047142029, 0.6191285252571106, 0.5420368909835815, 0.5240728259086609, 0.5185188055038452, 0.5134291052818298, 0.5112934708595276, 0.5099143981933594, 0.509310245513916, 0.5088132619857788], "auc_history": [0.7168085803176683, 0.7816931390207958, 0.8158179138693302, 0.8199443261830687, 0.821630915343049, 0.8224005239888652, 0.8231455706566235, 0.8230636973964304, 0.8231946946127394, 0.8224087113148846]}, "test": {"loss_history": [0.5305606722831726], "auc_history": [0.7839074901620755]}}