{"train": {"loss_history": [0.6546200513839722, 0.5397979617118835, 0.4357537627220154, 0.4297119677066803, 0.429251104593277, 0.428096741437912, 0.4269580543041229]}, "num_train": 1601, "dev": {"loss_history": [0.7161712050437927, 0.6724984049797058, 0.5739952325820923, 0.5211151838302612, 0.5006650686264038, 0.4997110366821289, 0.4996699392795563], "auc_history": [0.7827083674471917, 0.7879400687735385, 0.8200098247912232, 0.8218765351236286, 0.822728017029638, 0.8240216145406911, 0.8236941214999182]}, "test": {"loss_history": [0.5260298848152161], "auc_history": [0.7851997598879477]}}