{"train": {"loss_history": [0.6405597925186157, 0.5285203456878662, 0.47483447194099426, 0.46061912178993225, 0.44935721158981323, 0.4438974857330322, 0.440531849861145, 0.43768075108528137, 0.4352354407310486, 0.4336927533149719]}, "num_train": 1594, "dev": {"loss_history": [0.7428392767906189, 0.6517577171325684, 0.5403850078582764, 0.5245274305343628, 0.5214664340019226, 0.515874981880188, 0.5137063264846802, 0.5121859312057495, 0.5114965438842773, 0.5106911063194275], "auc_history": [0.4444817422629769, 0.7958244637301457, 0.818175863762895, 0.818298673653185, 0.8207630587850008, 0.8201408220075324, 0.8201244473554937, 0.8196659570984116, 0.8195513345341411, 0.8194858359259866]}, "test": {"loss_history": [0.5319883823394775], "auc_history": [0.779338691389315]}}