{"train": {"loss_history": [0.7075397372245789, 0.6515015959739685, 0.635200023651123, 0.6319276094436646]}, "num_train": 1594, "dev": {"loss_history": [0.7452442646026611, 0.6798523664474487, 0.6682953834533691, 0.6710859537124634], "auc_history": [0.6001801211724251, 0.5, 0.5, 0.5]}, "test": {"loss_history": [0.6621369123458862], "auc_history": [0.5]}}