{"train": {"loss_history": [0.6266264915466309, 0.5213630795478821, 0.4861223101615906, 0.47281259298324585, 0.4633182883262634, 0.4569734036922455, 0.45250168442726135, 0.44994476437568665, 0.44779911637306213, 0.4458952248096466]}, "num_train": 1674, "dev": {"loss_history": [0.6960768699645996, 0.6076685786247253, 0.5379265546798706, 0.5178435444831848, 0.509524941444397, 0.5055973529815674, 0.5033390522003174, 0.5020924210548401, 0.5016997456550598, 0.5014219284057617], "auc_history": [0.7138202063206156, 0.8064188635991485, 0.8262403798919273, 0.8269117406255118, 0.8258719502210579, 0.8242181103651548, 0.8229245128541018, 0.8223350253807106, 0.8217291632552808, 0.8220484689700345]}, "test": {"loss_history": [0.5280798077583313], "auc_history": [0.786116854532115]}}