{"train": {"loss_history": [0.6488936543464661, 0.5629644393920898, 0.45848900079727173, 0.4477651119232178]}, "num_train": 1797, "dev": {"loss_history": [0.693998396396637, 0.6684221029281616, 0.5124787092208862, 0.49315205216407776], "auc_history": [0.3468315048305224, 0.7748157851645654, 0.8248075978385458, 0.8299819878827576]}, "test": {"loss_history": [0.5112689137458801], "auc_history": [0.7953878476622424]}}