{"train": {"loss_history": [0.6309471726417542, 0.5300158262252808, 0.45252227783203125, 0.43723025918006897]}, "num_train": 1648, "dev": {"loss_history": [0.7044306993484497, 0.6434146761894226, 0.5240060687065125, 0.49954038858413696], "auc_history": [0.6434092025544457, 0.784141149500573, 0.8265924349107581, 0.8242181103651547]}, "test": {"loss_history": [0.5267519354820251], "auc_history": [0.7885846728473287]}}