{"train": {"loss_history": [0.6278240084648132, 0.5280782580375671, 0.4825291633605957, 0.46847832202911377, 0.4584144651889801, 0.45193156599998474]}, "num_train": 1758, "dev": {"loss_history": [0.710567831993103, 0.5951634049415588, 0.527478039264679, 0.5144262313842773, 0.5082437992095947, 0.5050424933433533], "auc_history": [0.402971999345014, 0.8015392172916326, 0.8302931062714918, 0.8260029474373669, 0.8246029146880628, 0.8232028819387589]}, "test": {"loss_history": [0.5216156840324402], "auc_history": [0.7915027012605882]}}