{"train": {"loss_history": [0.6283140778541565, 0.5268140435218811, 0.48566243052482605, 0.4701472818851471, 0.46101856231689453, 0.455444872379303, 0.4511857032775879, 0.4482758045196533]}, "num_train": 1774, "dev": {"loss_history": [0.6784111261367798, 0.6010214686393738, 0.5375511646270752, 0.510748028755188, 0.5052677392959595, 0.5028684139251709, 0.5027838349342346, 0.502545952796936], "auc_history": [0.5792041919109219, 0.8023579498935647, 0.8251842148354347, 0.8283690846569509, 0.8268216800392991, 0.8255444571802848, 0.8247502865564107, 0.8252824627476667]}, "test": {"loss_history": [0.5265710949897766], "auc_history": [0.7923364236643767]}}