{"train": {"loss_history": [0.6072500944137573, 0.48948559165000916, 0.4716620147228241, 0.46853744983673096]}, "num_train": 2008, "dev": {"loss_history": [0.6750826239585876, 0.5666190385818481, 0.5092740058898926, 0.5063225030899048], "auc_history": [0.7205010643523826, 0.8153921729163256, 0.825675454396594, 0.8257082037006713]}, "test": {"loss_history": [0.5228363275527954], "auc_history": [0.7981891549389717]}}