{"train": {"loss_history": [0.5998623967170715, 0.5155743956565857, 0.4473433792591095, 0.4374140202999115, 0.437095582485199, 0.4368150532245636]}, "num_train": 1659, "dev": {"loss_history": [0.6734899282455444, 0.5938284993171692, 0.5122116208076477, 0.5033055543899536, 0.49910253286361694, 0.49768972396850586], "auc_history": [0.6842148354347469, 0.7950548550843294, 0.8315375798264288, 0.8271000491239562, 0.8272310463402652, 0.8271819223841493]}, "test": {"loss_history": [0.5180525183677673], "auc_history": [0.7958880811045155]}}