{"train": {"loss_history": [0.629452645778656, 0.5185804963111877, 0.443828821182251, 0.44208940863609314]}, "num_train": 1798, "dev": {"loss_history": [0.6984854340553284, 0.5976197719573975, 0.5019432902336121, 0.4916340708732605], "auc_history": [0.5784018339610284, 0.7952349762567545, 0.8290158834124775, 0.8305387260520716]}, "test": {"loss_history": [0.5140504837036133], "auc_history": [0.7994730874408056]}}