{"train": {"loss_history": [0.6525861024856567, 0.5596592426300049, 0.48663562536239624, 0.4687400460243225, 0.4584331810474396, 0.4527342915534973, 0.4493045508861542, 0.4469694197177887, 0.44530001282691956, 0.4444360136985779]}, "num_train": 1744, "dev": {"loss_history": [0.7320330142974854, 0.6618172526359558, 0.5465322732925415, 0.5166243314743042, 0.508955717086792, 0.5055503249168396, 0.5035339593887329, 0.5020486116409302, 0.5006418228149414, 0.500441312789917], "auc_history": [0.6862289176355003, 0.8009824791223187, 0.8298182413623709, 0.8285901424594726, 0.8265760602587194, 0.8254134599639757, 0.8247748485344686, 0.8241689864090388, 0.8240871131488456, 0.8239397412804979]}, "test": {"loss_history": [0.5221790075302124], "auc_history": [0.7969885946775161]}}