{"train": {"loss_history": [0.6496056914329529, 0.5301273465156555, 0.43568742275238037, 0.4299960434436798]}, "num_train": 1601, "dev": {"loss_history": [0.7107219696044922, 0.6583667397499084, 0.5182892680168152, 0.4995914697647095], "auc_history": [0.5015474046176519, 0.7969051907646962, 0.8196659570984117, 0.8245619780579663]}, "test": {"loss_history": [0.5305677056312561], "auc_history": [0.7868005069032216]}}