{"train": {"loss_history": [0.6326043605804443, 0.5240656733512878, 0.4692060351371765, 0.4375638961791992, 0.4304715692996979]}, "num_train": 1594, "dev": {"loss_history": [0.7345021963119507, 0.6285606026649475, 0.5354077816009521, 0.5067377090454102, 0.5035654902458191], "auc_history": [0.3585803176682496, 0.7992958899623384, 0.8221712788603242, 0.8245947273620435, 0.8242181103651547]}, "test": {"loss_history": [0.5299084186553955], "auc_history": [0.7851330620956446]}}