{"train": {"loss_history": [0.6331588625907898, 0.5095179677009583, 0.4422275125980377, 0.43718069791793823, 0.43671953678131104, 0.43612930178642273]}, "num_train": 1744, "dev": {"loss_history": [0.6922947764396667, 0.611396074295044, 0.5186904668807983, 0.5117085576057434, 0.5100522041320801, 0.5092490911483765], "auc_history": [0.6394383494350746, 0.7955952186016048, 0.8288685115441297, 0.8264941869985263, 0.8273456689045358, 0.8272146716882266]}, "test": {"loss_history": [0.5247508883476257], "auc_history": [0.7975555259120923]}}