{"train": {"loss_history": [0.6215189695358276, 0.5478439927101135, 0.49535176157951355, 0.4750060439109802, 0.46398505568504333, 0.4571157693862915, 0.4523658752441406, 0.4498797059059143, 0.4486530125141144, 0.44642865657806396]}, "num_train": 1709, "dev": {"loss_history": [0.6682193279266357, 0.6282542943954468, 0.5522992610931396, 0.5249258875846863, 0.5118110179901123, 0.5049279928207397, 0.5022764205932617, 0.5010687112808228, 0.5003882050514221, 0.4993036389350891], "auc_history": [0.6405845750777797, 0.7884558703127558, 0.8270509251678402, 0.8277959718355985, 0.8268216800392991, 0.8258064516129031, 0.8242099230391353, 0.8241198624529229, 0.8231128213525463, 0.823080072048469]}, "test": {"loss_history": [0.5299310684204102], "auc_history": [0.7863002734609484]}}