{"train": {"loss_history": [0.46809306740760803, 0.4333736300468445, 0.4284839630126953, 0.4266488552093506, 0.4258473813533783, 0.42465874552726746, 0.42384129762649536, 0.42374399304389954]}, "dev": {"loss_history": [0.7663343548774719, 0.43247443437576294, 0.42166998982429504, 0.4180357754230499, 0.41725096106529236, 0.41624006628990173, 0.41614753007888794, 0.414816677570343], "auc_history": [0.3912133679426281, 0.823605043464087, 0.8316449640964447, 0.8336146107402607, 0.8334881320155967, 0.8339875115394215, 0.8334177165554114, 0.8348457600282123]}, "test": {"loss_history": [0.41462334990501404], "auc_history": [0.8383748905554075]}}