{"train": {"loss_history": [0.6524962186813354, 0.5328320860862732, 0.5056263208389282, 0.5010603070259094]}, "dev": {"loss_history": [0.680787980556488, 0.6473958492279053, 0.5360744595527649, 0.534388542175293], "auc_history": [0.6210806672833402, 0.7815061720519282, 0.7923032758125736, 0.7937864820898854]}, "test": {"loss_history": [0.5361118912696838], "auc_history": [0.7922885572139304]}}