{"train": {"loss_history": [0.4425544738769531, 0.39720144867897034, 0.3886561691761017, 0.3863375186920166]}, "num_train": 26085, "dev": {"loss_history": [0.8444429039955139, 0.4391835927963257, 0.43414220213890076, 0.42592567205429077], "auc_history": [0.5774251468073842, 0.8076035522633249, 0.8148207269219001, 0.8204467630679741]}, "test": {"loss_history": [0.41913074254989624], "auc_history": [0.8333965582602343]}}