{"train": {"loss_history": [0.43052852153778076, 0.39634081721305847, 0.38982823491096497, 0.38739627599716187, 0.38659512996673584, 0.38611605763435364]}, "num_train": 26222, "dev": {"loss_history": [0.7084037065505981, 0.43751227855682373, 0.42711421847343445, 0.4250714182853699, 0.42450276017189026, 0.4243268370628357], "auc_history": [0.6215634109707965, 0.8103511739655165, 0.819674930031728, 0.8221690839728367, 0.8228047340997848, 0.8232659506099592]}, "test": {"loss_history": [0.41429221630096436], "auc_history": [0.8361118384964037]}}