{"train": {"loss_history": [0.4358764588832855, 0.39822831749916077, 0.39520570635795593, 0.39424216747283936, 0.39354240894317627, 0.39321622252464294]}, "num_train": 26739, "dev": {"loss_history": [0.732661247253418, 0.43181732296943665, 0.428220272064209, 0.42741554975509644, 0.42725127935409546, 0.4272494912147522], "auc_history": [0.5645249820630808, 0.8162305479891168, 0.8182030895661422, 0.8186564481211305, 0.8188899787562454, 0.8191086377241075]}, "test": {"loss_history": [0.4193335175514221], "auc_history": [0.8316958845180071]}}