{"train": {"loss_history": [0.42860162258148193, 0.39168640971183777, 0.3875937759876251, 0.38559335470199585, 0.384507954120636]}, "num_train": 26176, "dev": {"loss_history": [0.7344765067100525, 0.43283936381340027, 0.42574092745780945, 0.4239811301231384, 0.42361411452293396], "auc_history": [0.6278303575278691, 0.8187211950741922, 0.8229235126124728, 0.8243832739072766, 0.8244316555321823]}, "test": {"loss_history": [0.41320037841796875], "auc_history": [0.8379271874096901]}}