{"train": {"loss_history": [0.45268896222114563, 0.40203195810317993, 0.3949967622756958, 0.39309847354888916]}, "num_train": 26453, "dev": {"loss_history": [0.7828158140182495, 0.4395297169685364, 0.42794153094291687, 0.4268440902233124], "auc_history": [0.5025686421609299, 0.8112502279456422, 0.8192428723800539, 0.8201217944088766]}, "test": {"loss_history": [0.41783156991004944], "auc_history": [0.8334769332685213]}}