{"train": {"loss_history": [0.4235488772392273, 0.3881549537181854, 0.3836345970630646, 0.3826550841331482, 0.3816722333431244, 0.3809283673763275, 0.38035887479782104]}, "num_train": 26085, "dev": {"loss_history": [0.6993089318275452, 0.42901933193206787, 0.42782264947891235, 0.426036536693573, 0.42578402161598206, 0.4245431423187256, 0.4233391582965851], "auc_history": [0.5539929192680179, 0.8210301350633129, 0.8214209546857052, 0.8237560662115201, 0.8237991875523756, 0.8237697039849834, 0.8230895687398334]}, "test": {"loss_history": [0.41722530126571655], "auc_history": [0.8362290733811027]}}