{"train": {"loss_history": [0.428265780210495, 0.39649373292922974, 0.39160847663879395, 0.3897101879119873, 0.3886125385761261, 0.38817957043647766]}, "num_train": 26401, "dev": {"loss_history": [0.7524698972702026, 0.435556560754776, 0.4256172180175781, 0.4244339168071747, 0.42428797483444214, 0.4238012433052063], "auc_history": [0.5529049496545357, 0.8153578603710202, 0.8220693334012191, 0.8232042559204823, 0.8228555185704911, 0.8231504841279697]}, "test": {"loss_history": [0.41322004795074463], "auc_history": [0.8369713903366203]}}