{"train": {"loss_history": [0.42825478315353394, 0.3928415775299072, 0.38923224806785583, 0.3883671760559082]}, "num_train": 26441, "dev": {"loss_history": [0.6224501132965088, 0.43102097511291504, 0.4266461133956909, 0.4256031811237335], "auc_history": [0.4671183540532242, 0.8190510343666696, 0.823157432898258, 0.8232347136145503]}, "test": {"loss_history": [0.41775190830230713], "auc_history": [0.8362915303939117]}}