{"train": {"loss_history": [0.44059112668037415, 0.3998938202857971, 0.39746585488319397]}, "num_train": 27237, "dev": {"loss_history": [0.677381694316864, 0.4264183044433594, 0.42495226860046387], "auc_history": [0.5258322808435781, 0.8204733242553386, 0.8222722115169308]}, "test": {"loss_history": [0.41748741269111633], "auc_history": [0.8343465319847739]}}