{"train": {"loss_history": [0.5664790272712708, 0.562727153301239]}, "dev": {"loss_history": [0.678030788898468, 0.5567051768302917], "auc_history": [0.5229775701488102, 0.5]}, "test": {"loss_history": [0.5626043081283569], "auc_history": [0.5]}}