{"train": {"loss_history": [0.6489915251731873, 0.5614696145057678, 0.5281082987785339, 0.5192321538925171, 0.5150920152664185]}, "dev": {"loss_history": [0.70938640832901, 0.6215434670448303, 0.5588517785072327, 0.5514198541641235, 0.5508425235748291], "auc_history": [0.6592772160377659, 0.7969283276450512, 0.7989617556058819, 0.7979330802845204, 0.7952377914580078]}, "test": {"loss_history": [0.5419149994850159], "auc_history": [0.7907927681852178]}}