{"train": {"loss_history": [0.46175649762153625, 0.4314069151878357, 0.42864009737968445]}, "dev": {"loss_history": [0.7049177885055542, 0.43793734908103943, 0.4140673875808716], "auc_history": [0.7557117485734274, 0.8331219827668239, 0.840824943235414]}, "test": {"loss_history": [0.41985148191452026], "auc_history": [0.8245805569263239]}}