{"train": {"loss_history": [0.6453310251235962, 0.5443762540817261, 0.5156614184379578, 0.5128337740898132]}, "dev": {"loss_history": [0.6879884004592896, 0.6266953349113464, 0.5207988023757935, 0.5231954455375671], "auc_history": [0.5128933291378226, 0.7807190056639395, 0.8226006922592826, 0.8215308370044053]}, "test": {"loss_history": [0.5122531652450562], "auc_history": [0.7829994863893168]}}