{"train": {"loss_history": [0.5003599524497986, 0.474552184343338, 0.4706394076347351, 0.4694957733154297, 0.4687351584434509, 0.4683123528957367, 0.467675119638443, 0.4670845866203308, 0.4669077396392822, 0.4664294421672821]}, "num_train": 36568, "dev": {"loss_history": [0.6291284561157227, 0.46577438712120056, 0.45481663942337036, 0.4361334443092346, 0.42950743436813354, 0.42755040526390076, 0.42489540576934814, 0.4233648180961609, 0.4224401116371155, 0.42040085792541504], "auc_history": [0.5316951835622794, 0.8173984626075318, 0.8328760570984566, 0.8340655655085415, 0.8347138867248245, 0.8340536973683265, 0.8352285790974978, 0.8356196503556079, 0.8351832877083533, 0.8359072442614655]}, "test": {"loss_history": [0.4272769093513489], "auc_history": [0.8334731948986958]}}