{"train": {"loss_history": [0.5141600966453552, 0.48688387870788574, 0.48003053665161133, 0.4776519238948822, 0.4770314395427704, 0.47629573941230774]}, "num_train": 37962, "dev": {"loss_history": [0.7128738760948181, 0.482504278421402, 0.44882363080978394, 0.42964014410972595, 0.4273112118244171, 0.4239922761917114], "auc_history": [0.6408415294068137, 0.8199318294026053, 0.8308921531192808, 0.8317299796663474, 0.8343393025587966, 0.8349878803835167]}, "test": {"loss_history": [0.4393444359302521], "auc_history": [0.829205812805204]}}