{"train": {"loss_history": [0.5497742891311646, 0.5289750695228577, 0.5206291675567627, 0.5176674723625183, 0.5156795382499695, 0.5148621201515198]}, "num_train": 48376, "dev": {"loss_history": [0.7055355310440063, 0.5986253023147583, 0.5155075192451477, 0.4651004672050476, 0.4382662773132324, 0.42874038219451904], "auc_history": [0.603644789257755, 0.8137647588342586, 0.8305763964374538, 0.83103020845843, 0.8353998010771396, 0.8358364844849406]}, "test": {"loss_history": [0.44198325276374817], "auc_history": [0.8297133536274164]}}