{"train": {"loss_history": [0.536457896232605, 0.5159106850624084, 0.5124174356460571, 0.5109557509422302, 0.5094375014305115, 0.5071830153465271, 0.5062192678451538, 0.5044946670532227, 0.5034609436988831, 0.5030962824821472]}, "num_train": 46635, "dev": {"loss_history": [0.6840784549713135, 0.5402711033821106, 0.5129600167274475, 0.4973965883255005, 0.4826756715774536, 0.46344125270843506, 0.457518994808197, 0.4421706199645996, 0.43926313519477844, 0.4299875795841217], "auc_history": [0.35978183663896324, 0.833511676197104, 0.8366954170759571, 0.837481986087717, 0.838190674438823, 0.8373935844811429, 0.8344383534155096, 0.8361630187211252, 0.8377011296929834, 0.8397685597184288]}, "test": {"loss_history": [0.45200830698013306], "auc_history": [0.8322038709755354]}}