{"train": {"loss_history": [0.5291721820831299, 0.5091630816459656, 0.5065929293632507, 0.5036645531654358, 0.5014773607254028]}, "num_train": 44368, "dev": {"loss_history": [0.636264979839325, 0.5803791284561157, 0.6482551693916321, 0.624783992767334, 0.476301908493042], "auc_history": [0.3467234181886113, 0.8308783604157878, 0.8326378603167369, 0.8326950198460965, 0.8381530171506816]}, "test": {"loss_history": [0.5207141637802124], "auc_history": [0.8310050755340535]}}