{"train": {"loss_history": [0.47174301743507385, 0.44340211153030396, 0.43998053669929504, 0.43909162282943726]}, "num_train": 31630, "dev": {"loss_history": [0.6473594903945923, 0.42847299575805664, 0.426432728767395, 0.4190177917480469], "auc_history": [0.5131262913819596, 0.826100567925793, 0.8291595329521159, 0.8326911065674311]}, "test": {"loss_history": [0.45714908838272095], "auc_history": [0.8253442368730199]}}