{"train": {"loss_history": [0.5143184661865234, 0.4930384159088135, 0.489212304353714, 0.4874151945114136, 0.484837144613266, 0.4836215376853943, 0.48345497250556946, 0.48121538758277893, 0.4804833233356476]}, "num_train": 40323, "dev": {"loss_history": [0.6850450038909912, 0.6543124318122864, 0.5775383710861206, 0.5389179587364197, 0.5168547034263611, 0.4978335201740265, 0.4678720533847809, 0.45444256067276, 0.4398059844970703], "auc_history": [0.546354774507902, 0.8077268264618727, 0.8118530259780117, 0.7956933021092187, 0.8181898430274869, 0.8226891512111405, 0.8236541913908896, 0.8309236518049324, 0.8315768485815198]}, "test": {"loss_history": [0.4590127170085907], "auc_history": [0.8300851224037215]}}