{"train": {"loss_history": [0.4894234538078308, 0.47014668583869934, 0.46630269289016724, 0.46479395031929016, 0.463981032371521, 0.4629189372062683]}, "num_train": 35677, "dev": {"loss_history": [0.6600767374038696, 0.6319944858551025, 0.5299628973007202, 0.5003176331520081, 0.4871200919151306, 0.4714113175868988], "auc_history": [0.4783209494101599, 0.815655449798665, 0.8318844579454696, 0.8286256590987706, 0.8307846983362535, 0.8299462944202036]}, "test": {"loss_history": [0.47948938608169556], "auc_history": [0.8302483256878194]}}