{"train": {"loss_history": [0.5252929925918579, 0.5113718509674072, 0.5046385526657104, 0.5028154253959656]}, "num_train": 43679, "dev": {"loss_history": [0.6987589597702026, 0.5183905959129333, 0.4995948076248169, 0.45099693536758423], "auc_history": [0.6149683422171175, 0.8193256561221127, 0.8256413671276381, 0.8341132305257292]}, "test": {"loss_history": [0.47280189394950867], "auc_history": [0.8247951716994181]}}