{"train": {"loss_history": [0.4718317985534668, 0.4304198622703552, 0.4252074658870697, 0.4232044517993927]}, "dev": {"loss_history": [0.6918091177940369, 0.4362986385822296, 0.42908740043640137, 0.42700621485710144], "auc_history": [0.39454356542351715, 0.8208027849910643, 0.8257767880448227, 0.8269709994235278]}, "test": {"loss_history": [0.4064081907272339], "auc_history": [0.8365924728161548]}}