{"train": {"loss_history": [0.6614305377006531, 0.5695067048072815, 0.5343874096870422, 0.524300217628479, 0.5197806358337402, 0.5169951915740967, 0.5152034163475037, 0.5138760805130005, 0.5127398371696472, 0.5118960738182068]}, "dev": {"loss_history": [0.7448440194129944, 0.5842400789260864, 0.5260573625564575, 0.5100175142288208, 0.5046118497848511, 0.5011165142059326, 0.4994097352027893, 0.4985559582710266, 0.4977274537086487, 0.49714815616607666], "auc_history": [0.7299819878827576, 0.7985754052726379, 0.8272637956443425, 0.8267889307352219, 0.8272965449484199, 0.827198297036188, 0.8271000491239562, 0.8276649746192893, 0.8275094154249222, 0.8272310463402652]}, "test": {"loss_history": [0.5191410183906555], "auc_history": [0.7960965117054626]}}