{"train": {"loss_history": [0.4584507942199707, 0.4157513976097107, 0.4127383828163147, 0.411491334438324]}, "num_train": 28670, "dev": {"loss_history": [0.7585042119026184, 0.43623825907707214, 0.42868557572364807, 0.42774543166160583], "auc_history": [0.4004784820426508, 0.8198973793427509, 0.8261128736087893, 0.8269585940053475]}, "test": {"loss_history": [0.40957117080688477], "auc_history": [0.8357793511044811]}}