{"train": {"loss_history": [0.4306129813194275, 0.37410491704940796, 0.36924633383750916, 0.3679218888282776, 0.36713895201683044, 0.3665637969970703]}, "num_train": 24703, "dev": {"loss_history": [0.788228452205658, 0.44672030210494995, 0.44157782196998596, 0.4410935640335083, 0.43928173184394836, 0.4376930892467499], "auc_history": [0.6201302720812014, 0.8119975330939847, 0.8228281593878508, 0.8239523054710174, 0.8254286135274249, 0.8246165016872634]}, "test": {"loss_history": [0.41572046279907227], "auc_history": [0.8357073461016986]}}