{"train": {"loss_history": [0.4348714053630829, 0.3990395665168762]}, "num_train": 26914, "dev": {"loss_history": [0.6939533948898315, 0.4336044490337372], "auc_history": [0.5382525500096585, 0.8235529902501009]}, "test": {"loss_history": [0.4199192523956299], "auc_history": [0.8310722849352751]}}