{"train": {"loss_history": [0.4107561707496643, 0.38147440552711487, 0.3781689703464508, 0.37686777114868164, 0.3763870596885681]}, "num_train": 25288, "dev": {"loss_history": [0.643875777721405, 0.4351029396057129, 0.4310413897037506, 0.43088263273239136, 0.43036171793937683], "auc_history": [0.5951987993580576, 0.8234895707143015, 0.8263631972256421, 0.8264667444916779, 0.8264875045792449]}, "test": {"loss_history": [0.40879544615745544], "auc_history": [0.8364449408267582]}}