{"train": {"loss_history": [0.417879194021225, 0.37855640053749084, 0.37658753991127014, 0.37577688694000244, 0.3752884268760681]}, "num_train": 25421, "dev": {"loss_history": [0.643737256526947, 0.43542343378067017, 0.43538162112236023, 0.43275564908981323, 0.4317760169506073], "auc_history": [0.3893294289178399, 0.8224246035392911, 0.8245121316128791, 0.8257172926719171, 0.825733622252991]}, "test": {"loss_history": [0.41500842571258545], "auc_history": [0.8356868011960135]}}