{"train": {"loss_history": [0.43442633748054504, 0.4060167074203491, 0.40233755111694336, 0.4003768861293793]}, "num_train": 27537, "dev": {"loss_history": [0.7110580801963806, 0.42368051409721375, 0.41668280959129333, 0.41543346643447876], "auc_history": [0.49341112931320297, 0.8311551126151786, 0.8376143960412502, 0.8384164257113442]}, "test": {"loss_history": [0.4306719899177551], "auc_history": [0.8336520641880907]}}