{"train": {"loss_history": [0.4156996011734009, 0.38548824191093445, 0.38153159618377686, 0.3798432946205139]}, "num_train": 25699, "dev": {"loss_history": [0.6163722276687622, 0.4204162061214447, 0.41446951031684875, 0.410048246383667], "auc_history": [0.648287151512912, 0.8353111428621284, 0.8357263353133241, 0.8397635558539057]}, "test": {"loss_history": [0.4197758734226227], "auc_history": [0.8349318950304663]}}