{"train": {"loss_history": [0.41784507036209106, 0.38342905044555664, 0.3808203339576721, 0.37936297059059143, 0.3787142038345337]}, "num_train": 25565, "dev": {"loss_history": [0.6781212091445923, 0.4158017635345459, 0.41317299008369446, 0.41348326206207275, 0.41308286786079407], "auc_history": [0.4764550211599317, 0.8352018918200416, 0.8363978795931628, 0.8381066993277886, 0.8384507470898037]}, "test": {"loss_history": [0.42560237646102905], "auc_history": [0.8345713252458997]}}