{"train": {"loss_history": [0.441303551197052, 0.4118254780769348, 0.4081346094608307]}, "num_train": 28160, "dev": {"loss_history": [0.66953045129776, 0.4163888990879059, 0.4104727506637573], "auc_history": [0.5267383425353118, 0.8332519243066696, 0.8387496317668928]}, "test": {"loss_history": [0.4248832166194916], "auc_history": [0.8344536100012785]}}