{"train": {"loss_history": [0.42752328515052795, 0.3976007401943207, 0.3940510153770447, 0.3922578692436218, 0.3916069269180298, 0.39059901237487793, 0.3893260657787323, 0.38869938254356384]}, "num_train": 26674, "dev": {"loss_history": [0.7224825024604797, 0.42332974076271057, 0.41457599401474, 0.41264259815216064, 0.4121120572090149, 0.4102199077606201, 0.4101548194885254, 0.40977948904037476], "auc_history": [0.6453683588453442, 0.8361586563776948, 0.8387348126296513, 0.8381766251268928, 0.8379304734836238, 0.8396750259431129, 0.8396199834333593, 0.8394631956783033]}, "test": {"loss_history": [0.41962215304374695], "auc_history": [0.8359141346878829]}}