{"train": {"loss_history": [0.44288942217826843, 0.40207257866859436, 0.39915764331817627, 0.397735595703125, 0.397007554769516, 0.3963383436203003, 0.39575570821762085, 0.39532965421676636]}, "num_train": 27209, "dev": {"loss_history": [0.7922775149345398, 0.42291733622550964, 0.420302152633667, 0.4203873872756958, 0.4191131591796875, 0.4176289141178131, 0.4168799817562103, 0.41389185190200806], "auc_history": [0.578441863305712, 0.8281862813023803, 0.8322456984727693, 0.82976820816487, 0.8310380350157609, 0.8333250577112374, 0.8325572852674937, 0.8352619381943183]}, "test": {"loss_history": [0.42312097549438477], "auc_history": [0.8345208039517089]}}