{"train": {"loss_history": [0.4218072295188904, 0.39349475502967834, 0.39073580503463745, 0.3897944390773773, 0.38897451758384705, 0.3882618248462677, 0.38781267404556274]}, "num_train": 26521, "dev": {"loss_history": [0.7546471953392029, 0.41237136721611023, 0.41173142194747925, 0.40978994965553284, 0.40905722975730896, 0.4084605276584625, 0.40728116035461426], "auc_history": [0.530553340169382, 0.8359088480641974, 0.8374328455720161, 0.83890103074477, 0.8387519412428265, 0.8396540482033816, 0.840892825433386]}, "test": {"loss_history": [0.4214895963668823], "auc_history": [0.8346100183915128]}}