{"train": {"loss_history": [0.431076318025589, 0.3895975351333618, 0.38539445400238037, 0.38311633467674255, 0.3823949992656708, 0.3813285529613495, 0.38074150681495667, 0.3803679347038269]}, "num_train": 25999, "dev": {"loss_history": [0.6623764634132385, 0.42675963044166565, 0.41905122995376587, 0.41489481925964355, 0.41348621249198914, 0.41281285881996155, 0.41195639967918396, 0.4116198718547821], "auc_history": [0.6034123020137603, 0.8297196450181525, 0.8341847601275652, 0.8354345073682545, 0.8348799123836153, 0.8352771422442152, 0.8360631980391009, 0.836546904942997]}, "test": {"loss_history": [0.42640095949172974], "auc_history": [0.8311366951448218]}}