{"train": {"loss_history": [0.41759130358695984, 0.3889194130897522, 0.38475149869918823, 0.38301751017570496, 0.38197657465934753, 0.3809979259967804]}, "num_train": 25641, "dev": {"loss_history": [0.6572709083557129, 0.4193183183670044, 0.41706031560897827, 0.4152020514011383, 0.4121934771537781, 0.4101976156234741], "auc_history": [0.47292704006273567, 0.8335263670301268, 0.8364078231700995, 0.8370906582211698, 0.8380729553183125, 0.8386693774781959]}, "test": {"loss_history": [0.4207201898097992], "auc_history": [0.8351427884029785]}}