{"train": {"loss_history": [0.4142596125602722, 0.3757064938545227, 0.37281420826911926, 0.3718333840370178, 0.3713260889053345, 0.37108051776885986, 0.37035396695137024]}, "num_train": 25057, "dev": {"loss_history": [0.6392436027526855, 0.4169098436832428, 0.425006628036499, 0.4218807518482208, 0.41992923617362976, 0.41678836941719055, 0.4157843589782715], "auc_history": [0.46610593874038103, 0.8348885729183667, 0.8321957881317572, 0.8344589462425853, 0.8340487576559128, 0.8366066947088368, 0.8362750283039107]}, "test": {"loss_history": [0.42428770661354065], "auc_history": [0.833038384607099]}}