{"train": {"loss_history": [0.4242185652256012, 0.395338237285614, 0.392837792634964, 0.391605943441391, 0.3899156451225281]}, "num_train": 26684, "dev": {"loss_history": [0.7693185210227966, 0.4231225848197937, 0.41819247603416443, 0.41451239585876465, 0.4132576882839203], "auc_history": [0.48280203839478086, 0.8351807216239824, 0.8352901651223971, 0.8363622751725177, 0.8378785744272244]}, "test": {"loss_history": [0.42226850986480713], "auc_history": [0.8357028638212671]}}