{"train": {"loss_history": [0.4395688772201538, 0.4162578582763672, 0.4137766659259796]}, "num_train": 28575, "dev": {"loss_history": [0.6345323920249939, 0.4154786467552185, 0.4121454358100891], "auc_history": [0.4634393280143536, 0.8353987104912819, 0.83665121627267]}, "test": {"loss_history": [0.4239320456981659], "auc_history": [0.832763946393824]}}