{"train": {"loss_history": [0.4611473083496094, 0.4211033582687378, 0.41920793056488037]}, "num_train": 29383, "dev": {"loss_history": [0.6686316132545471, 0.41450050473213196, 0.4142792522907257], "auc_history": [0.5087430985160848, 0.8372920958442777, 0.8372958808187245]}, "test": {"loss_history": [0.4285944104194641], "auc_history": [0.8296795679051493]}}