{"train": {"loss_history": [0.44561275839805603, 0.4105004668235779, 0.40659910440444946, 0.40462052822113037, 0.403865784406662]}, "num_train": 27960, "dev": {"loss_history": [0.7022203207015991, 0.42067164182662964, 0.4134973883628845, 0.41207462549209595, 0.4112849235534668], "auc_history": [0.5018027384225971, 0.8329974328891954, 0.8385446657777751, 0.8385344014402918, 0.8388491316883706]}, "test": {"loss_history": [0.423273503780365], "auc_history": [0.8336017945566357]}}