{"train": {"loss_history": [0.42569178342819214, 0.3911593556404114, 0.3875133693218231, 0.38645273447036743, 0.3856216073036194, 0.38506901264190674]}, "num_train": 26278, "dev": {"loss_history": [0.7640129327774048, 0.42089641094207764, 0.41123640537261963, 0.409699410200119, 0.4095790386199951, 0.40921518206596375], "auc_history": [0.7289712593418302, 0.8326510756512465, 0.8382140899587066, 0.838935929492213, 0.8391999795739684, 0.8396727806192885]}, "test": {"loss_history": [0.42068377137184143], "auc_history": [0.8351088139336598]}}