{"train": {"loss_history": [0.40184298157691956, 0.37212690711021423, 0.36860939860343933, 0.36711642146110535, 0.3655088245868683]}, "num_train": 24593, "dev": {"loss_history": [0.687689483165741, 0.4145539104938507, 0.41419485211372375, 0.41305452585220337, 0.41227373480796814], "auc_history": [0.3311481841873775, 0.837032279801734, 0.8364949417344882, 0.8361543581863737, 0.837520477353279]}, "test": {"loss_history": [0.42414286732673645], "auc_history": [0.8345434535979215]}}