{"train": {"loss_history": [0.4483450949192047, 0.4175609052181244, 0.4148375391960144, 0.4135054051876068]}, "num_train": 28544, "dev": {"loss_history": [0.6681345701217651, 0.4199262261390686, 0.41555023193359375, 0.41373270750045776], "auc_history": [0.49077691540235696, 0.8334835134211345, 0.8357906157268126, 0.8356418469854153]}, "test": {"loss_history": [0.42545557022094727], "auc_history": [0.8301011029874381]}}