{"train": {"loss_history": [0.41693970561027527, 0.3848802149295807, 0.3820544183254242, 0.3805035650730133, 0.3795314431190491, 0.379062294960022, 0.37831005454063416, 0.3778378367424011]}, "num_train": 25463, "dev": {"loss_history": [0.6741159558296204, 0.42267554998397827, 0.4143478274345398, 0.41375190019607544, 0.4124809205532074, 0.41244301199913025, 0.41223496198654175, 0.41152942180633545], "auc_history": [0.5754381973975798, 0.8317590405718469, 0.8361635960901086, 0.8357474413572739, 0.8369427234571931, 0.8370572991243492, 0.8372890165430328, 0.8380043125613936]}, "test": {"loss_history": [0.4200517237186432], "auc_history": [0.8355250011828148]}}