{"train": {"loss_history": [0.4228450655937195, 0.3887534439563751, 0.3828965425491333, 0.3813329339027405]}, "num_train": 25882, "dev": {"loss_history": [0.7293037176132202, 0.4211370348930359, 0.41474542021751404, 0.4121086597442627], "auc_history": [0.5442392945526134, 0.831922051081502, 0.8352646325829076, 0.8396059982735384]}, "test": {"loss_history": [0.4241080582141876], "auc_history": [0.8330911708659111]}}