{"train": {"loss_history": [0.44336292147636414, 0.41241171956062317, 0.4087304174900055, 0.4072413444519043]}, "num_train": 28061, "dev": {"loss_history": [0.7327311038970947, 0.4175781309604645, 0.41219815611839294, 0.41191139817237854], "auc_history": [0.5243939037020386, 0.8350764744464187, 0.8387110763492215, 0.8384197616210263]}, "test": {"loss_history": [0.4252453148365021], "auc_history": [0.8350202915663791]}}