{"train": {"loss_history": [0.6345385313034058, 0.5338887572288513, 0.5130441188812256, 0.5024895668029785, 0.4998299479484558]}, "dev": {"loss_history": [0.680787980556488, 0.5665169954299927, 0.5304343104362488, 0.5312734246253967, 0.5299533009529114], "auc_history": [0.6210806672833402, 0.7866256259768428, 0.8010430289304967, 0.8020637300245607, 0.8017607093872604]}, "test": {"loss_history": [0.5309087038040161], "auc_history": [0.801490911455793]}}