{"train": {"loss_history": [0.4228654205799103, 0.41391924023628235, 0.41198301315307617, 0.41081804037094116]}, "num_train": 104335, "dev": {"loss_history": [0.6543329954147339, 0.4712260961532593, 0.4647129774093628, 0.462881863117218], "auc_history": [0.4075010904340298, 0.829555449331313, 0.8321141517975965, 0.8332132315661311]}, "test": {"loss_history": [0.45486313104629517], "auc_history": [0.8423546676962413]}}