{"train": {"loss_history": [0.4224267303943634, 0.4143221974372864, 0.412833034992218, 0.41173648834228516, 0.41118815541267395]}, "num_train": 104877, "dev": {"loss_history": [0.670986533164978, 0.4674431085586548, 0.46157869696617126, 0.4602963328361511, 0.4599445164203644], "auc_history": [0.6314940296779694, 0.8309868529368503, 0.8323110734706087, 0.8331054886046462, 0.8339495646535274]}, "test": {"loss_history": [0.4535994231700897], "auc_history": [0.8430096191599599]}}