{"train": {"loss_history": [0.4214037358760834, 0.4104407727718353, 0.4079191982746124, 0.40648436546325684, 0.40587738156318665, 0.404872864484787]}, "num_train": 103079, "dev": {"loss_history": [0.7240768671035767, 0.47458988428115845, 0.46380865573883057, 0.45973795652389526, 0.4589520990848541, 0.45885515213012695], "auc_history": [0.7380258781152271, 0.8292788670717738, 0.8318599846573292, 0.8334314974065942, 0.834409849329709, 0.8349100326577806]}, "test": {"loss_history": [0.45172426104545593], "auc_history": [0.843499945735287]}}