{"train": {"loss_history": [0.4156222343444824, 0.40901511907577515, 0.40728721022605896, 0.40638646483421326]}, "num_train": 102732, "dev": {"loss_history": [0.6580870151519775, 0.46507665514945984, 0.46584653854370117, 0.46294960379600525], "auc_history": [0.4952367090305476, 0.8304486557018864, 0.8313442643899189, 0.8324801503962708]}, "test": {"loss_history": [0.457898885011673], "auc_history": [0.8422633732382947]}}