{"train": {"loss_history": [0.41923367977142334, 0.4096636474132538, 0.40810325741767883, 0.40718504786491394, 0.4063839018344879, 0.4058731198310852]}, "num_train": 102768, "dev": {"loss_history": [0.7733534574508667, 0.46754196286201477, 0.4601491391658783, 0.4611358642578125, 0.4589810073375702, 0.4576367735862732], "auc_history": [0.4456153608110578, 0.8291383607969759, 0.8326428471834236, 0.8330399717435384, 0.8334531182637253, 0.8338928074621788]}, "test": {"loss_history": [0.4511038661003113], "auc_history": [0.8427601187779944]}}