{"train": {"loss_history": [0.4186905324459076, 0.41038602590560913, 0.4086489975452423, 0.4074903130531311, 0.406894326210022]}, "num_train": 103590, "dev": {"loss_history": [0.7214066386222839, 0.46254631876945496, 0.46085360646247864, 0.46120375394821167, 0.4592246413230896], "auc_history": [0.5123365414210539, 0.8311951872453791, 0.833430605489272, 0.8342451538665127, 0.8341549562859276]}, "test": {"loss_history": [0.45298105478286743], "auc_history": [0.8432559570435776]}}