{"train": {"loss_history": [0.4189032018184662, 0.4118236005306244, 0.40997767448425293, 0.4088730812072754, 0.40809595584869385]}, "num_train": 104149, "dev": {"loss_history": [0.6774606108665466, 0.46340811252593994, 0.46445295214653015, 0.4628548324108124, 0.4610039293766022], "auc_history": [0.3004428675490863, 0.8318223548608169, 0.8329988621674004, 0.8337901653563283, 0.8342262608441114]}, "test": {"loss_history": [0.454902708530426], "auc_history": [0.8423447589667862]}}