{"train": {"loss_history": [0.42007601261138916, 0.41016024351119995, 0.4083113670349121, 0.4071798026561737]}, "num_train": 103559, "dev": {"loss_history": [0.7521997690200806, 0.4669947624206543, 0.4613955616950989, 0.45871227979660034], "auc_history": [0.4310209371992485, 0.8308947868871304, 0.8333292394111234, 0.834221840319573]}, "test": {"loss_history": [0.451994389295578], "auc_history": [0.8436875214185546]}}