{"train": {"loss_history": [0.4287204146385193, 0.4214786887168884, 0.4198288023471832, 0.41907647252082825, 0.41815173625946045, 0.4179385006427765, 0.4175293445587158]}, "num_train": 108123, "dev": {"loss_history": [0.6418179273605347, 0.4643884003162384, 0.4612874686717987, 0.46104955673217773, 0.4599331021308899, 0.45871037244796753, 0.4583193361759186], "auc_history": [0.4572829089025399, 0.8315889622327766, 0.8330531226412815, 0.8334928183500805, 0.8339350758798011, 0.8347330586831273, 0.834581048627977]}, "test": {"loss_history": [0.45107194781303406], "auc_history": [0.8432098286352961]}}