{"train": {"loss_history": [0.42298829555511475, 0.41244223713874817, 0.4110634922981262, 0.41012120246887207, 0.4090403616428375]}, "num_train": 103640, "dev": {"loss_history": [0.6430491209030151, 0.46347782015800476, 0.4609069228172302, 0.4607146978378296, 0.4596576690673828], "auc_history": [0.5898106577362262, 0.8302709623340646, 0.8329056047244691, 0.8334645406647602, 0.833646579688148]}, "test": {"loss_history": [0.4525189697742462], "auc_history": [0.8434129219462163]}}