{"train": {"loss_history": [0.4261305630207062, 0.4185422658920288, 0.4166313409805298, 0.41546866297721863]}, "num_train": 107028, "dev": {"loss_history": [0.686079740524292, 0.4644310772418976, 0.4639529883861542, 0.4629930853843689], "auc_history": [0.5092744915988257, 0.8317906592441525, 0.8327840175134541, 0.8335857795722952]}, "test": {"loss_history": [0.4557564854621887], "auc_history": [0.8433505727728425]}}