{"train": {"loss_history": [0.4465300738811493, 0.4376784861087799, 0.43614792823791504, 0.4353245496749878]}, "num_train": 115770, "dev": {"loss_history": [0.7683459520339966, 0.46433737874031067, 0.46110132336616516, 0.45919114351272583], "auc_history": [0.44469615537606, 0.8308818345549226, 0.8325199448826345, 0.8336892191954591]}, "test": {"loss_history": [0.45213669538497925], "auc_history": [0.8427274795916627]}}