{"train": {"loss_history": [0.4434107840061188, 0.4339957535266876, 0.43282032012939453, 0.4315766990184784]}, "num_train": 112603, "dev": {"loss_history": [0.6663345098495483, 0.4700748324394226, 0.46972233057022095, 0.46585795283317566], "auc_history": [0.38669878228741517, 0.829937004400362, 0.831629095257102, 0.8329779314068835]}, "test": {"loss_history": [0.46097931265830994], "auc_history": [0.8423300254831914]}}