{"train": {"loss_history": [0.4170841574668884, 0.40940093994140625, 0.40759527683258057, 0.4065057039260864]}, "num_train": 103292, "dev": {"loss_history": [0.6818895936012268, 0.4641186594963074, 0.4635295867919922, 0.46305420994758606], "auc_history": [0.37008702723767717, 0.8309317526284105, 0.8323044296631102, 0.8326520430463258]}, "test": {"loss_history": [0.4559796452522278], "auc_history": [0.8418328263064337]}}