{"train": {"loss_history": [0.4231700897216797, 0.41346701979637146, 0.4116291403770447, 0.41044336557388306, 0.40999889373779297]}, "num_train": 104239, "dev": {"loss_history": [0.6579829454421997, 0.47007158398628235, 0.46174880862236023, 0.45753195881843567, 0.4570799469947815], "auc_history": [0.3650592046580532, 0.8297940892977596, 0.8321087872729727, 0.8333846782575252, 0.8339466317429168]}, "test": {"loss_history": [0.4518294930458069], "auc_history": [0.8427363708780017]}}