{"train": {"loss_history": [0.41788098216056824, 0.4105534851551056, 0.4090539515018463, 0.40793555974960327]}, "num_train": 103726, "dev": {"loss_history": [0.6679208278656006, 0.46732139587402344, 0.46173885464668274, 0.46302053332328796], "auc_history": [0.4134259767638871, 0.8313670082816346, 0.8326298883408705, 0.8329696990751032]}, "test": {"loss_history": [0.4555811882019043], "auc_history": [0.8427251206789604]}}