{"train": {"loss_history": [0.42310601472854614, 0.4119929373264313, 0.4103225767612457, 0.40965986251831055, 0.4089258015155792, 0.40811070799827576, 0.40763524174690247, 0.4073790907859802, 0.40729331970214844, 0.40726253390312195]}, "num_train": 103439, "dev": {"loss_history": [0.6587501764297485, 0.472545325756073, 0.46723538637161255, 0.4662356376647949, 0.464993953704834, 0.46177080273628235, 0.4585399031639099, 0.4574233293533325, 0.4570609927177429, 0.45571818947792053], "auc_history": [0.6914483181990697, 0.8304961486717063, 0.8318236797161094, 0.832979624096692, 0.8333383115774625, 0.8331561814092385, 0.8332587616668076, 0.8341140322546341, 0.8342412639351258, 0.8351775329854627]}, "test": {"loss_history": [0.4481147527694702], "auc_history": [0.8434639399139311]}}