{"train": {"loss_history": [0.42851966619491577, 0.42020171880722046, 0.41806793212890625, 0.4169996678829193]}, "num_train": 107441, "dev": {"loss_history": [0.787417471408844, 0.46269795298576355, 0.4607475697994232, 0.4589979946613312], "auc_history": [0.6037478977850509, 0.8316260549257921, 0.8333478459783261, 0.8341558612239406]}, "test": {"loss_history": [0.4532974362373352], "auc_history": [0.843213775277702]}}