{"train": {"loss_history": [0.4259958565235138, 0.41621726751327515, 0.41397616267204285, 0.412722110748291, 0.41204261779785156, 0.41170749068260193, 0.4108496606349945, 0.4105865955352783, 0.41034409403800964]}, "num_train": 104787, "dev": {"loss_history": [0.7282024621963501, 0.47086840867996216, 0.4685888886451721, 0.4645826518535614, 0.4602157473564148, 0.459050714969635, 0.4589117169380188, 0.4578348398208618, 0.4560701549053192], "auc_history": [0.46446840318108235, 0.8297047608482879, 0.831657656142448, 0.832601421855533, 0.8337853021283016, 0.8336578100339931, 0.8342881774842034, 0.8345813741452479, 0.8349683490768567]}, "test": {"loss_history": [0.4499225318431854], "auc_history": [0.8429038763617123]}}