{"train": {"loss_history": [0.47797146439552307, 0.471412718296051, 0.4697132408618927, 0.46876439452171326]}, "num_train": 132443, "dev": {"loss_history": [0.6868298053741455, 0.4718305468559265, 0.4588017761707306, 0.45795729756355286], "auc_history": [0.36134931028029166, 0.8302200796844026, 0.8335361886498935, 0.8353354828358873]}, "test": {"loss_history": [0.46397778391838074], "auc_history": [0.8321440171232363]}}