{"train": {"loss_history": [0.49891379475593567, 0.49258124828338623, 0.4912160634994507, 0.4900844395160675, 0.48970577120780945, 0.48921459913253784]}, "num_train": 146609, "dev": {"loss_history": [0.7543535828590393, 0.4899657368659973, 0.46290573477745056, 0.4546378254890442, 0.4515479803085327, 0.4503132700920105], "auc_history": [0.5812308954609905, 0.833011872431876, 0.8370183282579444, 0.8391025869778113, 0.8392983152186573, 0.8382450843185781]}, "test": {"loss_history": [0.4526713490486145], "auc_history": [0.839835052106291]}}