{"train": {"loss_history": [0.5496237874031067, 0.5453543066978455, 0.5438649654388428, 0.5430007576942444]}, "num_train": 199276, "dev": {"loss_history": [0.6524089574813843, 0.5726060271263123, 0.49667057394981384, 0.4781830906867981], "auc_history": [0.5850824124006786, 0.8166682202517648, 0.8323871596768894, 0.8359287531853087]}, "test": {"loss_history": [0.48113346099853516], "auc_history": [0.8379817482103893]}}