{"train": {"loss_history": [0.5231143832206726, 0.516066312789917, 0.514668345451355, 0.5136837959289551, 0.5130361914634705, 0.5125519633293152]}, "num_train": 165423, "dev": {"loss_history": [0.783172607421875, 0.5095208883285522, 0.48143842816352844, 0.467214435338974, 0.4661119282245636, 0.4593315124511719], "auc_history": [0.4236238824028332, 0.8190206118225754, 0.8266478754075323, 0.8304522010176354, 0.8308504638783768, 0.8329474515380757]}, "test": {"loss_history": [0.4653715491294861], "auc_history": [0.8311801853045275]}}