{"train": {"loss_history": [0.586683988571167, 0.583819568157196, 0.5822684168815613, 0.5814307928085327]}, "num_train": 266384, "dev": {"loss_history": [0.6723142862319946, 0.5843285322189331, 0.6002488732337952, 0.5740767121315002], "auc_history": [0.5907494127288524, 0.804666056247199, 0.8096340769954166, 0.8191328763103642]}, "test": {"loss_history": [0.5757051706314087], "auc_history": [0.8243125611293034]}}