{"train": {"loss_history": [0.46862900257110596, 0.4331420958042145, 0.42867225408554077, 0.42732030153274536, 0.4261711537837982, 0.4243915379047394, 0.42410901188850403, 0.42338716983795166, 0.4235396683216095, 0.4231509268283844]}, "dev": {"loss_history": [0.7663343548774719, 0.4278140366077423, 0.42117998003959656, 0.41991424560546875, 0.41886597871780396, 0.41802069544792175, 0.4166393578052521, 0.4166279137134552, 0.41612669825553894, 0.4155033826828003], "auc_history": [0.3912133679426281, 0.825226072711299, 0.8317625367710942, 0.8322220633229126, 0.8322660809945661, 0.8332302409989949, 0.8335643780552877, 0.8340174973768799, 0.8338385434366641, 0.8344014826843321]}, "test": {"loss_history": [0.41491687297821045], "auc_history": [0.8371823568972299]}}