{"train": {"loss_history": [0.5884414911270142, 0.5848644971847534, 0.5834046602249146, 0.5821888446807861]}, "num_train": 318420, "dev": {"loss_history": [0.7357805967330933, 0.4890172779560089, 0.4904179871082306, 0.47914865612983704], "auc_history": [0.34850727081115174, 0.8295697508305001, 0.8290903938924332, 0.8244087229836428]}, "test": {"loss_history": [0.48450037837028503], "auc_history": [0.8310468988184789]}}