{"train": {"loss_history": [0.5008154511451721, 0.4961858093738556, 0.49497687816619873, 0.4940217137336731, 0.49352404475212097, 0.49327173829078674]}, "num_train": 148076, "dev": {"loss_history": [0.6716098785400391, 0.5271800756454468, 0.4889800250530243, 0.4826412796974182, 0.47611716389656067, 0.47553807497024536], "auc_history": [0.5912276270231067, 0.8371367972659811, 0.8384202116556347, 0.8389974927529331, 0.839316799786101, 0.8401069966430005]}, "test": {"loss_history": [0.4803849756717682], "auc_history": [0.8366153439419489]}}