{"train": {"loss_history": [0.5533477067947388, 0.5493994951248169, 0.5476248264312744, 0.5466378331184387, 0.54618901014328, 0.5458264946937561]}, "num_train": 210190, "dev": {"loss_history": [0.7244069576263428, 0.5710102915763855, 0.49468740820884705, 0.47069379687309265, 0.46317800879478455, 0.4581105411052704], "auc_history": [0.6185656258642362, 0.8312181641293385, 0.8209832553814052, 0.8381286518045179, 0.8401941435887819, 0.8390145179559716]}, "test": {"loss_history": [0.4922196567058563], "auc_history": [0.8355725103514383]}}