{"train": {"loss_history": [0.5211424827575684, 0.5169565081596375, 0.5154627561569214, 0.5144293904304504, 0.5140896439552307]}, "num_train": 169336, "dev": {"loss_history": [0.6539424061775208, 0.5605416893959045, 0.5226641893386841, 0.5098186135292053, 0.4844626188278198], "auc_history": [0.5730917081861224, 0.8353177615411204, 0.8357223960327221, 0.8387821466780895, 0.8396895510110205]}, "test": {"loss_history": [0.5298846364021301], "auc_history": [0.8323671476338858]}}