{"train": {"loss_history": [0.5360400676727295, 0.530687153339386, 0.528874397277832, 0.5280266404151917, 0.5275481343269348, 0.5272207260131836, 0.5268111228942871]}, "num_train": 184417, "dev": {"loss_history": [0.6726642847061157, 0.5432419180870056, 0.4830634891986847, 0.4667356610298157, 0.46251294016838074, 0.457397997379303, 0.4553685188293457], "auc_history": [0.48306287964375166, 0.8348734882180169, 0.8363486863213625, 0.8392001219108508, 0.8405699424550086, 0.840954640563816, 0.8410427882276387]}, "test": {"loss_history": [0.46357762813568115], "auc_history": [0.8375381802692494]}}