{"train": {"loss_history": [0.5769134163856506, 0.5711314678192139, 0.5704194903373718, 0.5691907405853271, 0.5684420466423035]}, "num_train": 259349, "dev": {"loss_history": [0.7820212841033936, 0.6447054743766785, 0.5370457172393799, 0.47733524441719055, 0.47220468521118164], "auc_history": [0.7050572215449578, 0.7708341812090221, 0.7928703758679417, 0.8255059355868598, 0.8265941189841145]}, "test": {"loss_history": [0.4861120879650116], "auc_history": [0.8240283805478894]}}