{"train": {"loss_history": [0.505122721195221, 0.49867042899131775, 0.4971039891242981, 0.49605756998062134]}, "num_train": 150750, "dev": {"loss_history": [0.7458614706993103, 0.6846052408218384, 0.5827147960662842, 0.5225722789764404], "auc_history": [0.5266919411220913, 0.8353693407583407, 0.8377798528308957, 0.8376977029771511]}, "test": {"loss_history": [0.5302165150642395], "auc_history": [0.8348334629079341]}}