{"train": {"loss_history": [0.47199398279190063, 0.46569526195526123, 0.4639178216457367, 0.46286672353744507, 0.46244221925735474, 0.46201828122138977, 0.4616924822330475, 0.4615430235862732, 0.4613550305366516, 0.46121639013290405]}, "num_train": 129082, "dev": {"loss_history": [0.6653213500976562, 0.45840123295783997, 0.4558480381965637, 0.4535280764102936, 0.4533807039260864, 0.45144346356391907, 0.4513089060783386, 0.4512427747249603, 0.45038601756095886, 0.45010727643966675], "auc_history": [0.6942551298545052, 0.8374643472266505, 0.838556267071137, 0.8397508449910434, 0.839815859172875, 0.8403711862058737, 0.8402562758326184, 0.8403815767782624, 0.8410256882956557, 0.8412705523036299]}, "test": {"loss_history": [0.45436760783195496], "auc_history": [0.8375587003558554]}}