{"train": {"loss_history": [0.48213306069374084, 0.4761558473110199, 0.4746186435222626, 0.47382429242134094, 0.4735219180583954, 0.47306329011917114, 0.47293925285339355, 0.4725625216960907]}, "num_train": 135234, "dev": {"loss_history": [0.6723415851593018, 0.4634084403514862, 0.45513203740119934, 0.454163521528244, 0.4515141248703003, 0.4505680501461029, 0.44988757371902466, 0.44932734966278076], "auc_history": [0.6125353769260711, 0.83958019332326, 0.8403681743044965, 0.8406794528497432, 0.841362150495244, 0.8416887062360414, 0.8417634579242674, 0.8420913977750828]}, "test": {"loss_history": [0.45256951451301575], "auc_history": [0.8392028694572999]}}