{"train": {"loss_history": [0.5273798704147339, 0.5220542550086975, 0.5201324820518494, 0.5192193984985352, 0.5185810923576355]}, "num_train": 176577, "dev": {"loss_history": [0.6631016135215759, 0.5781968235969543, 0.5281400680541992, 0.4898167848587036, 0.4695402681827545], "auc_history": [0.5598535763658107, 0.8338686470885366, 0.8393628685559256, 0.8390645766016228, 0.8402025164796656]}, "test": {"loss_history": [0.47764942049980164], "auc_history": [0.8358206584257843]}}