{"train": {"loss_history": [0.4873809814453125, 0.48138242959976196, 0.4797958433628082, 0.47880640625953674, 0.4781935214996338, 0.4778098165988922, 0.47750166058540344]}, "num_train": 138868, "dev": {"loss_history": [0.6594341993331909, 0.484975129365921, 0.4613538086414337, 0.4667501747608185, 0.46012642979621887, 0.4599469006061554, 0.4581267535686493], "auc_history": [0.4055620922443565, 0.8380858548628343, 0.840816002126097, 0.8399855393643781, 0.8421100442713112, 0.8424174661531979, 0.8422129427789878]}, "test": {"loss_history": [0.4647637903690338], "auc_history": [0.8382849207181952]}}