{"train": {"loss_history": [0.5684593915939331, 0.5643664598464966, 0.5625233054161072, 0.5614866614341736, 0.5604784488677979]}, "num_train": 238738, "dev": {"loss_history": [0.7450980544090271, 0.5605127215385437, 0.46727222204208374, 0.5375134944915771, 0.47072988748550415], "auc_history": [0.587565434369691, 0.8285786793213399, 0.8357678247328906, 0.8301646289697175, 0.8369256847483052]}, "test": {"loss_history": [0.4734688997268677], "auc_history": [0.8292288554696776]}}