{"train": {"loss_history": [0.541672945022583, 0.5355983972549438, 0.5332629680633545, 0.5325990915298462]}, "num_train": 191316, "dev": {"loss_history": [0.6614667177200317, 0.5321471095085144, 0.4703753590583801, 0.4734165072441101], "auc_history": [0.4485309105005155, 0.8170725142581363, 0.8382004013386202, 0.8377140848614488]}, "test": {"loss_history": [0.48409464955329895], "auc_history": [0.8365678010385894]}}