{"train": {"loss_history": [0.5083336234092712, 0.5013347268104553, 0.4995233416557312, 0.4987073838710785, 0.49834343791007996, 0.4982171356678009]}, "num_train": 155311, "dev": {"loss_history": [0.7063698172569275, 0.5433351993560791, 0.49759480357170105, 0.4811052083969116, 0.4762139320373535, 0.4698079824447632], "auc_history": [0.6867706394083375, 0.8264360510207907, 0.835955972720972, 0.8379223284374676, 0.83805232755937, 0.8387446392460522]}, "test": {"loss_history": [0.4737001061439514], "auc_history": [0.8354425173703652]}}