{"train": {"loss_history": [0.5947407484054565, 0.5911590456962585, 0.5895483493804932, 0.5876927971839905, 0.588789165019989]}, "num_train": 307558, "dev": {"loss_history": [0.7949090600013733, 0.5912436246871948, 0.590770423412323, 0.6431322693824768, 0.48891156911849976], "auc_history": [0.4263183685285976, 0.8054999736466752, 0.7974666770801994, 0.7604781011019068, 0.8302506192413996]}, "test": {"loss_history": [0.6725049614906311], "auc_history": [0.7608469365907464]}}