{"train": {"loss_history": [0.480239599943161, 0.47336918115615845, 0.47156211733818054, 0.47053059935569763]}, "num_train": 132804, "dev": {"loss_history": [0.7630840539932251, 0.49988192319869995, 0.46589040756225586, 0.45961427688598633], "auc_history": [0.40071325918458855, 0.836708756369286, 0.8392410343834958, 0.8400413878786963]}, "test": {"loss_history": [0.4638822674751282], "auc_history": [0.8370972465163787]}}