{"train": {"loss_history": [0.5624598264694214, 0.558445155620575, 0.5566033720970154, 0.5549920201301575, 0.5549173951148987, 0.5547659993171692]}, "num_train": 227213, "dev": {"loss_history": [0.7236993312835693, 0.5572668313980103, 0.5035490393638611, 0.5123298168182373, 0.4813506305217743, 0.4622148871421814], "auc_history": [0.5476901637363811, 0.809052103560983, 0.8290926032699267, 0.7973312000017467, 0.8328842362027022, 0.8330038804921461]}, "test": {"loss_history": [0.4675234258174896], "auc_history": [0.8345250421467725]}}