{"train": {"loss_history": [0.5578615069389343, 0.5529718995094299, 0.551529049873352, 0.5510057806968689]}, "num_train": 217262, "dev": {"loss_history": [0.7446933388710022, 0.6346064209938049, 0.5158339738845825, 0.5015214681625366], "auc_history": [0.3589000948154351, 0.8110389967409147, 0.8253280384605314, 0.825810504772512]}, "test": {"loss_history": [0.5157822966575623], "auc_history": [0.8296180527879763]}}