{"train": {"loss_history": [0.49742406606674194, 0.48975446820259094, 0.4880580008029938, 0.4867367148399353, 0.4858797490596771, 0.48474788665771484]}, "num_train": 142883, "dev": {"loss_history": [0.7562479376792908, 0.5005887746810913, 0.48573037981987, 0.4845719337463379, 0.47329089045524597, 0.4670877754688263], "auc_history": [0.6605938308942856, 0.8380912223505098, 0.840448559905331, 0.8398974274404853, 0.840290940315675, 0.8401845815329533]}, "test": {"loss_history": [0.47408491373062134], "auc_history": [0.8366467289392755]}}