{"train": {"loss_history": [0.6691819429397583, 0.5683650374412537, 0.5244174003601074]}, "dev": {"loss_history": [0.7146928906440735, 0.6319903135299683, 0.5442186594009399], "auc_history": [0.3939833419756288, 0.8046652190821882, 0.793030528908478]}, "test": {"loss_history": [0.5243805646896362], "auc_history": [0.802919345218371]}}