{"train": {"loss_history": [0.46133872866630554, 0.4542914628982544, 0.4525735378265381, 0.4518384039402008, 0.4512767195701599, 0.45112356543540955, 0.450846403837204]}, "dev": {"loss_history": [0.6635770201683044, 0.45065072178840637, 0.4472138285636902, 0.4468831419944763, 0.44584953784942627, 0.44562822580337524, 0.44503962993621826], "auc_history": [0.4550329167679867, 0.8415256216861734, 0.8432432144932357, 0.843841669874542, 0.8444951842426209, 0.8444280419104095, 0.8440905042638354]}, "test": {"loss_history": [0.44873812794685364], "auc_history": [0.8415971098325586]}}