{"train": {"loss_history": [0.6531782746315002, 0.5657930970191956, 0.5295084118843079, 0.5133336186408997, 0.508068323135376, 0.5060359835624695]}, "dev": {"loss_history": [0.7428833842277527, 0.572180449962616, 0.5213503837585449, 0.4985639750957489, 0.4929145574569702, 0.4913731813430786], "auc_history": [0.7099066644833796, 0.8001146225642705, 0.8278369084656951, 0.8282626494186999, 0.8278532831177338, 0.8277714098575406]}, "test": {"loss_history": [0.5098087787628174], "auc_history": [0.7968385246448343]}}