{"train": {"loss_history": [0.4782138466835022, 0.4547926187515259, 0.45384860038757324, 0.4530618190765381, 0.4528396427631378]}, "dev": {"loss_history": [0.6229089498519897, 0.48889678716659546, 0.47188594937324524, 0.46642524003982544, 0.4640148878097534], "auc_history": [0.33728025473089335, 0.7926195388514861, 0.7935733797516739, 0.7937267492687137, 0.793541380895633]}, "test": {"loss_history": [0.4565414786338806], "auc_history": [0.7970567698196047]}}