{"train": {"loss_history": [0.5088522434234619, 0.4885527789592743, 0.48611873388290405, 0.4849366545677185, 0.48452186584472656, 0.4839009642601013, 0.4837085008621216, 0.4831521809101105, 0.4821023941040039, 0.4815049171447754]}, "num_train": 39425, "dev": {"loss_history": [0.6391032934188843, 0.5097451210021973, 0.5019339919090271, 0.4797079861164093, 0.4670928418636322, 0.46524572372436523, 0.4603878855705261, 0.4533640444278717, 0.4524078071117401, 0.4499678909778595], "auc_history": [0.6487926087217268, 0.8126421444025667, 0.8223838253829857, 0.8213081795726223, 0.8222936115814019, 0.8235773001572078, 0.8227441680109036, 0.8240875079001149, 0.8244824495712538, 0.8258230984237701]}, "test": {"loss_history": [0.4360237121582031], "auc_history": [0.8348582613219637]}}