{"train": {"loss_history": [0.6113442778587341, 0.5950775146484375, 0.5908463001251221, 0.5884916186332703]}, "num_train": 88897, "dev": {"loss_history": [0.7205573916435242, 0.6541098952293396, 0.5941222906112671, 0.516020655632019], "auc_history": [0.6753508342982621, 0.6715978632656063, 0.7983481263464793, 0.8185394231750031]}, "test": {"loss_history": [0.5508944988250732], "auc_history": [0.8149803316964229]}}