{"train": {"loss_history": [0.47624894976615906, 0.45559263229370117, 0.44508984684944153]}, "num_train": 32078, "dev": {"loss_history": [0.6479054689407349, 0.5583387613296509, 0.49019065499305725], "auc_history": [0.5063140050263439, 0.7879800104668513, 0.805864063690944]}, "test": {"loss_history": [0.4950197637081146], "auc_history": [0.813372162371363]}}