{"train": {"loss_history": [0.5656188726425171, 0.5460901856422424, 0.543800413608551, 0.5423296093940735, 0.5408018231391907, 0.5399048924446106]}, "num_train": 56441, "dev": {"loss_history": [0.7021880745887756, 0.6232168674468994, 0.5733097195625305, 0.5456004738807678, 0.5202391147613525, 0.4942203164100647], "auc_history": [0.5568696784749357, 0.8244882160784573, 0.8148721168104704, 0.8149655982994698, 0.8214374134062834, 0.8196249361199147]}, "test": {"loss_history": [0.49980854988098145], "auc_history": [0.8180180694608346]}}