{"train": {"loss_history": [0.4952453076839447, 0.47161567211151123, 0.4646015465259552, 0.45838066935539246, 0.4570085108280182, 0.45479464530944824]}, "num_train": 34812, "dev": {"loss_history": [0.6879719495773315, 0.4848978519439697, 0.47069135308265686, 0.454288512468338, 0.4383833408355713, 0.43071046471595764], "auc_history": [0.48800944528251017, 0.8140735837073875, 0.8189751789026823, 0.8264487003830499, 0.8290018534835598, 0.8305744440702623]}, "test": {"loss_history": [0.4288256764411926], "auc_history": [0.836393277246945]}}