{"train": {"loss_history": [0.4649945795536041, 0.43898358941078186, 0.43677467107772827]}, "num_train": 31126, "dev": {"loss_history": [0.6773713231086731, 0.4402967095375061, 0.43374624848365784], "auc_history": [0.6164589058193539, 0.8215321763413279, 0.8254127794000884]}, "test": {"loss_history": [0.43396130204200745], "auc_history": [0.8282732498382124]}}