{"train": {"loss_history": [0.4289800822734833, 0.420465886592865, 0.4191756546497345, 0.41789984703063965, 0.41676273941993713]}, "num_train": 105891, "dev": {"loss_history": [0.6464493274688721, 0.46171557903289795, 0.46416139602661133, 0.47141075134277344, 0.4630037844181061], "auc_history": [0.5570350947448182, 0.8372818014290526, 0.8386051627084578, 0.8394714390145096, 0.8400995224299537]}, "test": {"loss_history": [0.4591544270515442], "auc_history": [0.8417118554498534]}}