{"train": {"loss_history": [0.4329078793525696, 0.42614561319351196, 0.4245201647281647, 0.42355290055274963, 0.42293640971183777, 0.4223538637161255, 0.422051340341568, 0.42182931303977966, 0.42161238193511963]}, "num_train": 109508, "dev": {"loss_history": [0.7016376852989197, 0.45735806226730347, 0.45568105578422546, 0.4550517797470093, 0.454195499420166, 0.4540240168571472, 0.45325157046318054, 0.4527985453605652, 0.4527057111263275], "auc_history": [0.3463090682207943, 0.8382961399210808, 0.8399885250272265, 0.8406113974182661, 0.8411730096004761, 0.8413347644472327, 0.8413887957318726, 0.8415392503398336, 0.841630068744712]}, "test": {"loss_history": [0.45050856471061707], "auc_history": [0.8414218450874428]}}