{"train": {"loss_history": [0.4267129600048065, 0.4185214936733246, 0.4169924855232239, 0.4160160720348358, 0.41536739468574524, 0.41461649537086487]}, "num_train": 105693, "dev": {"loss_history": [0.6622704267501831, 0.4702984392642975, 0.48055151104927063, 0.46852752566337585, 0.4658353626728058, 0.4582935869693756], "auc_history": [0.5247558173371027, 0.8381539796883954, 0.8393373665241622, 0.8396949028510077, 0.8401749660527913, 0.8407626301283841]}, "test": {"loss_history": [0.45780694484710693], "auc_history": [0.8420094407220788]}}