{"train": {"loss_history": [0.42646342515945435, 0.417400985956192, 0.4158584773540497, 0.4148063659667969, 0.4141261577606201]}, "num_train": 104566, "dev": {"loss_history": [0.7418283224105835, 0.4660423696041107, 0.4641459286212921, 0.4641253650188446, 0.46188071370124817], "auc_history": [0.5318511049024801, 0.8366041842240092, 0.8385231391180017, 0.8391131762437417, 0.8395602104618464]}, "test": {"loss_history": [0.45735928416252136], "auc_history": [0.8406212331085028]}}