{"train": {"loss_history": [0.44792693853378296, 0.43952950835227966, 0.437766969203949, 0.436960905790329, 0.4366196095943451, 0.43599796295166016]}, "num_train": 115816, "dev": {"loss_history": [0.6685460209846497, 0.4561915695667267, 0.45535266399383545, 0.4533953368663788, 0.45250046253204346, 0.4515586495399475], "auc_history": [0.4771815311170091, 0.8373710604009774, 0.8393822123289815, 0.8401624001872507, 0.8402645091450056, 0.8413334116472169]}, "test": {"loss_history": [0.4496094882488251], "auc_history": [0.8406069823977342]}}