{"train": {"loss_history": [0.4332601726055145, 0.4246382713317871, 0.4233495891094208, 0.4220447838306427]}, "num_train": 108223, "dev": {"loss_history": [0.756110429763794, 0.46949896216392517, 0.46474748849868774, 0.46201542019844055], "auc_history": [0.48238292126076265, 0.8377282189769831, 0.8389388232450484, 0.8397428158634999]}, "test": {"loss_history": [0.45896103978157043], "auc_history": [0.8407925446341186]}}