{"train": {"loss_history": [0.421965628862381, 0.4144296944141388, 0.4131058156490326, 0.41227445006370544, 0.41163745522499084, 0.41129735112190247, 0.41078683733940125, 0.41031187772750854]}, "num_train": 104355, "dev": {"loss_history": [0.6602048873901367, 0.4621151387691498, 0.45891469717025757, 0.45904842019081116, 0.4587286710739136, 0.4565503001213074, 0.4539318084716797, 0.45361045002937317], "auc_history": [0.3535970410008307, 0.8382189754333067, 0.8389371637242653, 0.8398980456295119, 0.8398885114566081, 0.8404486772082526, 0.8414143988443433, 0.8415779132997121]}, "test": {"loss_history": [0.44949838519096375], "auc_history": [0.8419577403158747]}}