{"train": {"loss_history": [0.4426988363265991, 0.4327167868614197, 0.4297226071357727, 0.4286841154098511, 0.4282399117946625]}, "num_train": 111368, "dev": {"loss_history": [0.6924140453338623, 0.45678824186325073, 0.45433738827705383, 0.45409929752349854, 0.4540248215198517], "auc_history": [0.47765756174786256, 0.83793236909106, 0.8396733097089895, 0.8404428688855118, 0.8407983937698518]}, "test": {"loss_history": [0.45038703083992004], "auc_history": [0.8413230353290697]}}