{"train": {"loss_history": [0.463435560464859, 0.4556537866592407, 0.45393434166908264, 0.4529295861721039, 0.4524836838245392, 0.4522477984428406, 0.4518757462501526]}, "num_train": 124086, "dev": {"loss_history": [0.7520983815193176, 0.45504429936408997, 0.45338982343673706, 0.4523726999759674, 0.4521792531013489, 0.4519910216331482, 0.45080411434173584], "auc_history": [0.6795665640372521, 0.8382881425806534, 0.8393803623184587, 0.8404516572426549, 0.8412401911344345, 0.8420126011997728, 0.8417579035032445]}, "test": {"loss_history": [0.4477825462818146], "auc_history": [0.8417390888973565]}}