{"train": {"loss_history": [0.4244500696659088, 0.41583251953125, 0.4141869843006134, 0.4132479727268219, 0.4127618670463562]}, "num_train": 104879, "dev": {"loss_history": [0.7070868611335754, 0.4693278670310974, 0.45743227005004883, 0.45891982316970825, 0.45456698536872864], "auc_history": [0.4882627260835547, 0.8381442162820762, 0.8394865877917748, 0.8396326385352453, 0.8406669235630667]}, "test": {"loss_history": [0.4509943425655365], "auc_history": [0.8413614269480737]}}