{"train": {"loss_history": [0.43610358238220215, 0.4253307282924652, 0.42340418696403503, 0.4222668707370758, 0.42151185870170593]}, "num_train": 109002, "dev": {"loss_history": [0.732659637928009, 0.461833655834198, 0.4600486755371094, 0.45807382464408875, 0.4549853503704071], "auc_history": [0.6750306675566348, 0.838501533061425, 0.839730404972663, 0.8407173452285717, 0.8406859337933602]}, "test": {"loss_history": [0.45089608430862427], "auc_history": [0.8415954554335154]}}