{"train": {"loss_history": [0.422883540391922, 0.41607511043548584, 0.41480138897895813, 0.41384029388427734, 0.41333839297294617]}, "num_train": 105067, "dev": {"loss_history": [0.682355523109436, 0.4677930176258087, 0.46639177203178406, 0.4636961817741394, 0.45877882838249207], "auc_history": [0.7299787244269784, 0.8371945377564354, 0.8392651870560169, 0.839855879595607, 0.8400707778510981]}, "test": {"loss_history": [0.45438915491104126], "auc_history": [0.8410381429709425]}}