{"train": {"loss_history": [0.4267616271972656, 0.41871580481529236, 0.4169573187828064, 0.4164215922355652]}, "num_train": 106255, "dev": {"loss_history": [0.7025700211524963, 0.46580079197883606, 0.46216118335723877, 0.46089160442352295], "auc_history": [0.3903477324979577, 0.8375283403531708, 0.8396913029177914, 0.8407269407456286]}, "test": {"loss_history": [0.4570164382457733], "auc_history": [0.8409845356635284]}}