{"train": {"loss_history": [0.4376366138458252, 0.4290936589241028, 0.4277096688747406, 0.42692694067955017, 0.4264889657497406]}, "num_train": 110040, "dev": {"loss_history": [0.76297527551651, 0.46136805415153503, 0.462990939617157, 0.4619447588920593, 0.45729339122772217], "auc_history": [0.7197916850699126, 0.8371675657007506, 0.8386240954513994, 0.8390678009420188, 0.8392634726483595]}, "test": {"loss_history": [0.4544242024421692], "auc_history": [0.8391546185914674]}}