{"train": {"loss_history": [0.6220544576644897, 0.6217547655105591, 0.6217548251152039, 0.6217548251152039, 0.6217548251152039, 0.6217548251152039, 0.6217548251152039, 0.6217548251152039, 0.6217548251152039, 0.6217548251152039]}, "num_train": 115816, "dev": {"loss_history": [0.6681714653968811, 0.629832923412323, 0.6298329830169678, 0.6298329830169678, 0.6298329830169678, 0.6298329830169678, 0.6298329830169678, 0.6298329830169678, 0.6298329830169678, 0.6298329830169678], "auc_history": [0.37992390147989474, 0.5, 0.5, 0.5, 0.5, 0.5, 0.5, 0.5, 0.5, 0.5]}, "test": {"loss_history": [0.6213038563728333], "auc_history": [0.5]}}