{"train": {"loss_history": [0.4344741404056549, 0.42367902398109436, 0.42131951451301575, 0.42004072666168213]}, "num_train": 107073, "dev": {"loss_history": [0.6845168471336365, 0.45993736386299133, 0.45459073781967163, 0.45430392026901245], "auc_history": [0.4512853227384361, 0.8380125329850742, 0.8396588647751693, 0.8405571175283726]}, "test": {"loss_history": [0.450044184923172], "auc_history": [0.8413632679805025]}}