{"train": {"loss_history": [0.4321579337120056, 0.42303192615509033, 0.4213847815990448, 0.42028141021728516, 0.4197101593017578, 0.419440895318985, 0.41918137669563293, 0.41882383823394775]}, "num_train": 107046, "dev": {"loss_history": [0.740037202835083, 0.46723243594169617, 0.4644535481929779, 0.46333572268486023, 0.4621771574020386, 0.4616101384162903, 0.4601617455482483, 0.45727449655532837], "auc_history": [0.4653246102721986, 0.8373908745625451, 0.8389318978129866, 0.8394835302700207, 0.8397867511919364, 0.8398259565632769, 0.8397601924021274, 0.840126048933366]}, "test": {"loss_history": [0.4553268253803253], "auc_history": [0.8407226710312375]}}