{"train": {"loss_history": [0.4379692077636719, 0.42940405011177063, 0.4276212751865387, 0.42680823802948]}, "num_train": 110583, "dev": {"loss_history": [0.7278587818145752, 0.46119675040245056, 0.45911917090415955, 0.45704853534698486], "auc_history": [0.4209700591197499, 0.8376121784391133, 0.8391292742410658, 0.8398667601112471]}, "test": {"loss_history": [0.45568931102752686], "auc_history": [0.8401550797453899]}}