{"train": {"loss_history": [0.4233842194080353, 0.41634759306907654, 0.4148421585559845, 0.41384947299957275]}, "num_train": 104860, "dev": {"loss_history": [0.7352800369262695, 0.46647050976753235, 0.4679490923881531, 0.4613640606403351], "auc_history": [0.410783171508748, 0.8376879836695923, 0.838828436055216, 0.8396851007010127]}, "test": {"loss_history": [0.45994681119918823], "auc_history": [0.8407295246779001]}}