{"train": {"loss_history": [0.44862329959869385, 0.4363251030445099, 0.43439817428588867, 0.433413028717041]}, "num_train": 113531, "dev": {"loss_history": [0.7638200521469116, 0.45685863494873047, 0.45908433198928833, 0.4561628997325897], "auc_history": [0.4305686240126691, 0.8360315882096899, 0.8374587599399483, 0.8380262514749718]}, "test": {"loss_history": [0.4528900980949402], "auc_history": [0.8395334134837834]}}