{"train": {"loss_history": [0.6204977631568909, 0.5196999907493591, 0.4918372631072998, 0.4629662334918976, 0.449379563331604, 0.43659818172454834, 0.4284868836402893, 0.4219185411930084, 0.41806429624557495, 0.4138140082359314]}, "num_train": 1343, "dev": {"loss_history": [0.6820715665817261, 0.6339671611785889, 0.5954800844192505, 0.5606966018676758, 0.553279459476471, 0.5441365242004395, 0.5397197604179382, 0.538357138633728, 0.5374154448509216, 0.5366232395172119], "auc_history": [0.7067183043816438, 0.78171992481203, 0.7362911589318122, 0.8013028260305937, 0.7915478351050038, 0.7992205729841846, 0.801878078817734, 0.8003305677988074, 0.800938229193674, 0.8006627560280011]}, "test": {"loss_history": [0.5338076949119568], "auc_history": [0.7980648154284578]}}