{"train": {"loss_history": [0.6901302933692932, 0.6382858157157898, 0.621768057346344, 0.6177695393562317]}, "num_train": 1522, "dev": {"loss_history": [0.716666579246521, 0.6772069931030273, 0.6745147109031677, 0.6814892292022705], "auc_history": [0.3752106559502204, 0.5, 0.5, 0.5]}, "test": {"loss_history": [0.6691238880157471], "auc_history": [0.5]}}