{"train": {"loss_history": [0.6228179335594177, 0.471108078956604, 0.39667388796806335, 0.3975386321544647]}, "num_train": 1285, "dev": {"loss_history": [0.7006489038467407, 0.6495261192321777, 0.630586564540863, 0.5314770340919495], "auc_history": [0.31817960850401866, 0.7672980943738658, 0.8041628856624319, 0.8047786492092299]}, "test": {"loss_history": [0.5460630655288696], "auc_history": [0.7981393730532176]}}