{"train": {"loss_history": [0.6128765940666199, 0.5214334726333618, 0.450736939907074, 0.3977929651737213]}, "num_train": 1286, "dev": {"loss_history": [0.6853816509246826, 0.6510536670684814, 0.5839266777038574, 0.5425925254821777], "auc_history": [0.3754375162043039, 0.7423110578169563, 0.785147135079077, 0.8019185895773917]}, "test": {"loss_history": [0.552410900592804], "auc_history": [0.8024719994698124]}}