{"train": {"loss_history": [0.6205074191093445, 0.5935847759246826, 0.4903988838195801, 0.4249529242515564]}, "num_train": 1480, "dev": {"loss_history": [0.6785656809806824, 0.6961367130279541, 0.6133860349655151, 0.5345836281776428], "auc_history": [0.4370705859476277, 0.5414425071298937, 0.8012461109670729, 0.8136424034223488]}, "test": {"loss_history": [0.5173221826553345], "auc_history": [0.8104165285969911]}}