{"train": {"loss_history": [0.6296923756599426, 0.49994492530822754, 0.4263569414615631, 0.42377156019210815, 0.42047983407974243, 0.4182811975479126, 0.4161038100719452, 0.41553130745887756, 0.4148519039154053, 0.4139403998851776]}, "num_train": 1493, "dev": {"loss_history": [0.7001113891601562, 0.6541147232055664, 0.6403025388717651, 0.5595504641532898, 0.5401848554611206, 0.5376256704330444, 0.5357717275619507, 0.5329908728599548, 0.5321170687675476, 0.5313833355903625], "auc_history": [0.339018343271973, 0.7226066243194191, 0.7788679673321235, 0.7936138838475499, 0.7977945942442313, 0.799739110707804, 0.8014891755250194, 0.803125810215193, 0.803855003889033, 0.8050541223749028]}, "test": {"loss_history": [0.5149091482162476], "auc_history": [0.8035737954801511]}}