{"train": {"loss_history": [0.6320230960845947, 0.5732430815696716, 0.5024276971817017, 0.4866451621055603, 0.47371482849121094, 0.4643605351448059, 0.4584619998931885, 0.4538368284702301, 0.4505240321159363, 0.4474612772464752]}, "num_train": 1584, "dev": {"loss_history": [0.7043097019195557, 0.6871042251586914, 0.5888502597808838, 0.5515900254249573, 0.5418397188186646, 0.5352198481559753, 0.5296210050582886, 0.5262919068336487, 0.5238574147224426, 0.5222745537757874], "auc_history": [0.45209197562872705, 0.7503645968369199, 0.7984346642468239, 0.8048758750324085, 0.810814752398237, 0.8122893440497796, 0.8119976665802437, 0.8118518278454757, 0.8115196396162822, 0.8114629245527613]}, "test": {"loss_history": [0.5135324001312256], "auc_history": [0.8088508184770362]}}