{"train": {"loss_history": [0.6082568764686584, 0.48294708132743835, 0.39825576543807983, 0.3773947060108185, 0.37206876277923584, 0.37147167325019836, 0.37006571888923645, 0.3685081899166107]}, "num_train": 1241, "dev": {"loss_history": [0.6867878437042236, 0.6364307999610901, 0.5399577021598816, 0.5342501997947693, 0.51555335521698, 0.514170229434967, 0.5115275382995605, 0.508895993232727], "auc_history": [0.45931909515167224, 0.7869215063520871, 0.8045841975628727, 0.8113251879699248, 0.8159272102670467, 0.8168346512833808, 0.81855230749287, 0.8205940497796214]}, "test": {"loss_history": [0.5035496950149536], "auc_history": [0.8146083239445954]}}