{"train": {"loss_history": [0.6222223043441772, 0.526748776435852, 0.46874698996543884, 0.44772258400917053]}, "num_train": 1736, "dev": {"loss_history": [0.6846752762794495, 0.6172409057617188, 0.6381598114967346, 0.5368390083312988], "auc_history": [0.6490390847809178, 0.7666499222193415, 0.7922203137153228, 0.8056374773139746]}, "test": {"loss_history": [0.5142858028411865], "auc_history": [0.8125207104513221]}}