{"train": {"loss_history": [0.6084187030792236, 0.4610537588596344, 0.420098215341568, 0.41665658354759216]}, "num_train": 1480, "dev": {"loss_history": [0.7030355930328369, 0.6131832599639893, 0.6354857087135315, 0.5304780006408691], "auc_history": [0.30683659579984446, 0.7705875680580763, 0.8141933497536946, 0.809672348975888]}, "test": {"loss_history": [0.523285448551178], "auc_history": [0.8084945987142952]}}