{"train": {"loss_history": [0.5975051522254944, 0.4954080581665039, 0.4222598075866699, 0.4112442135810852, 0.4079672694206238, 0.40510842204093933, 0.40299665927886963, 0.40154847502708435, 0.39997318387031555, 0.399125874042511]}, "num_train": 1392, "dev": {"loss_history": [0.6732009053230286, 0.6362628936767578, 0.5498819351196289, 0.5581274032592773, 0.549801766872406, 0.546484649181366, 0.5415188074111938, 0.5395442247390747, 0.5366837978363037, 0.5343368053436279], "auc_history": [0.7305953461239305, 0.7439963054187193, 0.7892549261083743, 0.7927712600466684, 0.7931277547316569, 0.7946833679025149, 0.7981024760176303, 0.7995608633653097, 0.8011812937516205, 0.8021373476795436]}, "test": {"loss_history": [0.5228211879730225], "auc_history": [0.8043690768109218]}}