{"train": {"loss_history": [0.6663932204246521, 0.5764308571815491, 0.49231329560279846, 0.4407094419002533, 0.4160255491733551, 0.39107468724250793]}, "num_train": 1253, "dev": {"loss_history": [0.7597360610961914, 0.6977359652519226, 0.6233487129211426, 0.5638072490692139, 0.5425079464912415, 0.5377211570739746], "auc_history": [0.7231332641949701, 0.6686138838475499, 0.7732693803474203, 0.7983860513352345, 0.8022831864143116, 0.8014729712211563]}, "test": {"loss_history": [0.5404529571533203], "auc_history": [0.7978494267347074]}}