{"train": {"loss_history": [0.6227542757987976, 0.5310767889022827, 0.49367114901542664, 0.4791691303253174, 0.4628094434738159, 0.4527076184749603, 0.44692063331604004, 0.4426598846912384, 0.4388091564178467, 0.43512773513793945]}, "num_train": 1522, "dev": {"loss_history": [0.6897544264793396, 0.6679113507270813, 0.5714819431304932, 0.5504394769668579, 0.5421757698059082, 0.5325877666473389, 0.5276004672050476, 0.5252735018730164, 0.5237472653388977, 0.5219758749008179], "auc_history": [0.3896567928441794, 0.7717461757842883, 0.8044707674358309, 0.7959229971480425, 0.8128564946849883, 0.8143553927923255, 0.8140151024112003, 0.8137639357013223, 0.813480360383718, 0.8133669302566762]}, "test": {"loss_history": [0.5129449963569641], "auc_history": [0.8114686195241566]}}