{"train": {"loss_history": [0.6014004349708557, 0.48120617866516113, 0.4302101135253906, 0.4241735637187958, 0.42161646485328674, 0.41906261444091797, 0.4167959690093994, 0.41534924507141113, 0.41481372714042664, 0.41425225138664246]}, "num_train": 1521, "dev": {"loss_history": [0.6813535094261169, 0.6370491981506348, 0.6417691111564636, 0.5328238010406494, 0.5318974256515503, 0.5252528786659241, 0.5248299241065979, 0.5202973484992981, 0.5194013118743896, 0.5193391442298889], "auc_history": [0.35654329789992223, 0.7726455146486906, 0.807371337827327, 0.8059453590873735, 0.8080843271973036, 0.8101746823956443, 0.8114386180969666, 0.8127835753176044, 0.8133183173450869, 0.8139502851957481]}, "test": {"loss_history": [0.5125611424446106], "auc_history": [0.809704089071509]}}