{"train": {"loss_history": [0.6360708475112915, 0.5192204117774963, 0.49058422446250916, 0.471805602312088, 0.4603622257709503, 0.4513753056526184, 0.4440864026546478, 0.43916967511177063, 0.4354745149612427, 0.4320548474788666]}, "num_train": 1481, "dev": {"loss_history": [0.7163583636283875, 0.6370851397514343, 0.5681045055389404, 0.5570774674415588, 0.5461841821670532, 0.5395952463150024, 0.5350313782691956, 0.5325655341148376, 0.5315384864807129, 0.5308108329772949], "auc_history": [0.5249303214933887, 0.7811851827845475, 0.7900651413015296, 0.8071444775732434, 0.8068933108633654, 0.8072011926367644, 0.8047624449053669, 0.8044383588281048, 0.8043087243971999, 0.803563326419497]}, "test": {"loss_history": [0.5209844708442688], "auc_history": [0.8025879779972165]}}