{"train": {"loss_history": [0.627137303352356, 0.5123569965362549, 0.4572445750236511, 0.41972196102142334]}, "num_train": 1480, "dev": {"loss_history": [0.745500385761261, 0.6367311477661133, 0.5566961169242859, 0.5244119167327881], "auc_history": [0.6679170987814363, 0.7503970054446462, 0.8017970572984184, 0.8069824345346124]}, "test": {"loss_history": [0.5478006601333618], "auc_history": [0.8054957253628471]}}