{"train": {"loss_history": [0.6162244081497192, 0.4556001126766205, 0.3792256712913513, 0.383670836687088]}, "num_train": 1240, "dev": {"loss_history": [0.6966071128845215, 0.6387434005737305, 0.5833314657211304, 0.5156095027923584], "auc_history": [0.3786540705211304, 0.7559226730619653, 0.8149549520352606, 0.8127997796214674]}, "test": {"loss_history": [0.5455321669578552], "auc_history": [0.8059099343892902]}}