{"train": {"loss_history": [0.6259182095527649, 0.5366781949996948, 0.46978774666786194, 0.4160596430301666]}, "num_train": 1343, "dev": {"loss_history": [0.698928713798523, 0.6559541821479797, 0.5773939490318298, 0.5362406373023987], "auc_history": [0.6401510241120042, 0.7882340549649987, 0.7955584003111226, 0.8133102151931554]}, "test": {"loss_history": [0.533374547958374], "auc_history": [0.8097206574325667]}}