{"train": {"loss_history": [0.6176782846450806, 0.5288378000259399, 0.4722791612148285, 0.4451071619987488, 0.4272715151309967, 0.41567057371139526, 0.4068962633609772, 0.39959388971328735, 0.39406076073646545, 0.39009591937065125]}, "num_train": 1253, "dev": {"loss_history": [0.675506591796875, 0.6752199530601501, 0.5957268476486206, 0.5669039487838745, 0.5542826652526855, 0.5472171902656555, 0.5437726974487305, 0.5406492948532104, 0.5377525687217712, 0.5369985699653625], "auc_history": [0.635022361939331, 0.7255882162302307, 0.7710980036297641, 0.7776688488462535, 0.7832917422867514, 0.7865326030593726, 0.7895790121856365, 0.7931844697951775, 0.7957528519574798, 0.7969033575317606]}, "test": {"loss_history": [0.5349488258361816], "auc_history": [0.7963417058784545]}}