{"train": {"loss_history": [0.47232380509376526, 0.43303871154785156, 0.4299151599407196, 0.42821767926216125, 0.42685315012931824, 0.4259406328201294, 0.4252026379108429, 0.4243394434452057]}, "dev": {"loss_history": [0.7325660586357117, 0.4220183789730072, 0.415157288312912, 0.41632431745529175, 0.414008766412735, 0.40999338030815125, 0.40962982177734375, 0.40889114141464233], "auc_history": [0.5498288678333112, 0.8306860323921963, 0.8353910763902789, 0.8361194594389307, 0.8374658839082901, 0.8379513870712458, 0.8384316939133505, 0.8392406520112456]}, "test": {"loss_history": [0.42191463708877563], "auc_history": [0.834069887245028]}}