{"train": {"loss_history": [0.46809300780296326, 0.4333735704421997, 0.4284839630126953, 0.426648885011673, 0.4258473813533783, 0.42465874552726746, 0.423841267824173, 0.42374399304389954]}, "num_train": 30121, "dev": {"loss_history": [0.7663343548774719, 0.43247440457344055, 0.42166998982429504, 0.4180357754230499, 0.41725099086761475, 0.41624006628990173, 0.41614753007888794, 0.414816677570343], "auc_history": [0.39123393515165406, 0.823605043464087, 0.8316449640964447, 0.8336146107402607, 0.8334881320155967, 0.8339875115394215, 0.8334177806277137, 0.8348457600282123]}, "test": {"loss_history": [0.41462329030036926], "auc_history": [0.8383748905554075]}}