{"train": {"loss_history": [0.4826389253139496, 0.44850262999534607, 0.44543689489364624]}, "dev": {"loss_history": [0.6483688354492188, 0.4387412369251251, 0.43046051263809204], "auc_history": [0.5366118012167346, 0.8116923249442903, 0.818816609135055]}, "test": {"loss_history": [0.4446970224380493], "auc_history": [0.8140587989848932]}}