{"train": {"loss_history": [0.4826389253139496, 0.44850262999534607, 0.44543689489364624, 0.4440597891807556, 0.44278013706207275]}, "dev": {"loss_history": [0.6483688354492188, 0.4387412369251251, 0.43046051263809204, 0.43054819107055664, 0.4298587441444397], "auc_history": [0.5366118012167346, 0.8116923249442903, 0.818816609135055, 0.820588169632547, 0.8212513741381806]}, "test": {"loss_history": [0.445931077003479], "auc_history": [0.8125184342953896]}}