{"train": {"loss_history": [0.4546409249305725, 0.4338914752006531, 0.4294210374355316, 0.427939772605896, 0.4267004430294037, 0.4252360463142395, 0.4241557717323303, 0.4232425391674042, 0.4227595031261444, 0.42250531911849976]}, "dev": {"loss_history": [0.6273518204689026, 0.4354477822780609, 0.422334760427475, 0.42174598574638367, 0.4215717017650604, 0.41957706212997437, 0.4190483093261719, 0.418435275554657, 0.4182965159416199, 0.4177663028240204], "auc_history": [0.5972614985435084, 0.8248486868509796, 0.8286959723125642, 0.829383852549642, 0.8292398180141585, 0.8307578830716364, 0.8312805208411823, 0.8317925866808549, 0.8323070231957111, 0.8321204446515261]}, "test": {"loss_history": [0.4145619571208954], "auc_history": [0.8372531627901074]}}