{"train": {"loss_history": [0.5632681846618652, 0.5590375661849976, 0.5577442049980164, 0.5570659637451172, 0.5566545724868774, 0.5566126108169556]}, "num_train": 232463, "dev": {"loss_history": [0.655900239944458, 0.5879895091056824, 0.5140513181686401, 0.5038349032402039, 0.4840458333492279, 0.4745887219905853], "auc_history": [0.5304699269534687, 0.8204099244200329, 0.8257500580348467, 0.8272240327890682, 0.8296065067152488, 0.8313215009671672]}, "test": {"loss_history": [0.4739037752151489], "auc_history": [0.8376844547413145]}}