{"train": {"loss_history": [0.5313864946365356, 0.526694118976593, 0.5249451994895935, 0.5240523219108582]}, "num_train": 184261, "dev": {"loss_history": [0.6760222911834717, 0.5147058367729187, 0.49017733335494995, 0.46968185901641846], "auc_history": [0.4856678391429844, 0.7676830633123084, 0.8216359787104153, 0.8267047513627145]}, "test": {"loss_history": [0.46616724133491516], "auc_history": [0.8362153349272714]}}