{"train": {"loss_history": [0.5340918898582458, 0.5283839702606201, 0.5270938873291016, 0.5259661674499512, 0.5252249240875244]}, "num_train": 179636, "dev": {"loss_history": [0.7396618127822876, 0.6720457077026367, 0.6401065587997437, 0.6171296238899231, 0.5750728249549866], "auc_history": [0.6312029586447039, 0.8250096559815644, 0.8267924424603139, 0.8253312800658736, 0.8313684242817629]}, "test": {"loss_history": [0.5804080367088318], "auc_history": [0.8397435133481181]}}