{"train": {"loss_history": [0.5085021257400513, 0.5027127861976624, 0.5008788108825684, 0.500093936920166]}, "num_train": 156214, "dev": {"loss_history": [0.6461614966392517, 0.5200812816619873, 0.5023412704467773, 0.473500519990921], "auc_history": [0.3981491778075007, 0.8301729979113965, 0.8327417523510046, 0.8328323633385236]}, "test": {"loss_history": [0.4975850284099579], "auc_history": [0.8402145895108574]}}