{"train": {"loss_history": [0.4932863712310791, 0.48573702573776245, 0.48411211371421814, 0.4834849238395691, 0.4827691614627838, 0.48245710134506226, 0.4820996820926666]}, "num_train": 142978, "dev": {"loss_history": [0.6927312612533569, 0.5032897591590881, 0.508698582649231, 0.49600139260292053, 0.49145668745040894, 0.4913320243358612, 0.4884223937988281], "auc_history": [0.4545195179211613, 0.8216868635701975, 0.8261253696826404, 0.8279578528831335, 0.8293720887078052, 0.8295108046376134, 0.829889882520231]}, "test": {"loss_history": [0.4834221303462982], "auc_history": [0.8394138877006299]}}