{"train": {"loss_history": [0.559859037399292, 0.554777979850769, 0.5533403754234314, 0.5525208711624146, 0.5518887042999268, 0.551598846912384, 0.5514101982116699, 0.5511932969093323, 0.551067054271698]}, "num_train": 222468, "dev": {"loss_history": [0.692719578742981, 0.6212297081947327, 0.5652851462364197, 0.5354219675064087, 0.5147867202758789, 0.4980923533439636, 0.48881733417510986, 0.48370030522346497, 0.4777313470840454], "auc_history": [0.37603098562443465, 0.8275801812351259, 0.8311637976149493, 0.8325143231993666, 0.8329533841494873, 0.8329704314889627, 0.8331244727718832, 0.8333810552503003, 0.8332617661912176]}, "test": {"loss_history": [0.4724045991897583], "auc_history": [0.8416450724086075]}}