{"train": {"loss_history": [0.46204429864883423, 0.45468610525131226, 0.4531398117542267, 0.45206570625305176]}, "num_train": 124086, "dev": {"loss_history": [0.7051427364349365, 0.4610729515552521, 0.45759323239326477, 0.4566822052001953], "auc_history": [0.5735941359912591, 0.8329409428793947, 0.833502577357861, 0.8345553783359962]}, "test": {"loss_history": [0.4505750238895416], "auc_history": [0.8432231364024226]}}