{"train": {"loss_history": [0.5981715321540833, 0.5937621593475342, 0.5923842787742615, 0.5914880037307739]}, "num_train": 329292, "dev": {"loss_history": [0.6993428468704224, 0.523815929889679, 0.4627518951892853, 0.46678459644317627], "auc_history": [0.49459368221367317, 0.8180635503591916, 0.8263520957169732, 0.8263988790591427]}, "test": {"loss_history": [0.47726720571517944], "auc_history": [0.8335590890555711]}}