{"train": {"loss_history": [0.5181289315223694, 0.5130080580711365, 0.5112624764442444, 0.5097377300262451, 0.5087743401527405, 0.5082501173019409, 0.5078096985816956]}, "num_train": 163211, "dev": {"loss_history": [0.706057608127594, 0.5323575139045715, 0.5155758261680603, 0.5050162672996521, 0.49243131279945374, 0.4882650375366211, 0.48346373438835144], "auc_history": [0.743264515444984, 0.8294714203030109, 0.8304925126437906, 0.8283390205866301, 0.8324574846287003, 0.8317596699999656, 0.833947077701578]}, "test": {"loss_history": [0.4817383587360382], "auc_history": [0.841815905644166]}}