{"train": {"loss_history": [0.5814371705055237, 0.5771530270576477, 0.5756849646568298, 0.5750043988227844]}, "num_train": 271413, "dev": {"loss_history": [0.6734104156494141, 0.6631860136985779, 0.6350188851356506, 0.6068353652954102], "auc_history": [0.6084122249938138, 0.7860287088915388, 0.8151972633684914, 0.8212394010193157]}, "test": {"loss_history": [0.6590805053710938], "auc_history": [0.7408815014396399]}}