{"train": {"loss_history": [0.4784001410007477, 0.4709121584892273, 0.46939733624458313, 0.46855872869491577, 0.4678637683391571]}, "num_train": 132402, "dev": {"loss_history": [0.7683459520339966, 0.4836721420288086, 0.4762551486492157, 0.4786081612110138, 0.46651506423950195], "auc_history": [0.44469615537606, 0.8233679714742184, 0.8246583805290516, 0.826735711310347, 0.8280104499637606]}, "test": {"loss_history": [0.4717192053794861], "auc_history": [0.8367588893308393]}}