{"train": {"loss_history": [0.4705963134765625, 0.4319044351577759, 0.4295662045478821, 0.4289867579936981]}, "dev": {"loss_history": [0.7325660586357117, 0.4212420880794525, 0.416350781917572, 0.4155099093914032], "auc_history": [0.5498288678333112, 0.8318790691682909, 0.8342978602962082, 0.8351038032449676]}, "test": {"loss_history": [0.4277098774909973], "auc_history": [0.8318758915152411]}}