{"train": {"loss_history": [0.6507856249809265, 0.5639718770980835, 0.5187106728553772, 0.5148422718048096]}, "dev": {"loss_history": [0.7084277868270874, 0.6139510273933411, 0.5338895320892334, 0.5170204043388367], "auc_history": [0.7414018250471994, 0.7648127753303964, 0.8234345500314664, 0.8291299559471366]}, "test": {"loss_history": [0.5114187002182007], "auc_history": [0.7932888204074645]}}