{"train": {"loss_history": [0.5298470854759216, 0.5035004019737244, 0.49807941913604736, 0.49681931734085083, 0.4955231547355652, 0.4936266243457794, 0.49265405535697937, 0.49210458993911743]}, "num_train": 40189, "dev": {"loss_history": [0.6545397639274597, 0.6214009523391724, 0.6540718674659729, 0.6073355674743652, 0.5891740918159485, 0.565523087978363, 0.5640624761581421, 0.5250754952430725], "auc_history": [0.35759469877762007, 0.7841451526153018, 0.8047011563802609, 0.8173488730270662, 0.8245326903752334, 0.8287333704902351, 0.8311049456657296, 0.8292069413608664]}, "test": {"loss_history": [0.5995904207229614], "auc_history": [0.8178123486877802]}}