{"train": {"loss_history": [0.46245893836021423, 0.43003353476524353, 0.42779865860939026, 0.42542222142219543, 0.4241693615913391, 0.42317262291908264, 0.42229706048965454, 0.42236751317977905, 0.42139968276023865]}, "num_train": 30121, "dev": {"loss_history": [0.6483688354492188, 0.4208070635795593, 0.4167705476284027, 0.41720834374427795, 0.4151363670825958, 0.41412195563316345, 0.4139421582221985, 0.41354137659072876, 0.41184502840042114], "auc_history": [0.5366118012167346, 0.8356196503556078, 0.8358625302413044, 0.8392368028846893, 0.8374443287995754, 0.8390909209882094, 0.8399978393569598, 0.8387749076979452, 0.8401806728683794]}, "test": {"loss_history": [0.423700213432312], "auc_history": [0.8351554344554472]}}