{"train": {"loss_history": [0.4748840928077698, 0.455538272857666, 0.45249685645103455, 0.45109274983406067]}, "num_train": 33077, "dev": {"loss_history": [0.7023057341575623, 0.5331990122795105, 0.47314414381980896, 0.4574885666370392], "auc_history": [0.5708618425306929, 0.8320685103469654, 0.8338790753268935, 0.8351353660827285]}, "test": {"loss_history": [0.468252032995224], "auc_history": [0.8303591831228929]}}