{"train": {"loss_history": [0.6621617078781128, 0.5692346692085266, 0.5337339639663696, 0.5242776274681091, 0.5195955634117126, 0.5167274475097656, 0.5153757333755493, 0.5131431221961975, 0.5103863477706909, 0.5084112882614136]}, "dev": {"loss_history": [0.7448440194129944, 0.5850803852081299, 0.5260474681854248, 0.511717677116394, 0.5071225762367249, 0.502621054649353, 0.5019790530204773, 0.49852997064590454, 0.49647265672683716, 0.49315938353538513], "auc_history": [0.7299819878827576, 0.800916980514164, 0.8249304077288357, 0.8245865400360242, 0.8238251187162272, 0.8244473554936957, 0.824250859669232, 0.8261830686097921, 0.8265433109546423, 0.8261503193057147]}, "test": {"loss_history": [0.5145537853240967], "auc_history": [0.7950877075968785]}}