{"train": {"loss_history": [0.4878455698490143, 0.45862239599227905, 0.4556434154510498, 0.4546321630477905, 0.4539473056793213, 0.45274239778518677]}, "num_train": 34026, "dev": {"loss_history": [0.7113847732543945, 0.5750391483306885, 0.5193294286727905, 0.48800134658813477, 0.48345276713371277, 0.474126935005188], "auc_history": [0.43272497415748856, 0.8015960962933877, 0.8132756076313069, 0.8174342076115089, 0.818880578102614, 0.8210964642785984]}, "test": {"loss_history": [0.46393105387687683], "auc_history": [0.8354611333430906]}}