{"train": {"loss_history": [0.46854671835899353, 0.4422808289527893]}, "num_train": 31580, "dev": {"loss_history": [0.6692930459976196, 0.4553438127040863], "auc_history": [0.4497837533073731, 0.7998563629794979]}, "test": {"loss_history": [0.43365636467933655], "auc_history": [0.8210190429752466]}}