{"train": {"loss_history": [0.6277756690979004, 0.6276687979698181, 0.6276687383651733, 0.6276687979698181, 0.6276687979698181, 0.6276687979698181, 0.6276687979698181, 0.6276687979698181, 0.6276687979698181, 0.6276687979698181]}, "dev": {"loss_history": [0.6498059630393982, 0.6272825002670288, 0.6272826790809631, 0.6272826790809631, 0.6272825598716736, 0.6272825598716736, 0.6272825598716736, 0.6272825598716736, 0.6272825598716736, 0.6272825598716736], "auc_history": [0.5129484954272482, 0.5, 0.5, 0.5, 0.5, 0.5, 0.5, 0.5, 0.5, 0.5]}, "test": {"loss_history": [0.6280978918075562], "auc_history": [0.5]}}