{"train": {"loss_history": [0.4612366557121277, 0.43058690428733826, 0.4261913597583771, 0.4241655468940735]}, "dev": {"loss_history": [0.6229089498519897, 0.4762510061264038, 0.46234413981437683, 0.45472627878189087], "auc_history": [0.33728025473089335, 0.8098161115740112, 0.820565477284187, 0.8235649325536613]}, "test": {"loss_history": [0.45557793974876404], "auc_history": [0.8306274431495921]}}