{"train": {"loss_history": [0.48917844891548157, 0.4666006863117218, 0.46366962790489197, 0.4615517258644104, 0.4600060284137726, 0.45899614691734314, 0.4581773281097412, 0.4576975703239441, 0.4570004940032959, 0.45669448375701904]}, "num_train": 35662, "dev": {"loss_history": [0.635979175567627, 0.4836077094078064, 0.47940969467163086, 0.46300163865089417, 0.4568706452846527, 0.45409098267555237, 0.4509337544441223, 0.4468451142311096, 0.44360968470573425, 0.44332462549209595], "auc_history": [0.4744618695477675, 0.8197873594061471, 0.8175579636489636, 0.8215213481222458, 0.8190411733740114, 0.8289489938341942, 0.8294955946447857, 0.8309447819773328, 0.8306426810721705, 0.8320263224395044]}, "test": {"loss_history": [0.4357820153236389], "auc_history": [0.8376611214739808]}}