{"train": {"loss_history": [0.573525071144104, 0.5615089535713196, 0.5579167604446411, 0.5563238859176636, 0.5551263093948364, 0.5543382167816162]}, "num_train": 66493, "dev": {"loss_history": [0.6661092638969421, 0.4917885661125183, 0.4643422067165375, 0.45184430480003357, 0.4441691040992737, 0.4417375922203064], "auc_history": [0.5086075371580909, 0.7764578242788918, 0.7899556799070797, 0.8026669839527075, 0.8086856797379288, 0.8091543686289706]}, "test": {"loss_history": [0.44395479559898376], "auc_history": [0.8159057571027953]}}