{"train": {"loss_history": [0.5168144702911377, 0.4918138384819031, 0.48938649892807007, 0.48764002323150635, 0.48589956760406494, 0.48464059829711914]}, "num_train": 40138, "dev": {"loss_history": [0.7241914868354797, 0.5666142106056213, 0.49264103174209595, 0.48133525252342224, 0.4718625247478485, 0.4653652310371399], "auc_history": [0.48821575809579165, 0.8059219209798858, 0.819634867326765, 0.8235735839636766, 0.8244556673489085, 0.8251286828118617]}, "test": {"loss_history": [0.46156781911849976], "auc_history": [0.8325702031545421]}}