{"train": {"loss_history": [0.5463603138923645, 0.5287798047065735, 0.5232557654380798, 0.5214055180549622, 0.5202812552452087, 0.5186863541603088, 0.5180440545082092, 0.5170300006866455]}, "num_train": 48684, "dev": {"loss_history": [0.6354181170463562, 0.5834125280380249, 0.493227481842041, 0.45753851532936096, 0.45463669300079346, 0.4434894025325775, 0.43856313824653625, 0.43512576818466187], "auc_history": [0.5882282650091931, 0.794525380576661, 0.8138686804847557, 0.8123771413604137, 0.8186585335849068, 0.8198541227451035, 0.821108017700358, 0.8230820853330298]}, "test": {"loss_history": [0.4324829578399658], "auc_history": [0.8310598043321025]}}