{"train": {"loss_history": [0.46426206827163696, 0.4403734505176544, 0.4381624460220337]}, "num_train": 31382, "dev": {"loss_history": [0.645458996295929, 0.4557115435600281, 0.43856415152549744], "auc_history": [0.44531179120015624, 0.8137994183260112, 0.8253719012712458]}, "test": {"loss_history": [0.4377928674221039], "auc_history": [0.8305570571142158]}}