{"train": {"loss_history": [0.49361109733581543, 0.45701903104782104, 0.45271754264831543, 0.45117881894111633, 0.4497857987880707, 0.4488469660282135, 0.44798824191093445, 0.44741785526275635, 0.4469822943210602]}, "num_train": 33252, "dev": {"loss_history": [0.7993061542510986, 0.46516621112823486, 0.45840778946876526, 0.4459001123905182, 0.4405561685562134, 0.4350767731666565, 0.4319137930870056, 0.430903822183609, 0.42941054701805115], "auc_history": [0.4882752171922902, 0.812143533746369, 0.8186512934147514, 0.8204039912431103, 0.8214520859635014, 0.8248884116783817, 0.8266605234143258, 0.8267351035741579, 0.8274210616421679]}, "test": {"loss_history": [0.4286963641643524], "auc_history": [0.8339648762165798]}}