{"train": {"loss_history": [0.479943186044693, 0.4618525803089142, 0.4577423632144928, 0.45625513792037964, 0.4554043114185333, 0.45499560236930847]}, "num_train": 34988, "dev": {"loss_history": [0.6053726077079773, 0.4919191300868988, 0.4790239632129669, 0.4706264138221741, 0.46650245785713196, 0.4598490297794342], "auc_history": [0.5915128675123186, 0.815659437260658, 0.827176369519832, 0.8279826553714886, 0.82723326572424, 0.8285628941407673]}, "test": {"loss_history": [0.4621337354183197], "auc_history": [0.8353953329018995]}}