{"train": {"loss_history": [0.4977346658706665, 0.4771471321582794, 0.4741598963737488, 0.4725199043750763]}, "num_train": 37492, "dev": {"loss_history": [0.6153488755226135, 0.48514679074287415, 0.4592858552932739, 0.44919371604919434], "auc_history": [0.5170170268298921, 0.8082563953127779, 0.8068947948174221, 0.8155856259684527]}, "test": {"loss_history": [0.46078377962112427], "auc_history": [0.8162661946273808]}}