{"train": {"loss_history": [0.4649945795536041, 0.43898358941078186, 0.43677467107772827, 0.43577706813812256, 0.43451353907585144]}, "num_train": 31126, "dev": {"loss_history": [0.6773713231086731, 0.4402967095375061, 0.43374624848365784, 0.43653619289398193, 0.42958569526672363], "auc_history": [0.6164589058193539, 0.8215321763413279, 0.8254127794000884, 0.8213913454209574, 0.8269951089767346]}, "test": {"loss_history": [0.42841750383377075], "auc_history": [0.8331261182382276]}}