{"train": {"loss_history": [0.4999646544456482, 0.48139557242393494, 0.47505733370780945, 0.47360679507255554, 0.47368866205215454, 0.4729427695274353, 0.47146567702293396, 0.47141173481941223]}, "num_train": 43967, "dev": {"loss_history": [0.6780214309692383, 0.5732850432395935, 0.4879705011844635, 0.4777787923812866, 0.47608208656311035, 0.468877911567688, 0.4662221372127533, 0.4569217562675476], "auc_history": [0.653682900206307, 0.8104046859909153, 0.8144280239879343, 0.8152665522305942, 0.8009150036809, 0.8034318223026692, 0.8063692688231147, 0.8077965592287203]}, "test": {"loss_history": [0.45434463024139404], "auc_history": [0.8278849188583575]}}