{"train": {"loss_history": [0.5232275128364563]}, "num_train": 50350, "dev": {"loss_history": [0.6258498430252075], "auc_history": [0.3777807420091739]}, "test": {"loss_history": [0.6739866137504578], "auc_history": [0.8324499761562675]}}