{"train": {"loss_history": [0.4923414885997772, 0.4635249376296997]}, "num_train": 34916, "dev": {"loss_history": [0.6438210606575012, 0.5226996541023254], "auc_history": [0.39188603133518735, 0.8068757497528317]}, "test": {"loss_history": [0.5451989769935608], "auc_history": [0.8233733595755175]}}