{"train": {"loss_history": [0.49641573429107666, 0.4801102578639984, 0.474526584148407]}, "num_train": 66326, "dev": {"loss_history": [0.7557486891746521, 0.4762927293777466, 0.4362323582172394], "auc_history": [0.5893654720669825, 0.8081841317621925, 0.8195147186644229]}, "test": {"loss_history": [0.4418768286705017], "auc_history": [0.8344189078879367]}}