{"train": {"loss_history": [0.4972863495349884, 0.47920846939086914, 0.4694271981716156, 0.46527788043022156, 0.4628879129886627, 0.4612525403499603]}, "num_train": 41729, "dev": {"loss_history": [0.6413047909736633, 0.4921473264694214, 0.4563137888908386, 0.43328794836997986, 0.4324550926685333, 0.43150022625923157], "auc_history": [0.5578309134294922, 0.8122611116681673, 0.8065882524998689, 0.8208216719546592, 0.8208052416847249, 0.8212691857495918]}, "test": {"loss_history": [0.4248986840248108], "auc_history": [0.8349622711008075]}}