{"train": {"loss_history": [0.5028114914894104, 0.482043981552124, 0.46933361887931824, 0.4663342535495758, 0.4626527428627014]}, "num_train": 42456, "dev": {"loss_history": [0.6166514158248901, 0.6158515810966492, 0.5173961520195007, 0.44190895557403564, 0.4401620328426361], "auc_history": [0.57065879797444, 0.7675699332034844, 0.8096255145337102, 0.8162750331073187, 0.8130446991663034]}, "test": {"loss_history": [0.4343961775302887], "auc_history": [0.8330058819659727]}}