{"train": {"loss_history": [0.513002336025238, 0.48955559730529785, 0.48233336210250854]}, "num_train": 44842, "dev": {"loss_history": [0.8086695075035095, 0.5952847003936768, 0.46858784556388855], "auc_history": [0.4106695315515734, 0.7592140044607207, 0.8141661137956598]}, "test": {"loss_history": [0.4826292395591736], "auc_history": [0.8247001231478233]}}