{"train": {"loss_history": [0.4920499324798584, 0.471697062253952, 0.4693659842014313, 0.4677076041698456, 0.46594366431236267, 0.4636906683444977, 0.46296998858451843, 0.46251818537712097, 0.46198713779449463]}, "num_train": 39444, "dev": {"loss_history": [0.691148579120636, 0.5347963571548462, 0.46473321318626404, 0.4604209363460541, 0.45378944277763367, 0.4462841749191284, 0.4395253360271454, 0.438801646232605, 0.4340786337852478], "auc_history": [0.4363347821411149, 0.6485594484832459, 0.8093460051194902, 0.8121383067652188, 0.8137234056923287, 0.8156944536084509, 0.8169087349809149, 0.8170334881372152, 0.8188588716443934]}, "test": {"loss_history": [0.4286658763885498], "auc_history": [0.8331252286144245]}}