{"train": {"loss_history": [0.5175103545188904]}, "num_train": 58610, "dev": {"loss_history": [0.653178870677948], "auc_history": [0.4386830768479443]}, "test": {"loss_history": [0.6636514067649841], "auc_history": [0.8030743184698441]}}