{"train": {"loss_history": [0.5070515275001526, 0.4937618374824524, 0.4794119596481323, 0.47522100806236267, 0.4733757972717285]}, "num_train": 67137, "dev": {"loss_history": [0.7688716053962708, 0.6561532020568848, 0.6529393196105957, 0.4503718316555023, 0.43994006514549255], "auc_history": [0.6221983467381823, 0.6562336184363994, 0.7337863758383334, 0.8074784743981327, 0.8126524508247867]}, "test": {"loss_history": [0.43202537298202515], "auc_history": [0.8337711723514067]}}