{"train": {"loss_history": [0.5181147456169128, 0.4993900656700134, 0.48926812410354614, 0.4861859679222107, 0.48409774899482727, 0.4817008972167969]}, "num_train": 46365, "dev": {"loss_history": [0.7196769118309021, 0.6072561144828796, 0.48170006275177, 0.4621717035770416, 0.4486958384513855, 0.4443243145942688], "auc_history": [0.4147783978707409, 0.7550788367213026, 0.8127229775961256, 0.8143077518143433, 0.8195577750635001, 0.8159104499633989]}, "test": {"loss_history": [0.4419248700141907], "auc_history": [0.8193130138145185]}}