{"train": {"loss_history": [0.5193366408348083, 0.4994679391384125, 0.4954541325569153, 0.49387094378471375]}, "num_train": 48241, "dev": {"loss_history": [0.6337728500366211, 0.5643914937973022, 0.5090131759643555, 0.47468623518943787], "auc_history": [0.5309530050119466, 0.815300062188247, 0.8114856418923307, 0.8099515222612623]}, "test": {"loss_history": [0.47424420714378357], "auc_history": [0.828095519298065]}}