{"train": {"loss_history": [0.4831364154815674, 0.45585665106773376, 0.4521787762641907, 0.4507265090942383]}, "num_train": 33435, "dev": {"loss_history": [0.658663809299469, 0.4532889127731323, 0.46926459670066833, 0.44627949595451355], "auc_history": [0.5340364406502283, 0.808618527317889, 0.8083218732741723, 0.8167842415917281]}, "test": {"loss_history": [0.44759973883628845], "auc_history": [0.8352670050096156]}}