{"train": {"loss_history": [0.39293116331100464, 0.3588239252567291, 0.35537394881248474]}, "num_train": 23726, "dev": {"loss_history": [0.6978821158409119, 0.4346320331096649, 0.4319661855697632], "auc_history": [0.5889996932609659, 0.8228203341730532, 0.8251501258829999]}, "test": {"loss_history": [0.42478418350219727], "auc_history": [0.8284106929363905]}}