{"train": {"loss_history": [0.41965702176094055, 0.37172654271125793, 0.3647824227809906, 0.3626696765422821, 0.361924946308136, 0.36141541600227356, 0.36114853620529175]}, "num_train": 24649, "dev": {"loss_history": [0.6491250395774841, 0.4415588676929474, 0.4298684298992157, 0.4273469150066376, 0.4269856810569763, 0.4267303943634033, 0.4266224801540375], "auc_history": [0.50366318154126, 0.8176658934443093, 0.8266306354547824, 0.8283116378589465, 0.8280763337710677, 0.8281134574438964, 0.8282432028054997]}, "test": {"loss_history": [0.4218825101852417], "auc_history": [0.8297148324172797]}}