{"train": {"loss_history": [0.3997722268104553, 0.3614780008792877, 0.3560364544391632, 0.3540804088115692, 0.35285377502441406, 0.35212087631225586, 0.35166454315185547, 0.3511716425418854, 0.35070139169692993]}, "num_train": 23733, "dev": {"loss_history": [0.6611758470535278, 0.44024214148521423, 0.43094688653945923, 0.4294664263725281, 0.4289186894893646, 0.42841795086860657, 0.4279401898384094, 0.4278982877731323, 0.42757648229599], "auc_history": [0.665206656362035, 0.8196628845518773, 0.8255661110115313, 0.8265203268983135, 0.8265657627739809, 0.8268117539797952, 0.8269116254093917, 0.8266763213215128, 0.8270762445242583]}, "test": {"loss_history": [0.4213927090167999], "auc_history": [0.8300464937998067]}}