{"train": {"loss_history": [0.4000852108001709, 0.36764344573020935, 0.36556535959243774, 0.3646111488342285, 0.3638553023338318, 0.3634389340877533, 0.3635299503803253]}, "num_train": 24692, "dev": {"loss_history": [0.7290340662002563, 0.436545729637146, 0.43243369460105896, 0.4317259192466736, 0.43100327253341675, 0.4292966425418854, 0.42912912368774414], "auc_history": [0.6326690070829968, 0.8230661378855706, 0.8238244857746335, 0.8248876352670393, 0.8259036614441033, 0.8264609540208938, 0.8264944528233116]}, "test": {"loss_history": [0.4222407639026642], "auc_history": [0.8283013505159686]}}