{"train": {"loss_history": [0.4113394021987915, 0.37097591161727905, 0.36657604575157166, 0.3648189902305603, 0.3632164001464844, 0.3622857928276062, 0.36153772473335266, 0.36099907755851746, 0.3605329394340515, 0.3600720465183258]}, "num_train": 24647, "dev": {"loss_history": [0.6598378419876099, 0.4394828975200653, 0.4335227608680725, 0.43143048882484436, 0.4291972815990448, 0.4281919598579407, 0.4274715483188629, 0.42674124240875244, 0.42628151178359985, 0.4260139465332031], "auc_history": [0.4792053684080794, 0.821680249931065, 0.8258817872261067, 0.8278074683830053, 0.8279838995755902, 0.8284385708210932, 0.8291279211768179, 0.8298208964029536, 0.8301097610760415, 0.8302466311829353]}, "test": {"loss_history": [0.4189791679382324], "auc_history": [0.8341446349659081]}}