{"train": {"loss_history": [0.4193108379840851, 0.37784403562545776, 0.37371912598609924, 0.37222880125045776, 0.3715198040008545, 0.37090805172920227, 0.370301216840744, 0.36944353580474854]}, "num_train": 25109, "dev": {"loss_history": [0.6339330673217773, 0.43995240330696106, 0.43344011902809143, 0.42804792523384094, 0.4274807274341583, 0.427249938249588, 0.4270404279232025, 0.4265354871749878], "auc_history": [0.48405269511614957, 0.8221489831738515, 0.826449454432004, 0.8282553898698122, 0.828537317290907, 0.8282637645704166, 0.8283448866703015, 0.8283649484530928]}, "test": {"loss_history": [0.42210009694099426], "auc_history": [0.8293655104805506]}}