{"train": {"loss_history": [0.5664790272712708, 0.562727153301239, 0.5627317428588867, 0.5627331137657166]}, "dev": {"loss_history": [0.678030788898468, 0.5567051768302917, 0.5567471385002136, 0.5567591786384583], "auc_history": [0.5229775701488102, 0.5, 0.5, 0.5]}, "test": {"loss_history": [0.5626286268234253], "auc_history": [0.5]}}