{"train": {"loss_history": [0.501852810382843, 0.4920711815357208]}, "num_train": 25600, "dev": {"loss_history": [0.6830257177352905, 0.5660515427589417], "auc_history": [0.582164597794785, 0.5]}, "test": {"loss_history": [0.5738130211830139], "auc_history": [0.5]}}