{"train": {"loss_history": [0.4299589991569519, 0.39784055948257446, 0.39203351736068726, 0.39022377133369446, 0.3894021809101105]}, "num_train": 26308, "dev": {"loss_history": [0.6262598633766174, 0.4587351083755493, 0.4372231662273407, 0.4332655966281891, 0.4299048185348511], "auc_history": [0.4789766578467073, 0.8095757041896798, 0.8194062658945003, 0.8203481165065895, 0.8209663622369274]}, "test": {"loss_history": [0.4211910367012024], "auc_history": [0.8339643027455232]}}