{"train": {"loss_history": [0.41900694370269775, 0.3862360119819641, 0.3840911388397217, 0.3824233412742615]}, "num_train": 25885, "dev": {"loss_history": [0.6823851466178894, 0.42962533235549927, 0.4291439354419708, 0.426917165517807], "auc_history": [0.6627612412919569, 0.8193610014749577, 0.8209294753067979, 0.8221960348108713]}, "test": {"loss_history": [0.4188123345375061], "auc_history": [0.8373454924850647]}}