{"train": {"loss_history": [0.4307781159877777, 0.39107564091682434, 0.3872010111808777, 0.38529103994369507, 0.38456541299819946, 0.382913202047348, 0.3822683095932007, 0.3814099133014679]}, "num_train": 26257, "dev": {"loss_history": [0.7279850244522095, 0.43371307849884033, 0.4305996894836426, 0.427484929561615, 0.4273759424686432, 0.4258933663368225, 0.42480000853538513, 0.4237820506095886], "auc_history": [0.5584171428630804, 0.8167996977349867, 0.820682047131106, 0.8212709391776085, 0.8228107087433973, 0.8230273545161293, 0.8239796607545404, 0.8233438807440354]}, "test": {"loss_history": [0.4145999848842621], "auc_history": [0.8370132416546296]}}