{"train": {"loss_history": [0.4279562532901764, 0.39261049032211304, 0.38992467522621155, 0.3886524736881256]}, "num_train": 26345, "dev": {"loss_history": [0.7777073979377747, 0.42665132880210876, 0.42526528239250183, 0.4237014651298523], "auc_history": [0.6290133369631458, 0.8212821741052712, 0.8223172811111383, 0.823445449685448]}, "test": {"loss_history": [0.413286030292511], "auc_history": [0.837595064564937]}}