{"train": {"loss_history": [0.44197291135787964, 0.406354159116745, 0.4040076732635498]}, "num_train": 27700, "dev": {"loss_history": [0.722877025604248, 0.4289413094520569, 0.42567792534828186], "auc_history": [0.46472732765620967, 0.8216826700526444, 0.821878339630954]}, "test": {"loss_history": [0.4173201024532318], "auc_history": [0.8357539265367304]}}