{"train": {"loss_history": [0.42328065633773804, 0.3792291581630707]}, "num_train": 24813, "dev": {"loss_history": [0.7980232834815979, 0.43820586800575256], "auc_history": [0.5387988160854031, 0.817658098161836]}, "test": {"loss_history": [0.43139252066612244], "auc_history": [0.8298233899977141]}}