{"train": {"loss_history": [0.4164895713329315, 0.3856270909309387, 0.38010573387145996, 0.3775002360343933]}, "num_train": 25189, "dev": {"loss_history": [0.6360547542572021, 0.44016632437705994, 0.43243613839149475, 0.4310906231403351], "auc_history": [0.41842864535087004, 0.8111067715571636, 0.8192114405593096, 0.8217324154548964]}, "test": {"loss_history": [0.4223296344280243], "auc_history": [0.8334030215371746]}}