{"train": {"loss_history": [0.5664801597595215, 0.562727153301239]}, "num_train": 30121, "dev": {"loss_history": [0.678030788898468, 0.5567052960395813], "auc_history": [0.5229775701488102, 0.5]}, "test": {"loss_history": [0.5626043081283569], "auc_history": [0.5]}}