{"train": {"loss_history": [0.4506121575832367, 0.4134170114994049, 0.4097943902015686]}, "num_train": 28340, "dev": {"loss_history": [0.7887693047523499, 0.4272497296333313, 0.42382946610450745], "auc_history": [0.41523773106934175, 0.8198422849946565, 0.8221547318398109]}, "test": {"loss_history": [0.41385406255722046], "auc_history": [0.8368286863012062]}}