{"train": {"loss_history": [0.43327319622039795, 0.38661468029022217, 0.38236770033836365, 0.3809942603111267]}, "num_train": 25600, "dev": {"loss_history": [0.7043032050132751, 0.43554821610450745, 0.42920058965682983, 0.42855381965637207], "auc_history": [0.7497736129605087, 0.8155433990319, 0.8212767189958857, 0.822707061665076]}, "test": {"loss_history": [0.42312538623809814], "auc_history": [0.8336499699105662]}}