{"train": {"loss_history": [0.4598112404346466, 0.42920130491256714, 0.42531827092170715, 0.42429184913635254, 0.4236443340778351, 0.42311328649520874, 0.42258989810943604, 0.4220627248287201, 0.4219459891319275, 0.42149975895881653]}, "dev": {"loss_history": [0.7214258909225464, 0.4848897159099579, 0.46918776631355286, 0.4549771249294281, 0.4485844373703003, 0.44490963220596313, 0.4423253536224365, 0.4386502504348755, 0.4372635781764984, 0.4370090365409851], "auc_history": [0.5660868248960099, 0.8115464247153165, 0.8229338301155733, 0.8245904583911126, 0.8252070613475567, 0.8258352888884223, 0.8257892280350977, 0.8259815336601716, 0.825900786546881, 0.8259930957468271]}, "test": {"loss_history": [0.4307622015476227], "auc_history": [0.8302373808008225]}}