{"train": {"loss_history": [0.6206861138343811, 0.540481448173523, 0.4736638367176056, 0.4602542221546173, 0.45900633931159973]}, "num_train": 1838, "dev": {"loss_history": [0.6875854730606079, 0.6516132354736328, 0.5576163530349731, 0.5315372943878174, 0.5252465009689331], "auc_history": [0.5661186280679673, 0.7556875393329138, 0.8181167400881058, 0.8288782252989301, 0.8283275645059787]}, "test": {"loss_history": [0.5017903447151184], "auc_history": [0.7915596644410203]}}