{"train": {"loss_history": [0.5861415266990662, 0.49300166964530945, 0.45744413137435913, 0.43437808752059937, 0.42847466468811035, 0.42886877059936523, 0.4274463951587677, 0.42739611864089966, 0.42703777551651]}, "num_train": 1542, "dev": {"loss_history": [0.703233540058136, 0.6682618856430054, 0.6176799535751343, 0.536019504070282, 0.5245031118392944, 0.5222952961921692, 0.5161715745925903, 0.5159254670143127, 0.5153867602348328], "auc_history": [0.6346680302076778, 0.7601714915040907, 0.8182426054122088, 0.8218455003146633, 0.8229310887350535, 0.8231513530522341, 0.8219713656387666, 0.8216567023285085, 0.8217825676526116]}, "test": {"loss_history": [0.5154359936714172], "auc_history": [0.7933744221879816]}}