{"train": {"loss_history": [0.6388224363327026, 0.5554970502853394, 0.5077720880508423, 0.4803590476512909, 0.47517016530036926, 0.47068607807159424, 0.4683368504047394]}, "num_train": 1922, "dev": {"loss_history": [0.73512864112854, 0.6424806118011475, 0.5746830105781555, 0.528870165348053, 0.5272372364997864, 0.5251283049583435, 0.5186997056007385], "auc_history": [0.27618785399622403, 0.7577328508495909, 0.801203587161737, 0.8245201384518565, 0.8256214600377596, 0.8247246696035242, 0.8232772183763373]}, "test": {"loss_history": [0.5119000673294067], "auc_history": [0.7936312275295326]}}