{"train": {"loss_history": [0.5902178287506104, 0.5048378705978394, 0.4695337116718292, 0.4535239338874817, 0.44494369626045227, 0.43858444690704346, 0.43380284309387207, 0.42988044023513794, 0.42689526081085205, 0.4242669939994812]}, "num_train": 1439, "dev": {"loss_history": [0.6936762928962708, 0.6849985122680664, 0.6123398542404175, 0.5701876878738403, 0.5581293702125549, 0.5468745231628418, 0.5404713153839111, 0.5353882312774658, 0.5313156247138977, 0.5281343460083008], "auc_history": [0.34140969162995594, 0.7697844556324732, 0.8042794210195091, 0.8196585903083701, 0.8233244178728759, 0.8239222781623663, 0.8245437382001259, 0.8239852108244179, 0.8231513530522341, 0.8224590937696664]}, "test": {"loss_history": [0.516338050365448], "auc_history": [0.7906351652114363]}}