{"train": {"loss_history": [0.6176841855049133, 0.5577903389930725, 0.525819718837738, 0.5077379941940308]}, "num_train": 1800, "dev": {"loss_history": [0.691330075263977, 0.6777759194374084, 0.6110721230506897, 0.5799697041511536], "auc_history": [0.5922278162366268, 0.7751494650723725, 0.7992841409691629, 0.8180302076777848]}, "test": {"loss_history": [0.5363633632659912], "auc_history": [0.794367402841979]}}