{"train": {"loss_history": [0.612793505191803, 0.49865856766700745, 0.46594035625457764, 0.4635101854801178, 0.4619831144809723]}, "num_train": 1902, "dev": {"loss_history": [0.6895865797996521, 0.601540744304657, 0.507435142993927, 0.5168436765670776, 0.5152998566627502], "auc_history": [0.7232850849590937, 0.7760462555066079, 0.8299795468848332, 0.8291142227816236, 0.8290198237885462]}, "test": {"loss_history": [0.502200722694397], "auc_history": [0.793939393939394]}}