{"train": {"loss_history": [0.5923845767974854, 0.5241751670837402, 0.47106343507766724, 0.46162864565849304, 0.45735296607017517, 0.4562610685825348, 0.4553513824939728]}, "num_train": 1699, "dev": {"loss_history": [0.6890848278999329, 0.6566311717033386, 0.555743932723999, 0.5354496240615845, 0.5308514833450317, 0.5200405716896057, 0.5172524452209473], "auc_history": [0.5780679672750157, 0.7734660163624921, 0.8197529893014475, 0.8267857142857142, 0.8245201384518566, 0.8243942731277534, 0.8241425424795468]}, "test": {"loss_history": [0.510913074016571], "auc_history": [0.7950864577983222]}}