{"train": {"loss_history": [0.6257954239845276, 0.515042245388031, 0.47542187571525574, 0.4585193395614624, 0.45134279131889343, 0.4455234706401825, 0.4410528242588043, 0.43729066848754883, 0.43436843156814575, 0.4318591058254242]}, "num_train": 1484, "dev": {"loss_history": [0.7220615148544312, 0.6883782148361206, 0.6320908665657043, 0.5870380401611328, 0.5623711943626404, 0.5507801175117493, 0.5428085327148438, 0.537124752998352, 0.5330312848091125, 0.5301777124404907], "auc_history": [0.5426998112020139, 0.7713263058527375, 0.7994100062932662, 0.8231041535556954, 0.8250314663310259, 0.8240874764002518, 0.8242684078036501, 0.8232693517935807, 0.8229861548143487, 0.8219713656387666]}, "test": {"loss_history": [0.516917884349823], "auc_history": [0.7917822290703647]}}