{"train": {"loss_history": [0.5984171032905579, 0.5305194854736328, 0.44639822840690613, 0.4123842716217041, 0.40553030371665955, 0.40383416414260864, 0.403720885515213, 0.40230610966682434]}, "num_train": 1441, "dev": {"loss_history": [0.6922797560691833, 0.7417935729026794, 0.6083390116691589, 0.582505464553833, 0.5507306456565857, 0.5458113551139832, 0.5294777154922485, 0.5281912684440613], "auc_history": [0.5182898049087477, 0.705168344870988, 0.7793030207677785, 0.8243470736312146, 0.8274465072372561, 0.8263923851478918, 0.8263294524858402, 0.8256371932032724]}, "test": {"loss_history": [0.5084781050682068], "auc_history": [0.790909090909091]}}