{"train": {"loss_history": [0.5943318009376526, 0.5310009717941284, 0.48269638419151306, 0.47252023220062256]}, "num_train": 1699, "dev": {"loss_history": [0.6894524097442627, 0.6851122379302979, 0.5849169492721558, 0.5205941796302795], "auc_history": [0.3674402139710509, 0.7642621145374449, 0.8098725613593455, 0.8242369414726243]}, "test": {"loss_history": [0.5056000351905823], "auc_history": [0.7944872453347029]}}