{"train": {"loss_history": [0.6343353390693665, 0.5373606085777283, 0.47726723551750183, 0.4628537595272064]}, "num_train": 1852, "dev": {"loss_history": [0.6880139708518982, 0.6923576593399048, 0.5383270382881165, 0.5135453939437866], "auc_history": [0.31651982378854626, 0.7656938325991188, 0.8229153555695407, 0.8283432976714915]}, "test": {"loss_history": [0.5025526285171509], "auc_history": [0.7924328026022942]}}