{"train": {"loss_history": [0.6110358238220215, 0.5141856074333191, 0.47255435585975647, 0.4377700090408325, 0.4256173074245453, 0.4228629767894745, 0.4240097105503082]}, "num_train": 1531, "dev": {"loss_history": [0.7033718228340149, 0.6781435012817383, 0.6044974327087402, 0.566556453704834, 0.5252814292907715, 0.5220656394958496, 0.5154837369918823], "auc_history": [0.606356198867212, 0.7589600377595973, 0.8026510383889237, 0.8237020138451857, 0.8255899937067338, 0.8251337319068597, 0.822868156073002]}, "test": {"loss_history": [0.5242778062820435], "auc_history": [0.7929635336414997]}}