{"train": {"loss_history": [0.6159263253211975, 0.5357106328010559, 0.4926298260688782, 0.4577104151248932, 0.44797322154045105, 0.4485449492931366, 0.4490019977092743, 0.4481826722621918, 0.44832509756088257, 0.4481967091560364]}, "num_train": 1682, "dev": {"loss_history": [0.7335778474807739, 0.6823397278785706, 0.6012752652168274, 0.5666307210922241, 0.5327946543693542, 0.5186588764190674, 0.5142418742179871, 0.512810468673706, 0.5114104747772217, 0.510822057723999], "auc_history": [0.5054672750157332, 0.7625000000000001, 0.7991346758967903, 0.8271790434235369, 0.8269430459408433, 0.8263451856513531, 0.8262350534927627, 0.8268329137822529, 0.8277375707992448, 0.8285635619886722]}, "test": {"loss_history": [0.5148489475250244], "auc_history": [0.7982879643896593]}}