{"train": {"loss_history": [0.6058046817779541, 0.5263955593109131, 0.44295135140419006, 0.418428510427475]}, "num_train": 1485, "dev": {"loss_history": [0.69745934009552, 0.7286595106124878, 0.6336281299591064, 0.545101523399353], "auc_history": [0.3836060415355569, 0.7625157331655129, 0.8129247954688483, 0.8287680931403398]}, "test": {"loss_history": [0.5150615572929382], "auc_history": [0.7923643211778804]}}