{"train": {"loss_history": [0.6450367569923401, 0.630172610282898, 0.6288020014762878, 0.6287543177604675]}, "num_train": 1800, "dev": {"loss_history": [0.6888710260391235, 0.7014197111129761, 0.7158135175704956, 0.7206672430038452], "auc_history": [0.30534140969162993, 0.5, 0.5, 0.5]}, "test": {"loss_history": [0.647858202457428], "auc_history": [0.5]}}