{"train": {"loss_history": [0.6192049980163574, 0.5545185804367065, 0.5217760801315308, 0.501073956489563, 0.4889584183692932, 0.48072782158851624, 0.4747926890850067, 0.4711233675479889]}, "num_train": 1807, "dev": {"loss_history": [0.6891531944274902, 0.6829955577850342, 0.6101453304290771, 0.571881890296936, 0.5535424947738647, 0.5409958958625793, 0.5346940159797668, 0.5264114141464233], "auc_history": [0.47566079295154184, 0.7779814348646947, 0.7861941472624292, 0.8258574575204531, 0.8250707992448081, 0.8231513530522341, 0.823237885462555, 0.8235289490245437]}, "test": {"loss_history": [0.5134859681129456], "auc_history": [0.7970210580380072]}}