{"train": {"loss_history": [0.6479845643043518, 0.5494220852851868, 0.4997040927410126, 0.49527066946029663]}, "num_train": 2153, "dev": {"loss_history": [0.6917939782142639, 0.6317359209060669, 0.5149866342544556, 0.51302170753479], "auc_history": [0.28377123977344243, 0.7817101950912524, 0.8236390811831341, 0.8272577092511013]}, "test": {"loss_history": [0.5108126401901245], "auc_history": [0.7910631741140215]}}