{"train": {"loss_history": [0.6063475012779236, 0.5295498371124268, 0.4859253466129303, 0.46578729152679443, 0.4556313455104828, 0.42918363213539124, 0.4163690507411957, 0.41728729009628296]}, "num_train": 1484, "dev": {"loss_history": [0.6977493762969971, 0.7179575562477112, 0.6310749053955078, 0.5799051523208618, 0.5638827085494995, 0.5472022891044617, 0.5374599099159241, 0.5113444328308105], "auc_history": [0.3913703587161737, 0.755955003146633, 0.7874056010069226, 0.8175975456261799, 0.8258810572687224, 0.8256529263687855, 0.826832913782253, 0.8235761485210824]}, "test": {"loss_history": [0.5325593948364258], "auc_history": [0.791919191919192]}}