{"train": {"loss_history": [0.612716555595398, 0.5375373363494873, 0.523007333278656, 0.4979255497455597]}, "num_train": 1878, "dev": {"loss_history": [0.6890214681625366, 0.6389011144638062, 0.61681067943573, 0.5564628839492798], "auc_history": [0.7167479546884833, 0.7917007551919447, 0.8230884203901825, 0.8240874764002517]}, "test": {"loss_history": [0.5245323181152344], "auc_history": [0.7937853107344633]}}