{"train": {"loss_history": [0.45450860261917114, 0.4312480390071869]}, "dev": {"loss_history": [0.627351701259613, 0.42607730627059937], "auc_history": [0.5972537457949348, 0.825022579079317]}, "test": {"loss_history": [0.43065527081489563], "auc_history": [0.8331051175656985]}}