{"train": {"loss_history": [0.5174804925918579, 0.501748263835907, 0.5017691254615784, 0.5017772316932678, 0.5017805099487305, 0.5017820000648499, 0.5017825961112976, 0.5017828941345215, 0.5017829537391663, 0.501783013343811]}, "num_train": 26534, "dev": {"loss_history": [0.7182828187942505, 0.5662893652915955, 0.5659278631210327, 0.5658177137374878, 0.5657761693000793, 0.5657593011856079, 0.5657522082328796, 0.5657492280006409, 0.5657477378845215, 0.5657473206520081], "auc_history": [0.5, 0.5, 0.5, 0.5, 0.5, 0.5, 0.5, 0.5, 0.5, 0.5]}, "test": {"loss_history": [0.571611225605011], "auc_history": [0.5]}}