{"train": {"loss_history": [0.4365711808204651, 0.3906547725200653, 0.38699057698249817, 0.38519105315208435, 0.3842468559741974, 0.38384750485420227]}, "num_train": 25831, "dev": {"loss_history": [0.7859235405921936, 0.4337746500968933, 0.42623984813690186, 0.4280264377593994, 0.4238523244857788, 0.4227568805217743], "auc_history": [0.552080658314714, 0.8190129174887142, 0.8263627153534152, 0.8201818525711703, 0.8249563923910809, 0.826803981299089]}, "test": {"loss_history": [0.41935646533966064], "auc_history": [0.8347701346327103]}}