{"train": {"loss_history": [0.43519026041030884, 0.3961089551448822, 0.3926352858543396, 0.39085525274276733, 0.38945209980010986, 0.3879859447479248]}, "num_train": 26241, "dev": {"loss_history": [0.7310514450073242, 0.4375971853733063, 0.43273085355758667, 0.4475198984146118, 0.42552298307418823, 0.42023420333862305], "auc_history": [0.45449341618650885, 0.825539386269357, 0.8307664046878371, 0.8253051379322893, 0.8275923269061125, 0.832534031362623]}, "test": {"loss_history": [0.4633486270904541], "auc_history": [0.8209784029337495]}}