{"train": {"loss_history": [0.43193888664245605, 0.3878389596939087, 0.38319361209869385, 0.3806937336921692]}, "num_train": 25147, "dev": {"loss_history": [0.7664602398872375, 0.44090917706489563, 0.4314802885055542, 0.42829790711402893], "auc_history": [0.4850452042906914, 0.820259251912302, 0.8250284096588227, 0.8252192810472593]}, "test": {"loss_history": [0.4282352924346924], "auc_history": [0.8289698250155444]}}