{"train": {"loss_history": [0.42704951763153076, 0.3869684338569641, 0.38214027881622314, 0.38038206100463867, 0.37999704480171204, 0.37906891107559204]}, "num_train": 25294, "dev": {"loss_history": [0.6470156908035278, 0.44680240750312805, 0.4247749447822571, 0.4337887465953827, 0.4331609010696411, 0.4306766986846924], "auc_history": [0.4170304691989066, 0.8072311744042941, 0.8283073737993492, 0.820509838686446, 0.8267593229044129, 0.8252148600584032]}, "test": {"loss_history": [0.4281702935695648], "auc_history": [0.8311107515829812]}}