{"train": {"loss_history": [0.41301247477531433, 0.38211438059806824, 0.3774470090866089, 0.3753284811973572, 0.37387025356292725, 0.37228628993034363, 0.37212321162223816]}, "num_train": 24744, "dev": {"loss_history": [0.7199826836585999, 0.4487510323524475, 0.4318564534187317, 0.43252626061439514, 0.4314184784889221, 0.43136492371559143, 0.4271148145198822], "auc_history": [0.35904144760346524, 0.8125243154387082, 0.8245756106987419, 0.824862270179059, 0.8274258029925353, 0.8272283321569658, 0.829467979482511]}, "test": {"loss_history": [0.42780789732933044], "auc_history": [0.8356882002867767]}}