{"train": {"loss_history": [0.42110830545425415, 0.3833456039428711, 0.37891924381256104, 0.3775515556335449, 0.3767963945865631]}, "num_train": 24942, "dev": {"loss_history": [0.6553608775138855, 0.45345088839530945, 0.4417858421802521, 0.42814621329307556, 0.42405760288238525], "auc_history": [0.6023905504118311, 0.8041279605888705, 0.8244699554723127, 0.8272251285418528, 0.8300328408992471]}, "test": {"loss_history": [0.42249271273612976], "auc_history": [0.8351157257604019]}}