{"train": {"loss_history": [0.4128570854663849, 0.38578617572784424, 0.38150227069854736, 0.3790430724620819, 0.37831607460975647]}, "num_train": 24936, "dev": {"loss_history": [0.6067575812339783, 0.4513143002986908, 0.4306735098361969, 0.4357229471206665, 0.427693247795105], "auc_history": [0.6776707001462385, 0.806426490360194, 0.8268810602787093, 0.8234378788274872, 0.8274835962091751]}, "test": {"loss_history": [0.43004345893859863], "auc_history": [0.8298322484043297]}}