{"train": {"loss_history": [0.4404282867908478, 0.4148840010166168, 0.41268399357795715, 0.41149604320526123, 0.4101841151714325]}, "num_train": 28305, "dev": {"loss_history": [0.6085692644119263, 0.42934560775756836, 0.4248981177806854, 0.42834946513175964, 0.4268814027309418], "auc_history": [0.540320763885365, 0.8254127794000885, 0.8263373427217197, 0.8251348337528788, 0.828747678660489]}, "test": {"loss_history": [0.4263868033885956], "auc_history": [0.8372237237808824]}}