{"train": {"loss_history": [0.44739314913749695, 0.4051007926464081, 0.400646448135376, 0.3986288011074066, 0.3974793553352356, 0.39620235562324524, 0.3960520029067993, 0.3955775797367096, 0.39518624544143677]}, "num_train": 27143, "dev": {"loss_history": [0.6778934001922607, 0.4318329989910126, 0.4223673939704895, 0.42151278257369995, 0.4213387072086334, 0.4213230609893799, 0.4201323688030243, 0.4192623198032379, 0.41737985610961914], "auc_history": [0.39893984687232337, 0.8230829182729593, 0.8282150456117905, 0.8294904047883025, 0.8282128030812114, 0.8293539307844859, 0.830054625482016, 0.8321026966237998, 0.8334971021379134]}, "test": {"loss_history": [0.41448068618774414], "auc_history": [0.8395949598385931]}}