{"train": {"loss_history": [0.4230714738368988, 0.3810507655143738, 0.3771013617515564, 0.3752362132072449]}, "num_train": 24716, "dev": {"loss_history": [0.7858824729919434, 0.4521811902523041, 0.4443850517272949, 0.43049851059913635], "auc_history": [0.6163261480090685, 0.8125648732060395, 0.8261999717056714, 0.8236331071324774]}, "test": {"loss_history": [0.4370906949043274], "auc_history": [0.8316202875379091]}}