{"train": {"loss_history": [0.43371105194091797, 0.39953458309173584, 0.39415621757507324, 0.39231836795806885, 0.3912985324859619]}, "num_train": 26534, "dev": {"loss_history": [0.6373068690299988, 0.432396799325943, 0.43064531683921814, 0.42733436822891235, 0.4264921247959137], "auc_history": [0.5420141307618299, 0.8229235063849332, 0.8245169845421727, 0.8241567700588593, 0.8267526593849777]}, "test": {"loss_history": [0.43335869908332825], "auc_history": [0.8286739756620605]}}