{"train": {"loss_history": [0.6359580159187317, 0.5415968894958496, 0.5221536159515381, 0.5175879001617432, 0.5162853598594666, 0.5152456164360046, 0.5148733854293823, 0.5146201252937317, 0.514093816280365, 0.513538658618927]}, "dev": {"loss_history": [0.6671299338340759, 0.5718779563903809, 0.5233119130134583, 0.5225696563720703, 0.5178142189979553, 0.5083581805229187, 0.50214684009552, 0.49568095803260803, 0.4911958575248718, 0.4888330101966858], "auc_history": [0.2956319297893009, 0.7685073526948717, 0.8122131779050682, 0.8171959267075336, 0.8194653803637826, 0.8223126653937627, 0.8232338458446388, 0.8246742370950995, 0.8255954175459753, 0.8259973871972667]}, "test": {"loss_history": [0.49879586696624756], "auc_history": [0.8276457117053189]}}