{"train": {"loss_history": [0.42793458700180054, 0.38655805587768555, 0.3834739625453949, 0.3819639980792999]}, "num_train": 25790, "dev": {"loss_history": [0.6615105271339417, 0.4297339916229248, 0.4224436283111572, 0.42118316888809204], "auc_history": [0.46678850655664683, 0.8236266999022513, 0.8319662226199831, 0.8315606449466687]}, "test": {"loss_history": [0.4214916229248047], "auc_history": [0.8361938660271295]}}