{"train": {"loss_history": [0.4379851222038269, 0.3982829451560974, 0.39316481351852417, 0.3907914459705353]}, "num_train": 26364, "dev": {"loss_history": [0.6464008092880249, 0.43199265003204346, 0.429219514131546, 0.421771764755249], "auc_history": [0.3217636695693983, 0.8216116900684344, 0.8241123038810899, 0.8300526392406459]}, "test": {"loss_history": [0.4208625853061676], "auc_history": [0.8334593373685079]}}