{"train": {"loss_history": [0.41878464818000793, 0.3892890214920044]}, "num_train": 25987, "dev": {"loss_history": [0.6291571259498596, 0.4247141182422638], "auc_history": [0.40809129380431086, 0.8286673960657556]}, "test": {"loss_history": [0.425567626953125], "auc_history": [0.8310761099902293]}}