{"train": {"loss_history": [0.42644640803337097, 0.387829452753067, 0.3839721381664276]}, "num_train": 25807, "dev": {"loss_history": [0.7271559238433838, 0.42960068583488464, 0.42576321959495544], "auc_history": [0.5890433928385619, 0.8250817178143042, 0.8258180367118915]}, "test": {"loss_history": [0.42094627022743225], "auc_history": [0.8320709454743868]}}