{"train": {"loss_history": [0.41037753224372864, 0.37600693106651306, 0.369555801153183, 0.36740395426750183, 0.36621013283729553]}, "num_train": 24565, "dev": {"loss_history": [0.7930452227592468, 0.43296295404434204, 0.4292680025100708, 0.4237363934516907, 0.4217022657394409], "auc_history": [0.49693279481844727, 0.8183765513826546, 0.8224413623104165, 0.8276314110104919, 0.8292688427670828]}, "test": {"loss_history": [0.41919800639152527], "auc_history": [0.8360239572626798]}}