{"train": {"loss_history": [0.4457463026046753, 0.409279465675354]}, "num_train": 27700, "dev": {"loss_history": [0.744427502155304, 0.423868328332901], "auc_history": [0.4606023257733143, 0.8294230647986258]}, "test": {"loss_history": [0.42377224564552307], "auc_history": [0.8299135229104013]}}