{"train": {"loss_history": [0.4292824864387512, 0.393339604139328]}, "num_train": 26188, "dev": {"loss_history": [0.7707080245018005, 0.42506927251815796], "auc_history": [0.7164491155715684, 0.8270874371642932]}, "test": {"loss_history": [0.4245051443576813], "auc_history": [0.8299033715279099]}}