{"train": {"loss_history": [0.4126667082309723, 0.3779626488685608, 0.37451866269111633, 0.3729505240917206]}, "num_train": 25047, "dev": {"loss_history": [0.6182830929756165, 0.42517340183258057, 0.42408981919288635, 0.4189300835132599], "auc_history": [0.3147962552045931, 0.8249934902540903, 0.8253151332114421, 0.8310027674108793]}, "test": {"loss_history": [0.41712331771850586], "auc_history": [0.8355425913941654]}}