{"train": {"loss_history": [0.435945987701416, 0.4049193859100342, 0.40228864550590515]}, "num_train": 27269, "dev": {"loss_history": [0.7617076635360718, 0.42460355162620544, 0.42122483253479004], "auc_history": [0.296114565889649, 0.8285317550018684, 0.8303466670357231]}, "test": {"loss_history": [0.4202870726585388], "auc_history": [0.8357396551067798]}}