{"train": {"loss_history": [0.4311148226261139, 0.3789438307285309, 0.3741874098777771]}, "num_train": 24990, "dev": {"loss_history": [0.6908707022666931, 0.43417051434516907, 0.42318713665008545], "auc_history": [0.4465394165114835, 0.8195581727809582, 0.8283456890361014]}, "test": {"loss_history": [0.42433983087539673], "auc_history": [0.8297646782646212]}}