{"train": {"loss_history": [0.4404483139514923, 0.3924773931503296, 0.38787558674812317, 0.386672705411911, 0.3856702744960785]}, "num_train": 26204, "dev": {"loss_history": [0.6925837397575378, 0.42772728204727173, 0.4261671006679535, 0.4228914976119995, 0.420309454202652], "auc_history": [0.45187728001287597, 0.8232730207937686, 0.8250603817376512, 0.8296632077875015, 0.8305764303116323]}, "test": {"loss_history": [0.4178858995437622], "auc_history": [0.8351173753600569]}}