{"train": {"loss_history": [0.47732052206993103, 0.4478324055671692, 0.4452534317970276]}, "dev": {"loss_history": [0.7049177885055542, 0.4485471248626709, 0.4273153245449066], "auc_history": [0.7557117485734274, 0.8193497330164223, 0.825653529772408]}, "test": {"loss_history": [0.44455158710479736], "auc_history": [0.7957219163244555]}}