{"train": {"loss_history": [0.46541932225227356, 0.43242260813713074, 0.4302527606487274]}, "dev": {"loss_history": [0.679722785949707, 0.43222489953041077, 0.41945141553878784], "auc_history": [0.24664523543511263, 0.8313079795940552, 0.8338026207158894]}, "test": {"loss_history": [0.43182438611984253], "auc_history": [0.8254356037104053]}}