{"train": {"loss_history": [0.6673081517219543, 0.6428999900817871, 0.6127597093582153, 0.6053047180175781, 0.6024523377418518, 0.5877376198768616, 0.5889807343482971, 0.5857014060020447]}, "num_train": 4739, "dev": {"loss_history": [0.7016146779060364, 0.6991446614265442, 0.5866151452064514, 0.5972008109092712, 0.5759285092353821, 0.5729720592498779, 0.5258426070213318, 0.5146457552909851], "auc_history": [0.6452879169288861, 0.582960981749528, 0.7518801132787917, 0.798324417872876, 0.81323159219635, 0.8129405286343613, 0.8177312775330396, 0.8237334801762115]}, "test": {"loss_history": [0.5326347947120667], "auc_history": [0.787904468412943]}}