{"train": {"loss_history": [0.6626719832420349, 0.6525962948799133, 0.6007193922996521, 0.5718923211097717, 0.5547692775726318, 0.5447364449501038, 0.5404242873191833, 0.5380691289901733, 0.5377560257911682, 0.5370790958404541]}, "num_train": 2797, "dev": {"loss_history": [0.6920576095581055, 0.7196198105812073, 0.6368117332458496, 0.583459734916687, 0.5341066718101501, 0.5296799540519714, 0.5222342014312744, 0.5187782049179077, 0.5177896022796631, 0.5155567526817322], "auc_history": [0.6520217117684078, 0.3772734424166142, 0.6846994965387035, 0.7958857772183763, 0.8251494650723725, 0.8218769666456891, 0.8211453744493393, 0.8202564505978603, 0.8202092511013217, 0.8209172435494022]}, "test": {"loss_history": [0.5201555490493774], "auc_history": [0.7940164355418593]}}