{"train": {"loss_history": [0.6683328151702881, 0.6937741041183472, 0.6156508922576904, 0.5834448933601379]}, "num_train": 3451, "dev": {"loss_history": [0.6955311298370361, 0.701819658279419, 0.681349515914917, 0.5783067941665649], "auc_history": [0.5442101950912523, 0.6547042164883574, 0.6157252989301447, 0.814875707992448]}, "test": {"loss_history": [0.6198061108589172], "auc_history": [0.7789933230611196]}}