{"train": {"loss_history": [0.6130053400993347, 0.5597866773605347, 0.538444459438324, 0.5294976830482483, 0.524634838104248, 0.5233763456344604, 0.522929310798645]}, "num_train": 2590, "dev": {"loss_history": [0.6939277648925781, 0.6061376333236694, 0.5483320355415344, 0.5358978509902954, 0.5179188251495361, 0.5148085951805115, 0.5143863558769226], "auc_history": [0.693069540591567, 0.8287208936438012, 0.8285635619886721, 0.8265497168030207, 0.8250393329137824, 0.823827879169289, 0.8216724354940215]}, "test": {"loss_history": [0.5108982920646667], "auc_history": [0.7947098099640473]}}