{"train": {"loss_history": [0.6759805083274841, 0.6325000524520874, 0.5992765426635742, 0.574812650680542, 0.5641113519668579, 0.5566372871398926, 0.5516058802604675, 0.5499417185783386]}, "num_train": 3104, "dev": {"loss_history": [0.7306143641471863, 0.6973881721496582, 0.6542763710021973, 0.5568331480026245, 0.5500829219818115, 0.5297653675079346, 0.5259805917739868, 0.523764967918396], "auc_history": [0.5950519194461926, 0.4547435494021397, 0.6994021397105098, 0.8221444304594084, 0.8221286972938955, 0.8240324103209566, 0.8238750786658275, 0.823812146003776]}, "test": {"loss_history": [0.5095109343528748], "auc_history": [0.7900873138161274]}}