{"train": {"loss_history": [0.6744279265403748, 0.617580771446228, 0.5670936703681946, 0.545823872089386, 0.5309808254241943, 0.5208743810653687, 0.5174404382705688, 0.516469419002533]}, "num_train": 2573, "dev": {"loss_history": [0.6917939782142639, 0.666789174079895, 0.5820204019546509, 0.540810227394104, 0.5270192623138428, 0.513914167881012, 0.5124865770339966, 0.5100776553153992], "auc_history": [0.28377123977344243, 0.6827171176840781, 0.8207441787287602, 0.8307504719949654, 0.8267857142857142, 0.8262193203272499, 0.8233873505349276, 0.8240324103209565]}, "test": {"loss_history": [0.4975987672805786], "auc_history": [0.8025851737716144]}}