{"train": {"loss_history": [0.6631889939308167, 0.6203461289405823, 0.5915964841842651, 0.5676319003105164, 0.5566168427467346, 0.5460230708122253, 0.541494607925415]}, "num_train": 2635, "dev": {"loss_history": [0.6987953186035156, 0.6675016283988953, 0.5971519351005554, 0.5653206706047058, 0.5456126928329468, 0.5333443880081177, 0.5305527448654175], "auc_history": [0.4409062303335431, 0.6100141598489616, 0.7214364380113278, 0.8156859660163625, 0.8213027061044682, 0.8228288231592196, 0.8181403398363751]}, "test": {"loss_history": [0.526240885257721], "auc_history": [0.7892997774353707]}}