{"train": {"loss_history": [0.6532044410705566, 0.5698925256729126, 0.5791676044464111, 0.5615101456642151]}, "num_train": 2947, "dev": {"loss_history": [0.6882320642471313, 0.5813803672790527, 0.5741347074508667, 0.5446268916130066], "auc_history": [0.543714600377596, 0.8170311516677156, 0.8254955947136564, 0.8221601636249213]}, "test": {"loss_history": [0.5112580060958862], "auc_history": [0.8004793699708954]}}