{"train": {"loss_history": [0.6501983404159546, 0.6059879064559937, 0.5868818163871765, 0.5664070248603821, 0.553787112236023, 0.5460295677185059, 0.5404969453811646, 0.5369566679000854, 0.5356448888778687, 0.5334968566894531]}, "num_train": 2655, "dev": {"loss_history": [0.6914362907409668, 0.6572562456130981, 0.5904532074928284, 0.5646030902862549, 0.5461468696594238, 0.5337217450141907, 0.5279344320297241, 0.5259953737258911, 0.5227736234664917, 0.5201928615570068], "auc_history": [0.5050031466331026, 0.6133967904342352, 0.7299716803020768, 0.7895138451856514, 0.812641598489616, 0.8192337948395219, 0.8218297671491505, 0.8209172435494021, 0.8216803020767778, 0.8213735053492762]}, "test": {"loss_history": [0.5230240821838379], "auc_history": [0.7925184043828112]}}