{"train": {"loss_history": [0.6649124026298523, 0.6208368539810181, 0.614192545413971, 0.5946252346038818, 0.5770881175994873, 0.5728272199630737]}, "num_train": 3881, "dev": {"loss_history": [0.688805103302002, 0.6319341659545898, 0.5935922861099243, 0.5787591934204102, 0.5691531896591187, 0.5478342771530151], "auc_history": [0.5986941472624292, 0.7993313404657018, 0.8175818124606671, 0.8253854625550661, 0.8149543738200126, 0.8152847702957835]}, "test": {"loss_history": [0.5103694200515747], "auc_history": [0.7887005649717513]}}