{"train": {"loss_history": [0.48621243238449097, 0.44718798995018005, 0.444376140832901, 0.4439246654510498]}, "dev": {"loss_history": [0.7737756371498108, 0.45929956436157227, 0.4562077522277832, 0.4525936245918274], "auc_history": [0.47065694537590563, 0.790017094159909, 0.7953609179199305, 0.7989027281033609]}, "test": {"loss_history": [0.43877166509628296], "auc_history": [0.8044701540567905]}}