{"train": {"loss_history": [0.483055055141449, 0.45981165766716003, 0.4560585916042328]}, "num_train": 36929, "dev": {"loss_history": [0.6816560626029968, 0.5075592994689941, 0.47840452194213867], "auc_history": [0.5729697525370876, 0.8212046072505228, 0.8180832863739893]}, "test": {"loss_history": [0.5145690441131592], "auc_history": [0.8227040431128466]}}