{"train": {"loss_history": [0.5017409920692444]}, "num_train": 35941, "dev": {"loss_history": [0.6886566877365112], "auc_history": [0.5816632614727066]}, "test": {"loss_history": [0.8417844772338867], "auc_history": [0.7991494177027622]}}