{"train": {"loss_history": [0.625913143157959, 0.4861735999584198, 0.4556516706943512, 0.4465538263320923]}, "num_train": 1698, "dev": {"loss_history": [0.6970388293266296, 0.618632972240448, 0.5895059704780579, 0.5244859457015991], "auc_history": [0.6079287658802178, 0.7647945294270158, 0.8086838864402385, 0.8075981980814104]}, "test": {"loss_history": [0.5057069063186646], "auc_history": [0.8104330969580489]}}