{"train": {"loss_history": [0.63241046667099, 0.5170068740844727, 0.4848657548427582, 0.4821050465106964, 0.47940075397491455, 0.47587817907333374, 0.4750812351703644, 0.4740372896194458, 0.4717254340648651, 0.47048529982566833]}, "num_train": 1990, "dev": {"loss_history": [0.7129331827163696, 0.6447235941886902, 0.5942414999008179, 0.5680064558982849, 0.5465096831321716, 0.5281630158424377, 0.5275362133979797, 0.5269801616668701, 0.5181694030761719, 0.5181376934051514], "auc_history": [0.5405755768732176, 0.7776202359346642, 0.808894542390459, 0.8095103059372569, 0.8105797899922219, 0.8128159839253305, 0.8141771454498314, 0.8149549520352606, 0.8164619522945294, 0.8171749416645061]}, "test": {"loss_history": [0.5024586915969849], "auc_history": [0.814641460666711]}}