{"train": {"loss_history": [0.6101871132850647, 0.49559465050697327, 0.4787440001964569, 0.47547459602355957, 0.4705149829387665, 0.4693523347377777, 0.4675202965736389, 0.46645501255989075, 0.4659074544906616, 0.4648122191429138]}, "num_train": 1924, "dev": {"loss_history": [0.6845352649688721, 0.6018483638763428, 0.5653441548347473, 0.548642635345459, 0.519882082939148, 0.5136817693710327, 0.5099603533744812, 0.5072324275970459, 0.5049824714660645, 0.5035444498062134], "auc_history": [0.5991136245786881, 0.7816875162043039, 0.8117951127819549, 0.8141447368421052, 0.8153600596318383, 0.816850855587244, 0.8185198988851439, 0.8202051464869069, 0.8223603189007, 0.8226844049779621]}, "test": {"loss_history": [0.4952298402786255], "auc_history": [0.8164639803830603]}}