{"train": {"loss_history": [0.6545517444610596, 0.5898285508155823, 0.5206748247146606, 0.4807116687297821]}, "num_train": 1862, "dev": {"loss_history": [0.7197301983833313, 0.660580039024353, 0.5898568034172058, 0.538504958152771], "auc_history": [0.6060328623282345, 0.7299471739694063, 0.7817685377236194, 0.8117059891107077]}, "test": {"loss_history": [0.5204259157180786], "auc_history": [0.8130840347272849]}}