{"train": {"loss_history": [0.63417649269104, 0.5541749000549316, 0.5038427710533142, 0.48538410663604736, 0.4725368618965149, 0.46375614404678345, 0.4576475918292999, 0.4543913006782532]}, "num_train": 1657, "dev": {"loss_history": [0.7083787322044373, 0.6445537209510803, 0.5628452897071838, 0.541259765625, 0.5338392853736877, 0.5275577306747437, 0.5239412784576416, 0.521321177482605], "auc_history": [0.36105619652579723, 0.765353577910293, 0.7951613948664766, 0.8140151024112003, 0.817377495462795, 0.8158218822919368, 0.812370365569095, 0.8114710267046927]}, "test": {"loss_history": [0.5145375728607178], "auc_history": [0.8124461528265623]}}