{"train": {"loss_history": [0.6298795342445374, 0.5259888768196106, 0.47388577461242676, 0.4621577560901642, 0.45776212215423584, 0.45564383268356323, 0.45286422967910767, 0.4509120285511017, 0.4493759274482727, 0.44865429401397705]}, "num_train": 1728, "dev": {"loss_history": [0.6764307618141174, 0.6455057859420776, 0.5738189220428467, 0.5386018753051758, 0.531436026096344, 0.5275912284851074, 0.5245091319084167, 0.5213557481765747, 0.5194152593612671, 0.518651008605957], "auc_history": [0.36410260565206115, 0.7268035390199636, 0.7922689266269121, 0.7958662820845217, 0.7993340031112263, 0.8032392403422349, 0.8048596707285456, 0.8068203914959813, 0.8084732304900182, 0.8099154135338347]}, "test": {"loss_history": [0.5014877319335938], "auc_history": [0.8130840347272846]}}