{"train": {"loss_history": [0.6193196177482605, 0.538293182849884, 0.48258933424949646, 0.46472418308258057, 0.45662838220596313, 0.4504769742488861, 0.44634339213371277, 0.44327083230018616, 0.44100338220596313, 0.4387476444244385]}, "num_train": 1561, "dev": {"loss_history": [0.687696099281311, 0.6479460000991821, 0.5620362162590027, 0.5331693887710571, 0.5301529169082642, 0.5291854739189148, 0.5272981524467468, 0.5261521935462952, 0.5256124138832092, 0.525120735168457], "auc_history": [0.31518181228934405, 0.7541239953331604, 0.7999659709618875, 0.8107580373347161, 0.8101827845475759, 0.8093968758102152, 0.8095427145449832, 0.8095751231527093, 0.8098019834067929, 0.8092834456831735]}, "test": {"loss_history": [0.5189245939254761], "auc_history": [0.8074425077871297]}}