{"train": {"loss_history": [0.6302120089530945, 0.512199342250824, 0.4470501244068146, 0.43236756324768066, 0.42801615595817566, 0.4258491098880768]}, "num_train": 1561, "dev": {"loss_history": [0.7489378452301025, 0.619120717048645, 0.5647457242012024, 0.5353827476501465, 0.5295506715774536, 0.5254878997802734], "auc_history": [0.5954676562094892, 0.7646081799325901, 0.7837130541871922, 0.797454303863106, 0.801894283121597, 0.8058967461757842]}, "test": {"loss_history": [0.5143460631370544], "auc_history": [0.8056945456955399]}}