{"train": {"loss_history": [0.6122464537620544, 0.49716833233833313, 0.45882517099380493, 0.44888654351234436]}, "num_train": 1698, "dev": {"loss_history": [0.6831281185150146, 0.5950533747673035, 0.54848313331604, 0.5180343985557556], "auc_history": [0.6923369847031371, 0.7792406663209748, 0.8127835753176044, 0.8119895644283122]}, "test": {"loss_history": [0.5053805112838745], "auc_history": [0.8090247862681423]}}