{"train": {"loss_history": [0.6292210221290588, 0.5036193132400513, 0.48145872354507446, 0.4657403826713562]}, "num_train": 1824, "dev": {"loss_history": [0.6939958333969116, 0.6077172160148621, 0.6240196824073792, 0.517378568649292], "auc_history": [0.3861647653616801, 0.7747520741508945, 0.8057671117448795, 0.8129456183562354]}, "test": {"loss_history": [0.504773736000061], "auc_history": [0.813431970309497]}}