{"train": {"loss_history": [0.6365593671798706, 0.5455169081687927, 0.4905664026737213, 0.473835289478302, 0.4647437334060669, 0.45886605978012085, 0.4551028609275818, 0.4523477554321289, 0.4499950706958771, 0.4479789137840271]}, "num_train": 1663, "dev": {"loss_history": [0.7234323024749756, 0.6530908942222595, 0.5487074851989746, 0.5324647426605225, 0.5274043679237366, 0.5236221551895142, 0.5225000381469727, 0.5220317244529724, 0.5214720368385315, 0.5212808847427368], "auc_history": [0.5688520871143375, 0.7993826160228157, 0.8091538112522687, 0.8167536297640654, 0.8143067798807364, 0.812354161265232, 0.8122002203785326, 0.8117627041742287, 0.8119409515167229, 0.8103529297381384]}, "test": {"loss_history": [0.5137900114059448], "auc_history": [0.808618861422228]}}