{"train": {"loss_history": [0.6195813417434692, 0.5229969024658203, 0.46863406896591187, 0.4517658054828644]}, "num_train": 1698, "dev": {"loss_history": [0.6846896409988403, 0.618565022945404, 0.575494110584259, 0.5138307809829712], "auc_history": [0.6265475110189267, 0.7665040834845736, 0.8087324993518279, 0.8171749416645061]}, "test": {"loss_history": [0.5008809566497803], "auc_history": [0.8150391013320962]}}