{"train": {"loss_history": [0.6452953219413757, 0.5254687070846558, 0.4774911403656006, 0.46391186118125916, 0.4610413908958435, 0.45973849296569824, 0.4588412940502167, 0.45806458592414856, 0.457633912563324, 0.45690128207206726]}, "num_train": 1809, "dev": {"loss_history": [0.742973268032074, 0.6109589338302612, 0.5617253184318542, 0.5248575210571289, 0.52101731300354, 0.5149173140525818, 0.5144377946853638, 0.5137490034103394, 0.5129760503768921, 0.5124197602272034], "auc_history": [0.671984379051076, 0.7837616670987814, 0.8103043168265491, 0.8119247472128597, 0.8135451775991702, 0.8143229841845994, 0.8140799196266528, 0.8146794788695878, 0.8150035649468499, 0.8149873606429868]}, "test": {"loss_history": [0.5016374588012695], "auc_history": [0.8141941149181523]}}