{"train": {"loss_history": [0.6265178322792053, 0.5373554229736328, 0.4974188208580017, 0.48047682642936707, 0.47008463740348816, 0.46372610330581665, 0.4590966999530792]}, "num_train": 1663, "dev": {"loss_history": [0.695084273815155, 0.6401004195213318, 0.5531671643257141, 0.5384035110473633, 0.5294714570045471, 0.5258450508117676, 0.5202505588531494], "auc_history": [0.3718968758102152, 0.7685944386829142, 0.8048191599688876, 0.813788242157117, 0.8134641560798548, 0.8129942312678248, 0.812791677469536]}, "test": {"loss_history": [0.5146166086196899], "auc_history": [0.8071939823712638]}}