{"train": {"loss_history": [0.6104910969734192, 0.4966491460800171, 0.4558525085449219, 0.44387972354888916]}, "num_train": 1663, "dev": {"loss_history": [0.6800855398178101, 0.6059616804122925, 0.5639102458953857, 0.519393801689148], "auc_history": [0.2866136245786881, 0.7785114726471352, 0.8105311770806326, 0.8067555742805288]}, "test": {"loss_history": [0.5079050064086914], "auc_history": [0.8055288620849627]}}