{"train": {"loss_history": [0.6158968806266785, 0.5339192152023315, 0.501667320728302, 0.48646411299705505, 0.4781862199306488, 0.471915602684021, 0.4670660197734833, 0.4623424708843231, 0.45519691705703735, 0.4496665596961975]}, "num_train": 1728, "dev": {"loss_history": [0.699358344078064, 0.6146424412727356, 0.5572340488433838, 0.5374414920806885, 0.5284203886985779, 0.5230116248130798, 0.519790530204773, 0.518186628818512, 0.5130012631416321, 0.5126082897186279], "auc_history": [0.5364677858439202, 0.7872861031890069, 0.7970816048742546, 0.8135775862068966, 0.8155140005185377, 0.8162918071039666, 0.8174180062224525, 0.8170615115374644, 0.8178393181228935, 0.8210315659839253]}, "test": {"loss_history": [0.5024932622909546], "auc_history": [0.8143100934455563]}}