{"train": {"loss_history": [0.6343386173248291, 0.5396597385406494, 0.5108010768890381, 0.4918038547039032, 0.47973549365997314, 0.4716171622276306, 0.46581441164016724, 0.46161022782325745, 0.4583568572998047, 0.4558775722980499]}, "num_train": 1698, "dev": {"loss_history": [0.709895670413971, 0.6250050067901611, 0.5720850825309753, 0.5488219261169434, 0.5368417501449585, 0.5300573706626892, 0.5262318849563599, 0.5240992307662964, 0.5219296813011169, 0.5219112634658813], "auc_history": [0.7347274436090228, 0.7857385921700804, 0.7796862846772104, 0.8088459294788697, 0.8117951127819549, 0.8104582577132486, 0.809145709100337, 0.8087081928960331, 0.8079303863106042, 0.8072741120041482]}, "test": {"loss_history": [0.5088977813720703], "auc_history": [0.8075170654118895]}}