{"train": {"loss_history": [0.6303980350494385, 0.557589590549469, 0.5268634557723999, 0.5092467069625854, 0.4997067153453827, 0.4932285249233246, 0.4880801737308502, 0.4842921197414398, 0.48220422863960266, 0.4805135428905487]}, "num_train": 1916, "dev": {"loss_history": [0.6975853443145752, 0.6158626079559326, 0.5693944096565247, 0.5445230007171631, 0.534039318561554, 0.5269061326980591, 0.5217450261116028, 0.5189065933227539, 0.5170244574546814, 0.5151585340499878], "auc_history": [0.3532457220637802, 0.7760808270676691, 0.7999659709618875, 0.8111712470832253, 0.8124189784806846, 0.8116087632875293, 0.813042844179414, 0.8132372958257714, 0.814331086336531, 0.8152304252009335]}, "test": {"loss_history": [0.5006763339042664], "auc_history": [0.816439127841474]}}