{"train": {"loss_history": [0.6278291344642639, 0.5350645780563354, 0.4931773245334625, 0.48031529784202576, 0.47616487741470337, 0.4740789234638214, 0.4711334705352783, 0.46991434693336487]}, "num_train": 1968, "dev": {"loss_history": [0.7153929471969604, 0.5952011942863464, 0.5857568383216858, 0.5459983944892883, 0.5316216945648193, 0.5272430181503296, 0.5236926674842834, 0.5194263458251953], "auc_history": [0.3645887347679544, 0.7721593855327975, 0.8014729712211563, 0.804762444905367, 0.806463896810993, 0.8085866606170599, 0.8090565854290901, 0.8132372958257713]}, "test": {"loss_history": [0.5016436576843262], "auc_history": [0.8147905759162304]}}