{"train": {"loss_history": [0.4617167115211487, 0.43065744638442993, 0.4279738962650299, 0.4271450936794281]}, "dev": {"loss_history": [0.6483688354492188, 0.4217904806137085, 0.41542959213256836, 0.412814199924469], "auc_history": [0.5366118012167346, 0.8325296998605077, 0.8370090567381783, 0.8380266374954195]}, "test": {"loss_history": [0.425455778837204], "auc_history": [0.831953592384887]}}