{"train": {"loss_history": [0.6043849587440491, 0.5236098170280457, 0.45502686500549316, 0.4553886353969574]}, "num_train": 1803, "dev": {"loss_history": [0.6881471872329712, 0.6728472113609314, 0.5687116384506226, 0.550995945930481], "auc_history": [0.6355459156007782, 0.7435169532072343, 0.7953494306401709, 0.8010749258396861]}, "test": {"loss_history": [0.5585631728172302], "auc_history": [0.7964670113484863]}}