{"train": {"loss_history": [0.6336666941642761, 0.5517197847366333, 0.4836355149745941, 0.44752946496009827, 0.4449283480644226]}, "num_train": 1765, "dev": {"loss_history": [0.7462613582611084, 0.6777843832969666, 0.6340893507003784, 0.5664756894111633, 0.5478483438491821], "auc_history": [0.22978533380115468, 0.7417945201110013, 0.77724793467513, 0.8054926477624319, 0.803259864119167]}, "test": {"loss_history": [0.5542425513267517], "auc_history": [0.8023038402757454]}}