{"train": {"loss_history": [0.6023796796798706, 0.5485536456108093, 0.48390495777130127, 0.45216530561447144]}, "num_train": 1740, "dev": {"loss_history": [0.6866159439086914, 0.6850758194923401, 0.6342987418174744, 0.5443767309188843], "auc_history": [0.5240502695288826, 0.7174890753086026, 0.7703422538356033, 0.8040413383943095]}, "test": {"loss_history": [0.5907929539680481], "auc_history": [0.7953126524241537]}}