{"train": {"loss_history": [0.607984721660614, 0.5176038146018982, 0.46941861510276794, 0.453250914812088]}, "num_train": 1794, "dev": {"loss_history": [0.704784631729126, 0.6664236783981323, 0.6099872589111328, 0.557155191898346], "auc_history": [0.5566728334024433, 0.7877739147076648, 0.8045676373959364, 0.8015693279321233]}, "test": {"loss_history": [0.5716372132301331], "auc_history": [0.7959304783273178]}}