{"train": {"loss_history": [0.6524786949157715, 0.6206431984901428, 0.6204583644866943, 0.620486319065094, 0.6204960346221924, 0.6205013394355774, 0.6205043196678162, 0.6205057501792908]}, "num_train": 1834, "dev": {"loss_history": [0.7264658212661743, 0.7138427495956421, 0.7082722187042236, 0.7086555361747742, 0.7086429595947266, 0.7086309790611267, 0.7086256742477417, 0.7086246013641357], "auc_history": [0.5220088673407547, 0.5, 0.5, 0.5, 0.5, 0.5, 0.5, 0.5]}, "test": {"loss_history": [0.6882707476615906], "auc_history": [0.5]}}