{"train": {"loss_history": [0.5881781578063965, 0.5305518507957458, 0.48841428756713867, 0.4546653628349304, 0.4440079629421234, 0.44228753447532654, 0.44015082716941833, 0.4386289119720459]}, "num_train": 1741, "dev": {"loss_history": [0.6845020055770874, 0.6765212416648865, 0.6520889401435852, 0.5847413539886475, 0.5742664933204651, 0.5637914538383484, 0.561553955078125, 0.5508294105529785], "auc_history": [0.3446301553379478, 0.7520653248700201, 0.7940576058179962, 0.802924946572677, 0.8011387196580654, 0.8017926062964499, 0.801011132021307, 0.8004210392013015]}, "test": {"loss_history": [0.5462979674339294], "auc_history": [0.8052466426039736]}}