{"train": {"loss_history": [0.6205052137374878, 0.5187873244285583, 0.4714174270629883, 0.4657893180847168]}, "num_train": 2029, "dev": {"loss_history": [0.681318461894989, 0.6127240657806396, 0.5307350158691406, 0.5439386963844299], "auc_history": [0.4884214219642117, 0.7691461197409972, 0.8037702146661988, 0.8035150393926829]}, "test": {"loss_history": [0.5472036004066467], "auc_history": [0.8017510486781778]}}