{"train": {"loss_history": [0.5899072885513306, 0.48750942945480347, 0.4493291676044464, 0.4460003077983856, 0.4436844289302826, 0.4429548680782318, 0.4430193603038788, 0.44145137071609497]}, "num_train": 1763, "dev": {"loss_history": [0.690075159072876, 0.6579623222351074, 0.5517158508300781, 0.6002709865570068, 0.5823354721069336, 0.5801681876182556, 0.5723785758018494, 0.5643256902694702], "auc_history": [0.28463206915249917, 0.7664827278236739, 0.8013301011132021, 0.8000542247456223, 0.7992886989250741, 0.7994481834710218, 0.799049472106153, 0.7985231731045263]}, "test": {"loss_history": [0.5596814155578613], "auc_history": [0.803409423470881]}}