{"train": {"loss_history": [0.6256836652755737, 0.5257058143615723, 0.5061705708503723, 0.4993608295917511]}, "num_train": 2363, "dev": {"loss_history": [0.7220413684844971, 0.580736517906189, 0.5253454446792603, 0.5251647233963013], "auc_history": [0.44441963573729704, 0.7900864406239034, 0.8031641733915984, 0.8022232145705084]}, "test": {"loss_history": [0.5274544358253479], "auc_history": [0.8018811172893702]}}