{"train": {"loss_history": [0.6055611371994019, 0.5419970154762268, 0.4847024381160736, 0.4531285762786865, 0.44654104113578796, 0.44411224126815796, 0.44103115797042847, 0.440538227558136, 0.4397125840187073, 0.43938273191452026]}, "num_train": 1763, "dev": {"loss_history": [0.6979830861091614, 0.6658297181129456, 0.6424163579940796, 0.6054769158363342, 0.5847100019454956, 0.5762370228767395, 0.5704768300056458, 0.5647498965263367, 0.5566299557685852, 0.5557399392127991], "auc_history": [0.35533156837102486, 0.7335491690855156, 0.7667379030971899, 0.7888424611655132, 0.7946317501834073, 0.7966412554623458, 0.7991611112883162, 0.7992408535612898, 0.7998309463812956, 0.7998628432904852]}, "test": {"loss_history": [0.552889347076416], "auc_history": [0.7984342990927714]}}