{"train": {"loss_history": [0.6028295159339905, 0.5374451875686646, 0.5049139857292175, 0.4855382740497589, 0.4753935635089874, 0.4687427878379822, 0.46423864364624023, 0.4611299932003021, 0.4589131772518158, 0.45711034536361694]}, "num_train": 1772, "dev": {"loss_history": [0.6900619268417358, 0.6814876794815063, 0.6323252320289612, 0.6056837439537048, 0.5877668261528015, 0.5795481204986572, 0.5722303986549377, 0.5686595439910889, 0.5651812553405762, 0.5627579689025879], "auc_history": [0.33083474211348923, 0.7704219961085771, 0.7850786258811521, 0.8000940958821091, 0.8043204363497177, 0.8017686836145579, 0.800110044336704, 0.7990175751969636, 0.7983955854677682, 0.7974944977831648]}, "test": {"loss_history": [0.5490347743034363], "auc_history": [0.7927031509121061]}}