{"train": {"loss_history": [0.6264391541481018, 0.5456588268280029, 0.4804036617279053, 0.4639611542224884]}, "num_train": 1879, "dev": {"loss_history": [0.6905715465545654, 0.6587069034576416, 0.5847856998443604, 0.5389478206634521], "auc_history": [0.5131495008133713, 0.7659245319128576, 0.8019361423878026, 0.8015055341137445]}, "test": {"loss_history": [0.5606511831283569], "auc_history": [0.7939306734302345]}}