{"train": {"loss_history": [0.6055653691291809, 0.5479488968849182, 0.5111148953437805, 0.47992900013923645, 0.45312127470970154]}, "num_train": 1803, "dev": {"loss_history": [0.682998538017273, 0.6776940822601318, 0.6471142768859863, 0.6131806969642639, 0.5513129234313965], "auc_history": [0.3417275366017033, 0.7739625530286115, 0.7933000542247457, 0.803881853848362, 0.8024783898440241]}, "test": {"loss_history": [0.5585869550704956], "auc_history": [0.7984505576691705]}}