{"train": {"loss_history": [0.6140713691711426, 0.540758490562439, 0.4900366961956024, 0.4533991813659668]}, "num_train": 1747, "dev": {"loss_history": [0.6882115602493286, 0.6652540564537048, 0.6289809346199036, 0.5549086928367615], "auc_history": [0.5942713151095658, 0.7780453574048674, 0.7952537399126025, 0.8049344518516156]}, "test": {"loss_history": [0.5686285495758057], "auc_history": [0.7978977660716028]}}