{"train": {"loss_history": [0.5990704894065857, 0.5300236344337463, 0.49085214734077454, 0.4621897041797638, 0.44489604234695435, 0.442008376121521, 0.44056159257888794, 0.4398057758808136]}, "num_train": 1741, "dev": {"loss_history": [0.7035813927650452, 0.6750617027282715, 0.6405035853385925, 0.6024524569511414, 0.572982907295227, 0.5629031658172607, 0.556277871131897, 0.5544636249542236], "auc_history": [0.617819208318714, 0.7589231603457625, 0.7876303786163121, 0.8035309878472776, 0.8009792351121177, 0.8013938949315811, 0.8007559567477913, 0.8012344103856337]}, "test": {"loss_history": [0.552186906337738], "auc_history": [0.80342568204728]}}