{"train": {"loss_history": [0.65810227394104, 0.6246698498725891, 0.6203275918960571, 0.6200567483901978]}, "num_train": 1834, "dev": {"loss_history": [0.7112460136413574, 0.6835384368896484, 0.697674036026001, 0.7054290771484375], "auc_history": [0.551051003157794, 0.5, 0.5, 0.5]}, "test": {"loss_history": [0.6876319646835327], "auc_history": [0.5]}}