{"train": {"loss_history": [0.596503496170044, 0.5196272730827332, 0.46540528535842896, 0.4599224328994751]}, "num_train": 1834, "dev": {"loss_history": [0.6800456047058105, 0.6473841667175293, 0.5403951406478882, 0.5300318598747253], "auc_history": [0.5683072310293132, 0.7570093457943925, 0.8001499154731907, 0.7996395649261587]}, "test": {"loss_history": [0.5432508587837219], "auc_history": [0.797296198744838]}}