{"train": {"loss_history": [0.6239235997200012, 0.5404273271560669, 0.4960405230522156, 0.4772578179836273, 0.4613399803638458, 0.44691458344459534, 0.44104480743408203, 0.4396747648715973]}, "num_train": 1762, "dev": {"loss_history": [0.7255733013153076, 0.6800517439842224, 0.6288963556289673, 0.6098358035087585, 0.5908849239349365, 0.5656978487968445, 0.5573616027832031, 0.551352322101593], "auc_history": [0.37027527032630536, 0.7705974291091193, 0.7937625594079933, 0.8060667921278428, 0.8050301425791841, 0.8027973589359191, 0.8006602660202227, 0.8007559567477912]}, "test": {"loss_history": [0.54841548204422], "auc_history": [0.8016453679315838]}}