{"train": {"loss_history": [0.5871060490608215, 0.5300620198249817, 0.4926956295967102, 0.46603721380233765, 0.4468614161014557]}, "num_train": 1762, "dev": {"loss_history": [0.6987501382827759, 0.6737470626831055, 0.6387524604797363, 0.6143693923950195, 0.5637667775154114], "auc_history": [0.2927657809958215, 0.7439794583904821, 0.7904532550795826, 0.8064894261746036, 0.8036266785748463]}, "test": {"loss_history": [0.5710523128509521], "auc_history": [0.7991984521835268]}}