{"train": {"loss_history": [0.5800667405128479, 0.5184545516967773, 0.48048338294029236, 0.4567241370677948, 0.44583189487457275, 0.4464973509311676]}, "num_train": 1746, "dev": {"loss_history": [0.6845141649246216, 0.6522026658058167, 0.6112556457519531, 0.5903003811836243, 0.5589754581451416, 0.5533504486083984], "auc_history": [0.4015023444228254, 0.7796003317278555, 0.8027814104813245, 0.8026697712991613, 0.8025342094351059, 0.8034034002105196]}, "test": {"loss_history": [0.546415388584137], "auc_history": [0.8052710304685722]}}