{"train": {"loss_history": [0.6654449701309204, 0.5836700201034546, 0.539516031742096, 0.5294368267059326, 0.5251386761665344, 0.5235915780067444, 0.5212932229042053, 0.518963098526001]}, "dev": {"loss_history": [0.6813803315162659, 0.6477159261703491, 0.5914244055747986, 0.5602288246154785, 0.5414035320281982, 0.5338167548179626, 0.5292723774909973, 0.5278276801109314], "auc_history": [0.448591845994296, 0.7502835753176044, 0.7814930645579465, 0.798126782473425, 0.8035876328752916, 0.8049325900959294, 0.8068203914959814, 0.8077683432719731]}, "test": {"loss_history": [0.5063867568969727], "auc_history": [0.8126698257008418]}}