{"train": {"loss_history": [0.46120357513427734, 0.42816460132598877, 0.4254637062549591, 0.4242277443408966, 0.4235774278640747]}, "dev": {"loss_history": [0.6868197321891785, 0.4359531104564667, 0.4276610016822815, 0.4260846972465515, 0.4245966374874115], "auc_history": [0.5938897060007762, 0.8141353963344783, 0.8204293586713639, 0.8210940377732555, 0.8236056610527529]}, "test": {"loss_history": [0.4139058589935303], "auc_history": [0.8370423583972814]}}