{"train": {"loss_history": [0.6486083269119263, 0.5600713491439819, 0.5209764242172241, 0.5144630670547485, 0.512678325176239, 0.5127670168876648, 0.5124634504318237, 0.5112616419792175, 0.5105252861976624, 0.5098012685775757]}, "dev": {"loss_history": [0.6813803315162659, 0.6256229877471924, 0.5546795129776001, 0.5379377603530884, 0.5341037511825562, 0.5297136902809143, 0.5230609774589539, 0.517021656036377, 0.5152229070663452, 0.513774573802948], "auc_history": [0.448591845994296, 0.744271778584392, 0.8020401218563651, 0.8091538112522687, 0.8108876717656209, 0.8104663598651802, 0.8112765750583355, 0.8117464998703656, 0.8124918978480684, 0.8127349624060152]}, "test": {"loss_history": [0.5042028427124023], "auc_history": [0.8084780303532375]}}