{"train": {"loss_history": [0.41203203797340393, 0.3673672378063202, 0.36314836144447327, 0.3618481755256653, 0.3612687885761261, 0.36085036396980286, 0.360332190990448]}, "num_train": 24242, "dev": {"loss_history": [0.700789213180542, 0.42879781126976013, 0.42402228713035583, 0.4239598512649536, 0.421983003616333, 0.4214684069156647, 0.4205465018749237], "auc_history": [0.6307258212915849, 0.8230807398146824, 0.826113345953014, 0.82655268972962, 0.8280121927028311, 0.8284140541826142, 0.8291422358978144]}, "test": {"loss_history": [0.418853223323822], "auc_history": [0.8331483878335681]}}