{"train": {"loss_history": [0.4130953550338745, 0.3695620894432068, 0.36732280254364014, 0.366495281457901, 0.3661119341850281, 0.365717351436615]}, "num_train": 24649, "dev": {"loss_history": [0.8247709274291992, 0.4289270043373108, 0.43556687235832214, 0.43504372239112854, 0.4324829578399658, 0.43023818731307983], "auc_history": [0.7475591656453542, 0.8232085640576938, 0.8248192776642418, 0.8226912442892357, 0.8226144856711266, 0.8249180130820264]}, "test": {"loss_history": [0.4346815347671509], "auc_history": [0.823852386209347]}}