{"train": {"loss_history": [0.4161074459552765, 0.383040189743042, 0.3760876953601837, 0.3735395073890686, 0.3723464012145996, 0.37183868885040283]}, "num_train": 25176, "dev": {"loss_history": [0.6933827996253967, 0.43107205629348755, 0.4265769124031067, 0.4243701100349426, 0.42404860258102417, 0.423029363155365], "auc_history": [0.6700799904250352, 0.8196751047325852, 0.82413043634263, 0.8260549120133516, 0.8272469131246217, 0.8289015162582185]}, "test": {"loss_history": [0.42154499888420105], "auc_history": [0.8324921644016394]}}