{"train": {"loss_history": [0.42380663752555847, 0.3849445879459381, 0.3825267255306244, 0.3813968002796173, 0.3809250295162201, 0.3802320957183838]}, "num_train": 25916, "dev": {"loss_history": [0.6402394771575928, 0.42853033542633057, 0.42659786343574524, 0.4241713583469391, 0.4230515956878662, 0.42153286933898926], "auc_history": [0.39999044041250265, 0.8228674431204545, 0.8258618621666383, 0.8296538532313712, 0.8289284266251683, 0.8306078898120426]}, "test": {"loss_history": [0.42168012261390686], "auc_history": [0.8326009110865785]}}