{"train": {"loss_history": [0.40234285593032837, 0.36472320556640625, 0.3619063198566437, 0.36088138818740845, 0.3599349558353424, 0.3597218692302704, 0.35958442091941833, 0.35849595069885254]}, "num_train": 24350, "dev": {"loss_history": [0.7422127723693848, 0.4322410523891449, 0.42986631393432617, 0.43217459321022034, 0.4312233328819275, 0.42784637212753296, 0.42707163095474243, 0.42381906509399414], "auc_history": [0.714541811277853, 0.8175525175032714, 0.8254623072897365, 0.8219797213726234, 0.8235696114809364, 0.8265586484537303, 0.8273245687549624, 0.8291465287420658]}, "test": {"loss_history": [0.42092013359069824], "auc_history": [0.8357500602738336]}}