{"train": {"loss_history": [0.4208042025566101, 0.3863316774368286, 0.3791775405406952, 0.3735426068305969, 0.3715611696243286]}, "num_train": 25124, "dev": {"loss_history": [0.6361706852912903, 0.4338342249393463, 0.4292583167552948, 0.42379844188690186, 0.4227491021156311], "auc_history": [0.35008715114553585, 0.8184453009629811, 0.8230551108937779, 0.827014779173529, 0.8280152041010373]}, "test": {"loss_history": [0.4200975298881531], "auc_history": [0.8336433946223051]}}