{"train": {"loss_history": [0.4282941222190857, 0.38819465041160583, 0.3833748698234558, 0.38157573342323303, 0.38091859221458435, 0.38042521476745605]}, "num_train": 25806, "dev": {"loss_history": [0.6387677192687988, 0.42645999789237976, 0.4238971769809723, 0.41884660720825195, 0.41856762766838074, 0.4179754853248596], "auc_history": [0.6190564610253311, 0.8267915512724504, 0.8263117778731173, 0.8309075559697189, 0.8310230783306961, 0.831673988849369]}, "test": {"loss_history": [0.41505685448646545], "auc_history": [0.8370850305175936]}}