{"train": {"loss_history": [0.4046323001384735, 0.3772905170917511, 0.3754537105560303, 0.3736230134963989]}, "num_train": 25308, "dev": {"loss_history": [0.7164525985717773, 0.43305879831314087, 0.42955482006073, 0.4237358868122101], "auc_history": [0.5037799454719079, 0.8191536202644802, 0.8231845369443458, 0.8258312356061573]}, "test": {"loss_history": [0.42574578523635864], "auc_history": [0.8301199766518204]}}