{"train": {"loss_history": [0.4448685646057129, 0.42066991329193115, 0.41871821880340576, 0.41776540875434875, 0.41696980595588684, 0.4165901839733124, 0.4160105288028717, 0.4156622588634491]}, "num_train": 29116, "dev": {"loss_history": [0.6773713231086731, 0.42663344740867615, 0.4308309853076935, 0.4279956817626953, 0.4269893765449524, 0.42464151978492737, 0.4239993095397949, 0.42078837752342224], "auc_history": [0.6164589058193539, 0.8277875552111029, 0.8272602401634921, 0.8288865233394895, 0.8299328240354171, 0.8296206637787997, 0.8306752938740216, 0.8313028180023692]}, "test": {"loss_history": [0.4196386933326721], "auc_history": [0.8368377174616468]}}