{"train": {"loss_history": [0.4275107681751251, 0.38937681913375854, 0.3883272111415863, 0.3867757320404053, 0.3858543932437897]}, "num_train": 26422, "dev": {"loss_history": [0.7488489151000977, 0.42129284143447876, 0.42196333408355713, 0.423373281955719, 0.42088964581489563], "auc_history": [0.5609990742833769, 0.8298716990590598, 0.8303268686943245, 0.8289300284327249, 0.8318255839165195]}, "test": {"loss_history": [0.42268791794776917], "auc_history": [0.8336062151839303]}}