{"train": {"loss_history": [0.3947039842605591, 0.3662854731082916, 0.3634944260120392, 0.36231619119644165, 0.3614121675491333, 0.36106520891189575, 0.3603780269622803, 0.3597516119480133]}, "num_train": 24278, "dev": {"loss_history": [0.6615856289863586, 0.42921051383018494, 0.4216253161430359, 0.4223681092262268, 0.42076539993286133, 0.42065611481666565, 0.4191039502620697, 0.417982816696167], "auc_history": [0.4882171676864414, 0.8219913184593328, 0.8297689911585349, 0.8292195711666439, 0.8300143240038935, 0.8303381454195223, 0.8316617510396371, 0.8327007474931071]}, "test": {"loss_history": [0.4205028712749481], "auc_history": [0.8331797302270103]}}