{"train": {"loss_history": [0.42030054330825806, 0.37116849422454834, 0.36605384945869446, 0.3647328019142151]}, "num_train": 24485, "dev": {"loss_history": [0.7141852378845215, 0.4376823604106903, 0.4274444282054901, 0.42983096837997437], "auc_history": [0.6239330039504418, 0.8136034211533937, 0.823873250121353, 0.8250001537735254]}, "test": {"loss_history": [0.42927226424217224], "auc_history": [0.8275371477153045]}}