{"train": {"loss_history": [0.5466676354408264, 0.5278610587120056]}, "num_train": 55390, "dev": {"loss_history": [0.6815363764762878, 0.674511194229126], "auc_history": [0.3555002355297831, 0.8121840915137005]}, "test": {"loss_history": [0.6726387739181519], "auc_history": [0.8193360995850623]}}