{"train": {"loss_history": [0.5252310633659363, 0.513758659362793, 0.5096023082733154, 0.5080291628837585, 0.506365180015564]}, "num_train": 57640, "dev": {"loss_history": [0.679114043712616, 0.6429920792579651, 0.466491162776947, 0.43802785873413086, 0.4306098222732544], "auc_history": [0.3452287406819651, 0.7639185543648358, 0.8037711419375771, 0.8149492598623931, 0.8229198542637042]}, "test": {"loss_history": [0.4306098222732544], "auc_history": [0.8267002296750288]}}