{"train": {"loss_history": [0.5621391534805298, 0.5567765235900879, 0.5491828322410583, 0.5373589396476746, 0.5342300534248352, 0.5329330563545227, 0.5318068861961365, 0.5316472053527832]}, "num_train": 67482, "dev": {"loss_history": [0.7007733583450317, 0.7789984941482544, 0.7744747996330261, 0.6731487512588501, 0.5574927926063538, 0.5273277163505554, 0.49856653809547424, 0.4703025817871094], "auc_history": [0.3018523046294545, 0.7444540296608627, 0.7326415318713572, 0.7746050455144006, 0.8197129073909194, 0.8144898614551794, 0.8181688930510256, 0.8188888735115363]}, "test": {"loss_history": [0.47466912865638733], "auc_history": [0.8283762229243594]}}