{"train": {"loss_history": [0.5360291600227356, 0.5163699388504028, 0.5136709809303284, 0.5111300349235535, 0.5088297128677368, 0.5075006484985352, 0.5066156387329102, 0.5061275362968445, 0.5054072141647339, 0.5046265125274658]}, "num_train": 54817, "dev": {"loss_history": [0.6664903163909912, 0.5052891969680786, 0.4986684024333954, 0.47797447443008423, 0.4653231203556061, 0.45839545130729675, 0.4506356716156006, 0.44509389996528625, 0.4416709542274475, 0.4411103129386902], "auc_history": [0.693643156232364, 0.8182844154120029, 0.8177613291363413, 0.8170033538005896, 0.8237686841240623, 0.8268090430109676, 0.8281288042929468, 0.8290998200337173, 0.829909758006603, 0.8282085743092622]}, "test": {"loss_history": [0.4373495876789093], "auc_history": [0.8356051492887688]}}