{"train": {"loss_history": [0.49596908688545227, 0.4706783890724182, 0.4693605899810791, 0.46808820962905884, 0.4674051105976105]}, "num_train": 39684, "dev": {"loss_history": [0.722787082195282, 0.452403724193573, 0.43900299072265625, 0.4340476095676422, 0.42858728766441345], "auc_history": [0.3739747790915163, 0.812325947590907, 0.8191441375637455, 0.8262122735877055, 0.8254894739458953]}, "test": {"loss_history": [0.432148814201355], "auc_history": [0.8281875975484411]}}