{"train": {"loss_history": [0.539862334728241, 0.5245815515518188, 0.5177387595176697]}, "num_train": 54063, "dev": {"loss_history": [0.6526143550872803, 0.5403552651405334, 0.4842871427536011], "auc_history": [0.3627419434205691, 0.814535096500576, 0.8276404452051108]}, "test": {"loss_history": [0.49809393286705017], "auc_history": [0.831370055959496]}}