{"train": {"loss_history": [0.5312474370002747, 0.5144641399383545, 0.5127153992652893, 0.5112127661705017, 0.5104952454566956]}, "num_train": 48518, "dev": {"loss_history": [0.667165219783783, 0.6249819993972778, 0.6085675358772278, 0.5370821356773376, 0.5135520696640015], "auc_history": [0.42293671809365935, 0.7522313179262512, 0.8154191661271779, 0.8225112651921836, 0.8247653928580397]}, "test": {"loss_history": [0.5193849205970764], "auc_history": [0.819447130331062]}}