{"train": {"loss_history": [0.48389413952827454, 0.45773768424987793, 0.45542392134666443, 0.45398226380348206, 0.45299577713012695, 0.4521644413471222]}, "num_train": 39493, "dev": {"loss_history": [0.7617076635360718, 0.507140040397644, 0.47565826773643494, 0.47278085350990295, 0.4583243429660797, 0.4528917372226715], "auc_history": [0.296114565889649, 0.825360944907559, 0.8277084899901123, 0.8295012330073847, 0.8301129312770738, 0.8312928227232164]}, "test": {"loss_history": [0.45106038451194763], "auc_history": [0.8360204677249483]}}