{"train": {"loss_history": [0.5327020287513733, 0.5248796343803406, 0.519312858581543, 0.5154290795326233, 0.5125557780265808, 0.511888861656189, 0.510865330696106, 0.510426938533783]}, "num_train": 56603, "dev": {"loss_history": [0.6597357392311096, 0.7993817925453186, 0.7208311557769775, 0.654460608959198, 0.607691764831543, 0.5421648025512695, 0.5172165632247925, 0.5064647793769836], "auc_history": [0.4373167211793814, 0.8159351403772885, 0.8197990205651589, 0.8250266797066617, 0.8232484170297003, 0.8254762109793272, 0.8254224543177299, 0.8270476482645889]}, "test": {"loss_history": [0.5070967674255371], "auc_history": [0.8300295659015062]}}