{"train": {"loss_history": [0.5521804094314575, 0.5337713360786438, 0.5281108021736145, 0.5251385569572449]}, "num_train": 65127, "dev": {"loss_history": [0.7074947953224182, 0.6235337257385254, 0.5102232098579407, 0.4735489785671234], "auc_history": [0.27063390829254486, 0.7377001682794946, 0.7897341178858599, 0.818685059518043]}, "test": {"loss_history": [0.4694346487522125], "auc_history": [0.8327482330249851]}}