{"train": {"loss_history": [0.5752837657928467, 0.5667296051979065, 0.5630817413330078, 0.5588339567184448, 0.5576604008674622, 0.5567241907119751]}, "num_train": 79912, "dev": {"loss_history": [0.5900417566299438, 0.6602613925933838, 0.57589191198349, 0.46690231561660767, 0.4505794048309326, 0.4480712115764618], "auc_history": [0.2422136134676904, 0.7762801517847211, 0.8016478499129386, 0.8044360202181432, 0.8142826516296662, 0.8157536876172844]}, "test": {"loss_history": [0.4468190670013428], "auc_history": [0.8260552996561219]}}