{"train": {"loss_history": [0.6783410310745239, 0.6391847133636475, 0.6214830875396729, 0.6164819598197937, 0.6147323250770569, 0.6121021509170532]}, "num_train": 6438, "dev": {"loss_history": [0.6910918951034546, 0.6697927117347717, 0.6112154722213745, 0.5846738815307617, 0.5802286267280579, 0.5651358366012573], "auc_history": [0.27662594494593473, 0.5773500047845364, 0.7491148607699913, 0.7712034703837198, 0.773228924117253, 0.7857644094287264]}, "test": {"loss_history": [0.5591615438461304], "auc_history": [0.7822244984229181]}}