{"train": {"loss_history": [0.6635370850563049, 0.6302490234375, 0.6022983193397522, 0.5866838693618774, 0.5808234810829163, 0.5780236124992371, 0.5764586925506592, 0.5756016373634338, 0.5747920870780945, 0.5745542645454407]}, "num_train": 4056, "dev": {"loss_history": [0.7326716780662537, 0.6951758861541748, 0.6004303693771362, 0.5528907775878906, 0.5439335107803345, 0.5404818058013916, 0.5384408831596375, 0.5380058288574219, 0.537997841835022, 0.5374454259872437], "auc_history": [0.3566712385569838, 0.5916717170106216, 0.7398807055596314, 0.7929651366782559, 0.794711492456381, 0.795221843003413, 0.7958358585053108, 0.7957401677777424, 0.7954929667315237, 0.7957640904596345]}, "test": {"loss_history": [0.5357357263565063], "auc_history": [0.7937111826488473]}}