{"train": {"loss_history": [0.6574413180351257, 0.563996434211731, 0.5385843515396118, 0.533527672290802, 0.5280529260635376]}, "num_train": 2697, "dev": {"loss_history": [0.681318461894989, 0.6228232383728027, 0.5368149876594543, 0.5315205454826355, 0.5307066440582275], "auc_history": [0.4884214219642117, 0.7990654205607477, 0.794264935727728, 0.795732193550445, 0.7957481420050397]}, "test": {"loss_history": [0.5280094146728516], "auc_history": [0.7997837609338927]}}