{"train": {"loss_history": [0.6664538383483887, 0.5862382650375366, 0.5557509660720825, 0.5518606305122375]}, "num_train": 3239, "dev": {"loss_history": [0.6947307586669922, 0.6303277611732483, 0.5256974697113037, 0.5220146179199219], "auc_history": [0.369055213549807, 0.7872635641606328, 0.8022710599342924, 0.8028452042997034]}, "test": {"loss_history": [0.5289003849029541], "auc_history": [0.7967108899944721]}}