{"train": {"loss_history": [0.6681460738182068, 0.6136237382888794, 0.5992894172668457, 0.5973857045173645, 0.5952235460281372, 0.5934640169143677]}, "num_train": 4936, "dev": {"loss_history": [0.6824769973754883, 0.5794587135314941, 0.5325548648834229, 0.5300948023796082, 0.5280753970146179, 0.5275799036026001], "auc_history": [0.3891901374756786, 0.8014736372045549, 0.8046792765780996, 0.8042327198494466, 0.8042008229402571, 0.8042327198494466]}, "test": {"loss_history": [0.5254771709442139], "auc_history": [0.8030192176373038]}}