{"train": {"loss_history": [0.5007374286651611, 0.49251624941825867, 0.4907684326171875, 0.4897267520427704, 0.4890669584274292, 0.4887772798538208, 0.48838621377944946, 0.48804327845573425]}, "num_train": 147046, "dev": {"loss_history": [0.7132066488265991, 0.5398273468017578, 0.5043405294418335, 0.5076214075088501, 0.49554383754730225, 0.49044033885002136, 0.48558181524276733, 0.4784906804561615], "auc_history": [0.5754004300961288, 0.8335003121190527, 0.8375600229941134, 0.8382923688699626, 0.8384992019835935, 0.8391385727232743, 0.8391860046684579, 0.8387086696671835]}, "test": {"loss_history": [0.4754332900047302], "auc_history": [0.8403053626626729]}}