{"train": {"loss_history": [0.5181359648704529, 0.512917697429657, 0.5114543437957764, 0.5105742812156677]}, "num_train": 162849, "dev": {"loss_history": [0.6564656496047974, 0.5402122139930725, 0.552281379699707, 0.5154645442962646], "auc_history": [0.22390641519334797, 0.8319598506519114, 0.83481380344703, 0.8356465567875355]}, "test": {"loss_history": [0.5132304430007935], "auc_history": [0.8380040194315803]}}