{"train": {"loss_history": [0.5561584830284119, 0.5526444315910339, 0.5508946180343628, 0.5503087639808655]}, "num_train": 240284, "dev": {"loss_history": [0.6601412296295166, 0.5032389760017395, 0.4741975963115692, 0.46985557675361633], "auc_history": [0.6456615051308507, 0.8209431897348063, 0.8296979173672814, 0.8311265484426643]}, "test": {"loss_history": [0.4720504581928253], "auc_history": [0.8347983834668199]}}