{"train": {"loss_history": [0.5686756372451782, 0.564395010471344, 0.5628336071968079, 0.5615949630737305]}, "num_train": 265583, "dev": {"loss_history": [0.7281566262245178, 0.4755924344062805, 0.48624345660209656, 0.49034011363983154], "auc_history": [0.6187056701317977, 0.8263503830561405, 0.8309751607578428, 0.8320849184662588]}, "test": {"loss_history": [0.5396164059638977], "auc_history": [0.8334116084992306]}}