{"train": {"loss_history": [0.47579169273376465, 0.46958059072494507, 0.4677104651927948, 0.46641767024993896]}, "num_train": 131613, "dev": {"loss_history": [0.7316961288452148, 0.4915194511413574, 0.4792577028274536, 0.46989014744758606], "auc_history": [0.427351413741235, 0.8270847016308195, 0.8303958362584809, 0.8325869009026656]}, "test": {"loss_history": [0.4700273871421814], "auc_history": [0.8374110983060006]}}