{"train": {"loss_history": [0.5052489638328552, 0.5008516907691956, 0.4989795982837677, 0.49804508686065674, 0.4975481629371643]}, "num_train": 152675, "dev": {"loss_history": [0.6441640257835388, 0.5552037954330444, 0.5429354906082153, 0.5162736177444458, 0.49054235219955444], "auc_history": [0.44452115477024023, 0.8306444189115011, 0.8348498318369493, 0.8349922955617621, 0.8343338306471568]}, "test": {"loss_history": [0.49020373821258545], "auc_history": [0.8383420711894108]}}