{"train": {"loss_history": [0.5277541279792786, 0.522309422492981, 0.5208884477615356, 0.5200151801109314]}, "num_train": 172983, "dev": {"loss_history": [0.7254158854484558, 0.5357557535171509, 0.5004268884658813, 0.47688615322113037], "auc_history": [0.4971482103934508, 0.8293357447138904, 0.8302183450220421, 0.8304665628387812]}, "test": {"loss_history": [0.5171717405319214], "auc_history": [0.8345217806947811]}}