{"train": {"loss_history": [0.5228323340415955, 0.5184836387634277, 0.5169415473937988, 0.5160502195358276]}, "num_train": 169162, "dev": {"loss_history": [0.6471191048622131, 0.5417238473892212, 0.5139690637588501, 0.49288076162338257], "auc_history": [0.4447650752675974, 0.8326382330445534, 0.8350916343466923, 0.8348684901455201]}, "test": {"loss_history": [0.4910210072994232], "auc_history": [0.832118673490488]}}