{"train": {"loss_history": [0.5343548655509949, 0.5297588109970093, 0.528616189956665, 0.5282772779464722]}, "num_train": 181095, "dev": {"loss_history": [0.6814647316932678, 0.5118272304534912, 0.4823770523071289, 0.46518605947494507], "auc_history": [0.47117703623070945, 0.8272059112207781, 0.8344799588779789, 0.8371336843562024]}, "test": {"loss_history": [0.4647916257381439], "auc_history": [0.8381650587207997]}}