{"train": {"loss_history": [0.4934353232383728, 0.48178598284721375, 0.47971111536026, 0.47899875044822693]}, "num_train": 139183, "dev": {"loss_history": [0.7552357912063599, 0.48212820291519165, 0.47287681698799133, 0.46669644117355347], "auc_history": [0.5816053137313063, 0.8344954240619304, 0.8365054233655773, 0.8374875755488765]}, "test": {"loss_history": [0.4610751271247864], "auc_history": [0.8387094576088584]}}