{"train": {"loss_history": [0.56178879737854, 0.5576586723327637, 0.5555923581123352, 0.5548644065856934, 0.5545315146446228]}, "num_train": 220505, "dev": {"loss_history": [0.6633274555206299, 0.5207261443138123, 0.5486133098602295, 0.5561129450798035, 0.4912221133708954], "auc_history": [0.28637733483596806, 0.8209922198566195, 0.8306621441432115, 0.8227950954690666, 0.8358455991936771]}, "test": {"loss_history": [0.5389156341552734], "auc_history": [0.8177459408050833]}}