{"train": {"loss_history": [0.5873578190803528, 0.5841647982597351, 0.5832043290138245, 0.5824509859085083]}, "num_train": 323319, "dev": {"loss_history": [0.7247177362442017, 0.5266126394271851, 0.4911821782588959, 0.5807061791419983], "auc_history": [0.36984792086970975, 0.7837709605869367, 0.808744055686957, 0.8237823553603012]}, "test": {"loss_history": [0.5750195980072021], "auc_history": [0.8285090873459491]}}