{"train": {"loss_history": [0.5609015822410583, 0.5550711750984192, 0.5534551739692688, 0.552516758441925, 0.5515201091766357]}, "num_train": 211915, "dev": {"loss_history": [0.7150712609291077, 0.5491284728050232, 0.5033406615257263, 0.5015530586242676, 0.4792683720588684], "auc_history": [0.41926944098248176, 0.8220967245683155, 0.8319455929791914, 0.8315897064872101, 0.8301878408345739]}, "test": {"loss_history": [0.47446176409721375], "auc_history": [0.8336227640504712]}}