{"train": {"loss_history": [0.4646610617637634, 0.43364691734313965, 0.430140882730484]}, "dev": {"loss_history": [0.7049177885055542, 0.44766759872436523, 0.4180004298686981], "auc_history": [0.7557117485734274, 0.8275378209707943, 0.8376901790231341]}, "test": {"loss_history": [0.42489370703697205], "auc_history": [0.8256439845396575]}}