{"train": {"loss_history": [0.47889357805252075, 0.43223151564598083, 0.4292052090167999]}, "dev": {"loss_history": [0.7737756371498108, 0.4389239251613617, 0.4353213310241699], "auc_history": [0.47065694537590563, 0.8167313394028741, 0.8191820424229859]}, "test": {"loss_history": [0.4163985848426819], "auc_history": [0.8302479450528779]}}