{"train": {"loss_history": [0.4564172625541687, 0.4342649281024933]}, "dev": {"loss_history": [0.627351701259613, 0.43002286553382874], "auc_history": [0.5972537457949348, 0.8222176218309198]}, "test": {"loss_history": [0.4281790554523468], "auc_history": [0.8304961488192674]}}