{"train": {"loss_history": [0.4111349582672119, 0.37013205885887146, 0.3632737100124359, 0.3606468737125397, 0.3597989082336426]}, "num_train": 24207, "dev": {"loss_history": [0.6297085285186768, 0.43797776103019714, 0.4322029948234558, 0.4316629469394684, 0.4309469759464264], "auc_history": [0.4090887916540397, 0.8179456146466975, 0.8242576939542827, 0.8238779995478351, 0.824825938058481]}, "test": {"loss_history": [0.4204068183898926], "auc_history": [0.8323055010517688]}}