{"train": {"loss_history": [0.4151136875152588, 0.3733106553554535, 0.3686562776565552, 0.36717841029167175, 0.3656696379184723, 0.3646155893802643]}, "num_train": 24559, "dev": {"loss_history": [0.7299672365188599, 0.43499255180358887, 0.4316752851009369, 0.4310615360736847, 0.4294750988483429, 0.4292299151420593], "auc_history": [0.7612698793661692, 0.8216452141542276, 0.8239599639179551, 0.8251315797135462, 0.8261897745429172, 0.8267628289113083]}, "test": {"loss_history": [0.41276901960372925], "auc_history": [0.834736909112207]}}