{"train": {"loss_history": [0.4172833263874054, 0.3787540793418884, 0.37333568930625916, 0.3714735507965088, 0.37035325169563293, 0.36936891078948975]}, "num_train": 25022, "dev": {"loss_history": [0.6068766117095947, 0.4357052147388458, 0.4280138909816742, 0.42702776193618774, 0.4265879690647125, 0.4260445535182953], "auc_history": [0.6259062601031371, 0.8208963319710159, 0.8266445343879458, 0.827469368111037, 0.828424965068621, 0.8291458084750273]}, "test": {"loss_history": [0.4088970720767975], "auc_history": [0.837316827490884]}}