{"train": {"loss_history": [0.4065002501010895, 0.37311217188835144, 0.3665163516998291, 0.36348190903663635, 0.3622300922870636]}, "num_train": 24306, "dev": {"loss_history": [0.7014371156692505, 0.4375699758529663, 0.4357462227344513, 0.43228015303611755, 0.4303871989250183], "auc_history": [0.4087861880605699, 0.8179488425871423, 0.8239026205053461, 0.8254055748936615, 0.8263485132612653]}, "test": {"loss_history": [0.41256579756736755], "auc_history": [0.8366756959896606]}}