{"train": {"loss_history": [0.40876781940460205, 0.36713480949401855, 0.36428916454315186, 0.3629486560821533]}, "num_train": 24571, "dev": {"loss_history": [0.6618508696556091, 0.442566454410553, 0.4364885091781616, 0.4336201250553131], "auc_history": [0.41337568644368816, 0.8222264966061054, 0.8254557029099818, 0.8261902808865165]}, "test": {"loss_history": [0.4101719260215759], "auc_history": [0.837464881255663]}}