{"train": {"loss_history": [0.40117764472961426, 0.3571762144565582, 0.3545205891132355]}, "num_train": 23841, "dev": {"loss_history": [0.7188800573348999, 0.4388531446456909, 0.4362475872039795], "auc_history": [0.5463312621348408, 0.8209389914192482, 0.8229048071501792]}, "test": {"loss_history": [0.4216049909591675], "auc_history": [0.8316795662585601]}}