{"train": {"loss_history": [0.4393465518951416, 0.3986413776874542, 0.3925023376941681, 0.3906354308128357, 0.3899986445903778, 0.38900890946388245, 0.38833504915237427, 0.3876378536224365, 0.38715460896492004]}, "num_train": 26639, "dev": {"loss_history": [0.6792787313461304, 0.44034409523010254, 0.43251538276672363, 0.43088263273239136, 0.43046438694000244, 0.43029025197029114, 0.4286274313926697, 0.42753440141677856, 0.4274333119392395], "auc_history": [0.4712064547669339, 0.8147500801921674, 0.8229331623917343, 0.8247107448896639, 0.8249877148384245, 0.8256340624427989, 0.8263214871716583, 0.8262185728351217, 0.8264939604601347]}, "test": {"loss_history": [0.40708962082862854], "auc_history": [0.8369082773664014]}}