{"train": {"loss_history": [0.4347713887691498, 0.39145606756210327, 0.3867422044277191, 0.38531729578971863, 0.3844922184944153, 0.38346749544143677, 0.38309019804000854, 0.38224512338638306]}, "num_train": 26000, "dev": {"loss_history": [0.6879741549491882, 0.435793399810791, 0.43410417437553406, 0.4333726465702057, 0.43243247270584106, 0.43069103360176086, 0.4305398464202881, 0.4305182695388794], "auc_history": [0.5191178253960177, 0.8204024570829495, 0.8203468858729376, 0.8218192697664515, 0.8220501624476853, 0.8231196234221383, 0.8234090620820292, 0.8240171807446643]}, "test": {"loss_history": [0.4119471311569214], "auc_history": [0.8328542130883703]}}