{"train": {"loss_history": [0.4241207242012024, 0.37806880474090576, 0.37441661953926086]}, "num_train": 25078, "dev": {"loss_history": [0.7679278254508972, 0.4400506019592285, 0.4363567531108856], "auc_history": [0.3473765831782023, 0.8216054661816908, 0.821084058860418]}, "test": {"loss_history": [0.41251638531684875], "auc_history": [0.8345003491981746]}}