{"train": {"loss_history": [0.42379486560821533, 0.3927665948867798, 0.38784489035606384]}, "num_train": 26262, "dev": {"loss_history": [0.7068414092063904, 0.4350818693637848, 0.4288184344768524], "auc_history": [0.5178895624102664, 0.8201699820779682, 0.8259086905524133]}, "test": {"loss_history": [0.409577339887619], "auc_history": [0.8352357263778588]}}