{"train": {"loss_history": [0.49738019704818726, 0.4920264780521393, 0.49202269315719604, 0.4920107424259186]}, "num_train": 25327, "dev": {"loss_history": [0.7670018076896667, 0.5781369805335999, 0.5781258344650269, 0.5781399011611938], "auc_history": [0.3626544253038125, 0.5, 0.5, 0.5]}, "test": {"loss_history": [0.5603547096252441], "auc_history": [0.5]}}