{"train": {"loss_history": [0.43998077511787415, 0.40623071789741516, 0.4021701514720917, 0.3998032510280609, 0.39865249395370483, 0.3974840044975281]}, "num_train": 27330, "dev": {"loss_history": [0.6766694784164429, 0.43835359811782837, 0.4308795928955078, 0.4287147521972656, 0.42795050144195557, 0.4272434115409851], "auc_history": [0.6066494433891401, 0.8211202624277606, 0.825474627502002, 0.8261717993451458, 0.8268743510890311, 0.8274802544984198]}, "test": {"loss_history": [0.408232718706131], "auc_history": [0.837432857291563]}}