{"train": {"loss_history": [0.4225168228149414, 0.3828727900981903]}, "num_train": 25717, "dev": {"loss_history": [0.7502646446228027, 0.43565452098846436], "auc_history": [0.3592255930359527, 0.8234478606603176]}, "test": {"loss_history": [0.42302802205085754], "auc_history": [0.8318079882245732]}}