{"train": {"loss_history": [0.4266146123409271, 0.3883064091205597, 0.3824830651283264, 0.3811054825782776]}, "num_train": 25748, "dev": {"loss_history": [0.7219540476799011, 0.4479110836982727, 0.432516485452652, 0.430744469165802], "auc_history": [0.41701939827645707, 0.8145724801747494, 0.8234939379278445, 0.8249074593779517]}, "test": {"loss_history": [0.4086624085903168], "auc_history": [0.8353017309637427]}}