{"train": {"loss_history": [0.4140596091747284, 0.3816908299922943, 0.3771776258945465, 0.37482038140296936]}, "num_train": 25186, "dev": {"loss_history": [0.6390450596809387, 0.44478753209114075, 0.43605145812034607, 0.43344569206237793], "auc_history": [0.45981650867480517, 0.8186741165000416, 0.8238695182925486, 0.8249682839028053]}, "test": {"loss_history": [0.41558730602264404], "auc_history": [0.8302731859370055]}}