{"train": {"loss_history": [0.3994906544685364, 0.36980950832366943]}, "num_train": 24670, "dev": {"loss_history": [0.6304682493209839, 0.4360775351524353], "auc_history": [0.3054579156315105, 0.8237558441545291]}, "test": {"loss_history": [0.42381805181503296], "auc_history": [0.8332129336638259]}}