{"train": {"loss_history": [0.43443429470062256, 0.38879188895225525, 0.3769114911556244, 0.3702380061149597, 0.3680241107940674, 0.3667922616004944]}, "num_train": 24789, "dev": {"loss_history": [0.7923942804336548, 0.45046091079711914, 0.444247305393219, 0.43665874004364014, 0.4318104684352875, 0.431788831949234], "auc_history": [0.3814275572946771, 0.8072134721828751, 0.8122742498709457, 0.8217457233586682, 0.8247897344911386, 0.8262866760492136]}, "test": {"loss_history": [0.4129789471626282], "auc_history": [0.8347490403898497]}}