{"train": {"loss_history": [0.42247602343559265, 0.380134642124176, 0.37662994861602783, 0.3756752014160156, 0.3747926950454712, 0.3740291893482208, 0.37312090396881104]}, "num_train": 25381, "dev": {"loss_history": [0.6756178140640259, 0.44417640566825867, 0.4323670268058777, 0.4316083490848541, 0.43079066276550293, 0.430633008480072, 0.42875680327415466], "auc_history": [0.49883452362054914, 0.821651986499867, 0.8256671013626466, 0.824255035650387, 0.8260109086665013, 0.8258999561253271, 0.8280626129304458]}, "test": {"loss_history": [0.4077143967151642], "auc_history": [0.8367233079933118]}}