{"train": {"loss_history": [0.4217851758003235, 0.369011253118515]}, "num_train": 24343, "dev": {"loss_history": [0.6586811542510986, 0.44344550371170044], "auc_history": [0.5252049615596598, 0.8148816662350087]}, "test": {"loss_history": [0.41831648349761963], "auc_history": [0.8306799750695723]}}