{"train": {"loss_history": [0.42008060216903687, 0.3879603147506714, 0.3844727873802185, 0.3830820322036743]}, "num_train": 25935, "dev": {"loss_history": [0.6996902823448181, 0.4358223080635071, 0.4331406354904175, 0.43097320199012756], "auc_history": [0.36402889500383173, 0.8228914523377505, 0.824999360741206, 0.8265261132786836]}, "test": {"loss_history": [0.4126855432987213], "auc_history": [0.8351692652385153]}}