{"train": {"loss_history": [0.47889357805252075, 0.43223151564598083, 0.4292052090167999, 0.4282810688018799, 0.42730712890625]}, "dev": {"loss_history": [0.7737756371498108, 0.4389239251613617, 0.4353213310241699, 0.43538111448287964, 0.4327632784843445], "auc_history": [0.47065694537590563, 0.8167313394028741, 0.8191820424229859, 0.819634523721818, 0.8217815471683114]}, "test": {"loss_history": [0.4138602018356323], "auc_history": [0.8350743021189038]}}