{"train": {"loss_history": [0.47829917073249817, 0.4573526978492737, 0.4510752260684967, 0.44942018389701843]}, "num_train": 33782, "dev": {"loss_history": [0.5980178117752075, 0.6578584313392639, 0.5366138219833374, 0.4933783710002899], "auc_history": [0.4824851886545055, 0.7936085659937657, 0.8254594273254731, 0.8249908190782179]}, "test": {"loss_history": [0.4991247057914734], "auc_history": [0.8319156435021402]}}