{"train": {"loss_history": [0.5148585438728333, 0.4922821521759033, 0.4849564731121063, 0.48019132018089294, 0.4779755175113678, 0.4762420654296875, 0.4761417508125305, 0.47535738348960876]}, "num_train": 41113, "dev": {"loss_history": [0.6423042416572571, 0.5275072455406189, 0.5216373801231384, 0.47892799973487854, 0.46791863441467285, 0.44439399242401123, 0.43417561054229736, 0.4340883195400238], "auc_history": [0.6665741699734234, 0.805872002575908, 0.8103741541239902, 0.8189323481685531, 0.8215337551682527, 0.8224689092364948, 0.8243600291289587, 0.8253834300423759]}, "test": {"loss_history": [0.42650240659713745], "auc_history": [0.8304452270343938]}}