{"train": {"loss_history": [0.5702083110809326, 0.5620693564414978, 0.5559541583061218, 0.553824245929718]}, "num_train": 62836, "dev": {"loss_history": [0.6327247619628906, 0.6877649426460266, 0.6622785925865173, 0.6454626321792603], "auc_history": [0.5228516205545651, 0.8011549837093324, 0.7977429806884404, 0.8031867235746323]}, "test": {"loss_history": [0.6686280369758606], "auc_history": [0.8142454620664048]}}