{"train": {"loss_history": [0.47507479786872864, 0.45321744680404663, 0.44991248846054077, 0.4484527111053467]}, "num_train": 33551, "dev": {"loss_history": [0.620364248752594, 0.4724850058555603, 0.46647047996520996, 0.46686801314353943], "auc_history": [0.4914641176577937, 0.8238942957789259, 0.8236203055740757, 0.8223569757381174]}, "test": {"loss_history": [0.46862533688545227], "auc_history": [0.8297662839235658]}}