{"train": {"loss_history": [0.5248931646347046, 0.5028839111328125, 0.4920162856578827, 0.4900084137916565, 0.487827330827713, 0.48346808552742004]}, "num_train": 45969, "dev": {"loss_history": [0.7466130256652832, 0.6271722912788391, 0.5406934022903442, 0.543525755405426, 0.47166600823402405, 0.45035767555236816], "auc_history": [0.3961523375539325, 0.8009169922175281, 0.8197221324337656, 0.8188822874582233, 0.8243397173551046, 0.8248221376085805]}, "test": {"loss_history": [0.4427041709423065], "auc_history": [0.8239893062475263]}}