{"train": {"loss_history": [0.5138159394264221, 0.48161581158638, 0.4772815704345703, 0.4757601320743561, 0.4744461476802826, 0.4741220772266388, 0.4727643132209778]}, "num_train": 39195, "dev": {"loss_history": [0.7659212946891785, 0.7418637871742249, 0.667952299118042, 0.5804290771484375, 0.5588419437408447, 0.533018171787262, 0.4913027286529541], "auc_history": [0.5732480063837718, 0.8077746220572615, 0.7907634802055827, 0.8075183187201058, 0.8094703739341318, 0.805853565735025, 0.817196285232803]}, "test": {"loss_history": [0.5054874420166016], "auc_history": [0.814416520791764]}}