{"train": {"loss_history": [0.4942018687725067, 0.46492794156074524, 0.46115490794181824, 0.4591456949710846, 0.4583607614040375, 0.4573310315608978, 0.45669230818748474, 0.455942302942276, 0.455578088760376, 0.4549465477466583]}, "num_train": 35928, "dev": {"loss_history": [0.6987857222557068, 0.47956860065460205, 0.45046767592430115, 0.44465988874435425, 0.44292041659355164, 0.4417213499546051, 0.4390445649623871, 0.4359655976295471, 0.4341811239719391, 0.432722270488739], "auc_history": [0.3773011364843707, 0.8115521120119955, 0.8229171432121303, 0.824120662686309, 0.825183499689886, 0.8241197252198234, 0.8237683627810305, 0.8254919886614053, 0.8268124414552179, 0.8269554988409165]}, "test": {"loss_history": [0.42745962738990784], "auc_history": [0.8273925651744582]}}