{"train": {"loss_history": [0.4874250590801239, 0.4485846757888794, 0.44562119245529175, 0.4448131024837494]}, "dev": {"loss_history": [0.7663343548774719, 0.4512447714805603, 0.44469740986824036, 0.44005703926086426], "auc_history": [0.3912133679426281, 0.8010342294741817, 0.8021697828871595, 0.8063828571223539]}, "test": {"loss_history": [0.43877026438713074], "auc_history": [0.8153993300087556]}}