{"train": {"loss_history": [0.4611473083496094, 0.4211033582687378, 0.41920793056488037, 0.41823384165763855, 0.41699400544166565, 0.41713976860046387, 0.4166276156902313, 0.41565701365470886]}, "num_train": 29383, "dev": {"loss_history": [0.6686316132545471, 0.41450050473213196, 0.4142792522907257, 0.41582465171813965, 0.4131745398044586, 0.41286909580230713, 0.41080060601234436, 0.4107712507247925], "auc_history": [0.5087430985160848, 0.8372920958442777, 0.8372958808187245, 0.8348139640152857, 0.8366005361063468, 0.8383955121237222, 0.8391467333232743, 0.8383606775283885]}, "test": {"loss_history": [0.42408910393714905], "auc_history": [0.8316164272347399]}}