{"train": {"loss_history": [0.4473024308681488, 0.4065522253513336, 0.40095266699790955, 0.3994958698749542, 0.3985629677772522]}, "num_train": 27365, "dev": {"loss_history": [0.7029448747634888, 0.42979955673217773, 0.4288310706615448, 0.4190458357334137, 0.41632094979286194], "auc_history": [0.5714747517826588, 0.828256784470468, 0.8345590235330466, 0.8372465478466959, 0.8376600081909413]}, "test": {"loss_history": [0.4286048412322998], "auc_history": [0.834859541993954]}}