{"train": {"loss_history": [0.4150393307209015, 0.37800416350364685, 0.3751783072948456, 0.37329545617103577]}, "num_train": 25048, "dev": {"loss_history": [0.7730052471160889, 0.4115990996360779, 0.41550153493881226, 0.41357651352882385], "auc_history": [0.5278869218996826, 0.8373268021353928, 0.8353562417949453, 0.8358910779299294]}, "test": {"loss_history": [0.426428884267807], "auc_history": [0.8316705976385982]}}