{"train": {"loss_history": [0.4224918484687805, 0.38127994537353516, 0.3755178153514862, 0.3730071783065796, 0.3718958795070648, 0.37116241455078125]}, "num_train": 24980, "dev": {"loss_history": [0.7698944807052612, 0.4232959747314453, 0.4154157340526581, 0.41181114315986633, 0.4107685983181, 0.41010022163391113], "auc_history": [0.48744222461039144, 0.8316271438351875, 0.8361738604275918, 0.8379335527848687, 0.8382801024791454, 0.8392917170902245]}, "test": {"loss_history": [0.42296427488327026], "auc_history": [0.8333413865408756]}}