{"train": {"loss_history": [0.4261365830898285, 0.3914686441421509, 0.3886908292770386, 0.3873489797115326]}, "num_train": 26441, "dev": {"loss_history": [0.7837935090065002, 0.4267842769622803, 0.41906651854515076, 0.41584664583206177], "auc_history": [0.30619590052625256, 0.8330237994061054, 0.8346755879155902, 0.8356304279099653]}, "test": {"loss_history": [0.4273264408111572], "auc_history": [0.8325218468420856]}}