{"train": {"loss_history": [0.4504666030406952, 0.4043535590171814, 0.39652466773986816, 0.3948119580745697, 0.3945503532886505]}, "num_train": 26942, "dev": {"loss_history": [0.7014157772064209, 0.43303635716438293, 0.4152217209339142, 0.4133177399635315, 0.4125220477581024], "auc_history": [0.5992855251286378, 0.8221328882716601, 0.8345276531516135, 0.8352798366328046, 0.8361300445369604]}, "test": {"loss_history": [0.4232185482978821], "auc_history": [0.8317001050943584]}}