{"train": {"loss_history": [0.4506319761276245, 0.40809839963912964, 0.4014379382133484, 0.39922472834587097, 0.39827391505241394]}, "num_train": 27524, "dev": {"loss_history": [0.7873290777206421, 0.4276027977466583, 0.41392549872398376, 0.4125608205795288, 0.4099825620651245], "auc_history": [0.49638098705974976, 0.8281690885370958, 0.838627101238187, 0.8399865485857283, 0.8405803405091317]}, "test": {"loss_history": [0.4215799868106842], "auc_history": [0.8359027469490926]}}