{"train": {"loss_history": [0.4269009828567505, 0.39022305607795715, 0.38661763072013855, 0.3853001892566681, 0.38450750708580017, 0.3835834562778473]}, "num_train": 26179, "dev": {"loss_history": [0.6317840814590454, 0.4232352674007416, 0.4174899160861969, 0.4172005355358124, 0.41552573442459106, 0.41415101289749146], "auc_history": [0.5831848212003732, 0.8336225310419227, 0.8344642067155454, 0.8360478015328762, 0.8358856250006417, 0.8375374135101263]}, "test": {"loss_history": [0.4253099858760834], "auc_history": [0.8330501498399928]}}