{"train": {"loss_history": [0.5028801560401917, 0.49753835797309875, 0.4960518479347229, 0.49535319209098816, 0.4947740435600281]}, "num_train": 150865, "dev": {"loss_history": [0.7126308083534241, 0.4861500561237335, 0.47135698795318604, 0.4872020483016968, 0.46832913160324097], "auc_history": [0.35394467362278764, 0.8303476455687887, 0.8325689036203392, 0.8318205704025405, 0.8312884373036751]}, "test": {"loss_history": [0.47175300121307373], "auc_history": [0.8361497930582945]}}