{"train": {"loss_history": [0.5226035714149475, 0.517861545085907, 0.5162897109985352, 0.5156053900718689]}, "num_train": 168710, "dev": {"loss_history": [0.7624420523643494, 0.5622279644012451, 0.5035901665687561, 0.4749349355697632], "auc_history": [0.37391667446396304, 0.8257028401380156, 0.8294288177298812, 0.8321399163186897]}, "test": {"loss_history": [0.4729989469051361], "auc_history": [0.8359498500874273]}}