{"train": {"loss_history": [0.5390604138374329, 0.5315951108932495, 0.5299878716468811, 0.5293291211128235, 0.5289465188980103, 0.5287341475486755, 0.5283071398735046, 0.5281915664672852, 0.5278163552284241]}, "num_train": 181793, "dev": {"loss_history": [0.6949491500854492, 0.49137768149375916, 0.47576984763145447, 0.4678556025028229, 0.46777471899986267, 0.4663510322570801, 0.465656578540802, 0.4655599594116211, 0.4641076624393463], "auc_history": [0.38898933412746595, 0.8205977902202941, 0.8247852524837109, 0.8257483934460847, 0.8255339451283789, 0.8263306908788004, 0.8261378276017247, 0.8261187488349389, 0.8277592410655676]}, "test": {"loss_history": [0.45822852849960327], "auc_history": [0.8329860272128993]}}