{"train": {"loss_history": [0.5960846543312073, 0.5936912894248962, 0.5910470485687256, 0.5905208587646484]}, "num_train": 302958, "dev": {"loss_history": [0.7035364508628845, 0.6987898945808411, 0.5251666307449341, 0.4913680851459503], "auc_history": [0.5004711406258209, 0.4261675622418538, 0.8057288187349811, 0.813092286909215]}, "test": {"loss_history": [0.5316730737686157], "auc_history": [0.8248450243055827]}}