{"train": {"loss_history": [0.5686059594154358, 0.5642791390419006, 0.5634028315544128, 0.5626837015151978]}, "num_train": 234206, "dev": {"loss_history": [0.6454477310180664, 0.6358347535133362, 0.47080913186073303, 0.47077256441116333], "auc_history": [0.5391523656220155, 0.8117125831577776, 0.8243665428476721, 0.8271843976927877]}, "test": {"loss_history": [0.4673873484134674], "auc_history": [0.8358593179627479]}}