{"train": {"loss_history": [0.5562562346458435, 0.5524263978004456, 0.5510665774345398, 0.5505549907684326]}, "num_train": 212572, "dev": {"loss_history": [0.7428367137908936, 0.5654780864715576, 0.5142098665237427, 0.5021305084228516], "auc_history": [0.6210035132130758, 0.8213091931368042, 0.8247620451650494, 0.8270517238449406]}, "test": {"loss_history": [0.49900418519973755], "auc_history": [0.833784240213463]}}