{"train": {"loss_history": [0.5513091087341309, 0.5471091270446777, 0.5461534261703491, 0.5454428195953369, 0.5446932911872864, 0.5440076589584351, 0.5439023375511169, 0.5436071753501892]}, "num_train": 203259, "dev": {"loss_history": [0.660382866859436, 0.5239941477775574, 0.5180704593658447, 0.489538311958313, 0.4754489064216614, 0.46622541546821594, 0.46466153860092163, 0.46054404973983765], "auc_history": [0.5559983111729507, 0.8302407824558447, 0.8284745588206799, 0.823505385211829, 0.8293358783605181, 0.8313798677278035, 0.8322410966014047, 0.8329473930659084]}, "test": {"loss_history": [0.4687929153442383], "auc_history": [0.8353978918706854]}}