{"train": {"loss_history": [0.4852604568004608, 0.4781184494495392, 0.47602707147598267, 0.47485557198524475, 0.4741668701171875, 0.4737723171710968]}, "num_train": 136330, "dev": {"loss_history": [0.6563047170639038, 0.5079184174537659, 0.5003439784049988, 0.48638051748275757, 0.48020151257514954, 0.4742669463157654], "auc_history": [0.39083141949858774, 0.8307015579878976, 0.832599244429026, 0.8332575978824927, 0.8334055587055597, 0.8336797010262693]}, "test": {"loss_history": [0.4722718596458435], "auc_history": [0.8382542525026566]}}