{"train": {"loss_history": [0.47346389293670654, 0.4670494496822357, 0.4656236171722412, 0.4649082124233246, 0.4642656445503235]}, "num_train": 130372, "dev": {"loss_history": [0.6594918370246887, 0.4749028980731964, 0.4663327634334564, 0.4652397930622101, 0.46201419830322266], "auc_history": [0.2940839742659169, 0.8217953973103317, 0.825795005606282, 0.8284006723134635, 0.828707516003109]}, "test": {"loss_history": [0.4559204876422882], "auc_history": [0.8358134997960461]}}