{"train": {"loss_history": [0.5306827425956726, 0.5262954235076904, 0.5249567031860352, 0.5242174863815308, 0.5236035585403442, 0.5232557058334351, 0.5229126811027527, 0.5228334069252014]}, "num_train": 176803, "dev": {"loss_history": [0.7142177224159241, 0.5035147070884705, 0.48948198556900024, 0.5020169019699097, 0.49106618762016296, 0.4789712131023407, 0.475721150636673, 0.462582528591156], "auc_history": [0.31433988671486796, 0.8304329106887826, 0.822131817621807, 0.82929461550832, 0.832149274369608, 0.8277003177255811, 0.8266176333293648, 0.8335346609512743]}, "test": {"loss_history": [0.45869508385658264], "auc_history": [0.8386975241042269]}}