{"train": {"loss_history": [0.6109959483146667, 0.6068552136421204, 0.6034445762634277, 0.6023833155632019, 0.6014116406440735]}, "num_train": 364496, "dev": {"loss_history": [0.6434813141822815, 0.5883923172950745, 0.49050793051719666, 0.5788706541061401, 0.5003744959831238], "auc_history": [0.3611627196285979, 0.7661979248104376, 0.8170355590910208, 0.803108318383766, 0.8207008744939919]}, "test": {"loss_history": [0.5370898842811584], "auc_history": [0.8157015817465204]}}