{"train": {"loss_history": [0.48682013154029846, 0.4797825515270233, 0.4781636595726013, 0.4775164723396301, 0.4769311249256134, 0.47654515504837036, 0.47644922137260437]}, "num_train": 138619, "dev": {"loss_history": [0.6814400553703308, 0.48399046063423157, 0.4754279851913452, 0.4715871512889862, 0.46609941124916077, 0.46453577280044556, 0.46208328008651733], "auc_history": [0.49441642663427965, 0.8314559269866345, 0.833290678106777, 0.8338306505970864, 0.8346003648564816, 0.8343493424262761, 0.8345375169636529]}, "test": {"loss_history": [0.4573512077331543], "auc_history": [0.8409779976668719]}}