{"train": {"loss_history": [0.5545929074287415, 0.5504056811332703, 0.5488805174827576, 0.5480391383171082, 0.5483338832855225, 0.5478460192680359, 0.547092854976654]}, "num_train": 208733, "dev": {"loss_history": [0.673180341720581, 0.5409892797470093, 0.5457490682601929, 0.5532413125038147, 0.5151660442352295, 0.4909825623035431, 0.47966018319129944], "auc_history": [0.5761910745876422, 0.8236518791847002, 0.8274937347039582, 0.8023057246610403, 0.8248449108678354, 0.8270810964677368, 0.8294901081062767]}, "test": {"loss_history": [0.5285438895225525], "auc_history": [0.8116546340392474]}}