{"train": {"loss_history": [0.4941217303276062, 0.4890021085739136, 0.48707687854766846, 0.4859226644039154, 0.48490050435066223, 0.4846222400665283, 0.48420917987823486, 0.4840383231639862]}, "num_train": 143918, "dev": {"loss_history": [0.6890124678611755, 0.4964904487133026, 0.48546817898750305, 0.49849194288253784, 0.49746376276016235, 0.4752974808216095, 0.4652315378189087, 0.46512410044670105], "auc_history": [0.5158236513449015, 0.8296403452995151, 0.8326207226130197, 0.8321923861654305, 0.8324278042885856, 0.8328381272976767, 0.8334577176966299, 0.8332107817232616]}, "test": {"loss_history": [0.460337370634079], "auc_history": [0.8391914009420849]}}