{"train": {"loss_history": [0.4994276165962219, 0.4936215579509735, 0.4915834963321686, 0.4906524419784546, 0.4901001453399658, 0.48972123861312866]}, "num_train": 147994, "dev": {"loss_history": [0.6841495037078857, 0.4949754476547241, 0.475971519947052, 0.47050681710243225, 0.46931207180023193, 0.46714016795158386], "auc_history": [0.5066252863369296, 0.830110757357358, 0.8316097034012065, 0.8322693067535155, 0.8328634523205946, 0.8328627431810959]}, "test": {"loss_history": [0.46692273020744324], "auc_history": [0.839508688823589]}}