{"train": {"loss_history": [0.5796363949775696, 0.575319230556488, 0.5740414261817932, 0.5727048516273499]}, "num_train": 257330, "dev": {"loss_history": [0.6955693960189819, 0.5349677801132202, 0.4989868998527527, 0.49382856488227844], "auc_history": [0.5671877261798812, 0.7978640990299127, 0.8022186041212623, 0.811025086985188]}, "test": {"loss_history": [0.4881837069988251], "auc_history": [0.8182506183568855]}}