{"train": {"loss_history": [0.4338325560092926, 0.39757344126701355, 0.39345815777778625, 0.3925802409648895]}, "num_train": 26927, "dev": {"loss_history": [0.6242010593414307, 0.44189324975013733, 0.4339120090007782, 0.431768536567688], "auc_history": [0.47681020403520574, 0.8199607489032268, 0.8230983242349086, 0.8248331372153446]}, "test": {"loss_history": [0.4265802800655365], "auc_history": [0.8275481310670698]}}