{"train": {"loss_history": [0.44182920455932617, 0.40398654341697693, 0.4007992148399353, 0.3996466398239136, 0.39859670400619507, 0.3979521691799164, 0.3968820869922638, 0.39640480279922485]}, "num_train": 27685, "dev": {"loss_history": [0.7119929194450378, 0.45463982224464417, 0.4365755617618561, 0.4366450905799866, 0.43193483352661133, 0.4309752583503723, 0.43037042021751404, 0.4292429983615875], "auc_history": [0.4671062384519754, 0.8180960655656561, 0.8253909922720263, 0.8243967153174274, 0.825959221957815, 0.8258966616943444, 0.8264607665275967, 0.8265858245567722]}, "test": {"loss_history": [0.4204216003417969], "auc_history": [0.8319968693001677]}}