{"train": {"loss_history": [0.4015117585659027, 0.3657780885696411, 0.36054572463035583, 0.35830777883529663, 0.35726383328437805, 0.3564683496952057, 0.355815589427948, 0.35508742928504944, 0.35511019825935364]}, "num_train": 24361, "dev": {"loss_history": [0.6477785110473633, 0.43814441561698914, 0.4314299523830414, 0.4290783405303955, 0.42648303508758545, 0.4250915050506592, 0.4247550964355469, 0.42474594712257385, 0.4247376620769501], "auc_history": [0.5430145247307409, 0.8207136594866734, 0.8272489258509008, 0.8286088147348732, 0.8298120842179892, 0.8303541898377134, 0.830392188479262, 0.8302249444582356, 0.8300756372959667]}, "test": {"loss_history": [0.41727200150489807], "auc_history": [0.8342036097407711]}}