{"train": {"loss_history": [0.39547041058540344, 0.3598547875881195, 0.35713672637939453, 0.35544586181640625]}, "num_train": 24223, "dev": {"loss_history": [0.6370103359222412, 0.4410850405693054, 0.4333116412162781, 0.4285706877708435], "auc_history": [0.5522597567136975, 0.8220014884467881, 0.8251397512538926, 0.8283563237614255]}, "test": {"loss_history": [0.42113885283470154], "auc_history": [0.8338301240854766]}}