{"train": {"loss_history": [0.40801334381103516, 0.37029027938842773, 0.36637595295906067, 0.3646088242530823, 0.36350297927856445, 0.3627232611179352, 0.3621482253074646, 0.3617591857910156, 0.36130043864250183, 0.3608992099761963]}, "num_train": 24719, "dev": {"loss_history": [0.61839759349823, 0.4391399323940277, 0.43398502469062805, 0.43301287293434143, 0.43216049671173096, 0.4301949739456177, 0.4294182360172272, 0.4285636246204376, 0.42752203345298767, 0.4270353615283966], "auc_history": [0.47909305992310774, 0.8176145827786656, 0.821853243746536, 0.8228118344769175, 0.8232470689172862, 0.8248400744673378, 0.8255872977541053, 0.8265928868042969, 0.8273311104128027, 0.8277550952553446]}, "test": {"loss_history": [0.419808954000473], "auc_history": [0.8312839439677157]}}