{"train": {"loss_history": [0.41110125184059143, 0.37252601981163025, 0.3703623414039612, 0.3686467409133911, 0.3675101697444916, 0.36733609437942505, 0.36675384640693665, 0.3659689426422119, 0.365221232175827, 0.36511704325675964]}, "num_train": 25119, "dev": {"loss_history": [0.7276778221130371, 0.4374561011791229, 0.43164297938346863, 0.4372364580631256, 0.4323561191558838, 0.4319661855697632, 0.4303410053253174, 0.42998385429382324, 0.4285106360912323, 0.42816656827926636], "auc_history": [0.4077407982664619, 0.8212293910492701, 0.8252463724421852, 0.824330530183546, 0.8254732393316939, 0.8254117415302402, 0.8268248785105933, 0.8271321175267984, 0.8281927046108102, 0.8281742677699272]}, "test": {"loss_history": [0.4209217131137848], "auc_history": [0.8336495018831124]}}