{"train": {"loss_history": [0.40668681263923645, 0.37403711676597595, 0.3650638163089752, 0.3607601225376129, 0.3597068190574646, 0.35900911688804626, 0.35819342732429504, 0.35787129402160645]}, "num_train": 24403, "dev": {"loss_history": [0.6731038689613342, 0.44651487469673157, 0.437210351228714, 0.43023860454559326, 0.430116206407547, 0.42945921421051025, 0.4280269145965576, 0.42723095417022705], "auc_history": [0.6103176186451335, 0.8104832752229107, 0.8195164522868308, 0.8265548256649824, 0.8262432118051779, 0.8270916814723874, 0.8279684001296953, 0.8283995097175276]}, "test": {"loss_history": [0.4238545596599579], "auc_history": [0.8295372705275571]}}