{"train": {"loss_history": [0.4215822219848633, 0.388274610042572, 0.38626614212989807, 0.3845403492450714, 0.3838016986846924, 0.38313043117523193]}, "num_train": 26168, "dev": {"loss_history": [0.6765838265419006, 0.4457639753818512, 0.436526358127594, 0.43323883414268494, 0.4323670566082001, 0.4312780499458313], "auc_history": [0.5306209678004011, 0.8111708131434301, 0.8210698342534254, 0.8242603451926593, 0.8240169163952389, 0.8258701626416856]}, "test": {"loss_history": [0.423006147146225], "auc_history": [0.8296190063776916]}}