{"train": {"loss_history": [0.39906924962997437, 0.36353567242622375, 0.3608313500881195, 0.3589259684085846]}, "num_train": 24406, "dev": {"loss_history": [0.7032403349876404, 0.43552055954933167, 0.4295822083950043, 0.42783281207084656], "auc_history": [0.4542140118490764, 0.8245128986638728, 0.8274694804660734, 0.8288391190014958]}, "test": {"loss_history": [0.4235028624534607], "auc_history": [0.8289391706756764]}}