{"train": {"loss_history": [0.4070887267589569, 0.3676885962486267, 0.36379510164260864, 0.3616197407245636, 0.360609233379364, 0.3599046468734741]}, "num_train": 24593, "dev": {"loss_history": [0.6270203590393066, 0.44104692339897156, 0.43268734216690063, 0.4296312630176544, 0.4280114769935608, 0.42763298749923706], "auc_history": [0.505883977147817, 0.8206652862160178, 0.8253508687064437, 0.8257018561586422, 0.8271777408957629, 0.8270747445778814]}, "test": {"loss_history": [0.422392874956131], "auc_history": [0.8291323529111734]}}