{"train": {"loss_history": [0.46245893836021423, 0.43003353476524353, 0.42779865860939026]}, "dev": {"loss_history": [0.6483688354492188, 0.4208070635795593, 0.4167705476284027], "auc_history": [0.5366118012167346, 0.8356196503556078, 0.8358625302413044]}, "test": {"loss_history": [0.42919543385505676], "auc_history": [0.8323207054005817]}}