{"train": {"loss_history": [0.637630820274353, 0.5542317032814026, 0.5232864618301392, 0.5123118758201599]}, "dev": {"loss_history": [0.70938640832901, 0.6033439636230469, 0.5538800358772278, 0.5471402406692505], "auc_history": [0.6592772160377659, 0.777782207904054, 0.804280565213231, 0.8025900290261874]}, "test": {"loss_history": [0.5354918241500854], "auc_history": [0.7997512437810945]}}