{"train": {"loss_history": [0.43414223194122314, 0.3861458897590637, 0.3830483853816986, 0.38190600275993347, 0.38106122612953186, 0.3805924952030182]}, "num_train": 25948, "dev": {"loss_history": [0.6338605880737305, 0.44344019889831543, 0.4354162812232971, 0.4349154233932495, 0.43421322107315063, 0.4323965311050415], "auc_history": [0.5747199223673993, 0.8115461277753009, 0.8187069655410395, 0.8191996378630579, 0.819912379771877, 0.8214340688733628]}, "test": {"loss_history": [0.4118024706840515], "auc_history": [0.8318368163144552]}}