{"train": {"loss_history": [0.4201892912387848, 0.39062514901161194, 0.3877016007900238, 0.38674330711364746]}, "num_train": 26425, "dev": {"loss_history": [0.622755229473114, 0.4319693148136139, 0.42998918890953064, 0.4291691482067108], "auc_history": [0.40152781585903596, 0.8229469602548123, 0.8245701079549871, 0.8248521413397395]}, "test": {"loss_history": [0.41019994020462036], "auc_history": [0.8357804598771689]}}