{"train": {"loss_history": [0.4394570291042328, 0.403133362531662, 0.4003686010837555, 0.39860308170318604, 0.39767396450042725, 0.3970085084438324, 0.39652058482170105, 0.3956244885921478]}, "num_train": 27583, "dev": {"loss_history": [0.7349982261657715, 0.43896207213401794, 0.43076807260513306, 0.4298422634601593, 0.4289115369319916, 0.4281430244445801, 0.4274570643901825, 0.4271997809410095], "auc_history": [0.48318040490778597, 0.8209789292706349, 0.8244738393781899, 0.8253282309088843, 0.8271726507619079, 0.8275115212156703, 0.8280712207716323, 0.8279122288814844]}, "test": {"loss_history": [0.4046918749809265], "auc_history": [0.8400269288274899]}}