{"train": {"loss_history": [0.4167937636375427, 0.38474202156066895, 0.3807818293571472, 0.3796907961368561]}, "num_train": 25931, "dev": {"loss_history": [0.656586766242981, 0.4392823278903961, 0.4311373233795166, 0.43232810497283936], "auc_history": [0.48286444650188726, 0.8173409138033569, 0.824149779474704, 0.8235874216148462]}, "test": {"loss_history": [0.40869659185409546], "auc_history": [0.8364952921511677]}}