{"train": {"loss_history": [0.4334496557712555, 0.3953638970851898, 0.3902053236961365, 0.3884732127189636, 0.38722577691078186]}, "num_train": 26536, "dev": {"loss_history": [0.6379740238189697, 0.4354022443294525, 0.42900025844573975, 0.4289361536502838, 0.4276009500026703], "auc_history": [0.5359359014574341, 0.8201948562072788, 0.8259363495715194, 0.8256776079923299, 0.827136637073415]}, "test": {"loss_history": [0.40789809823036194], "auc_history": [0.8372507576830773]}}