{"train": {"loss_history": [0.4205677807331085, 0.3865053057670593, 0.3844348192214966, 0.38363397121429443]}, "num_train": 26123, "dev": {"loss_history": [0.6151023507118225, 0.43508630990982056, 0.43507441878318787, 0.43438708782196045], "auc_history": [0.5109018941554531, 0.8228039181880391, 0.8222093442166827, 0.8215781236273342]}, "test": {"loss_history": [0.413654625415802], "auc_history": [0.8303018183611193]}}