{"train": {"loss_history": [0.4258233606815338, 0.394635945558548, 0.3917241096496582, 0.3906489610671997]}, "num_train": 26611, "dev": {"loss_history": [0.7371775507926941, 0.43413281440734863, 0.4308697581291199, 0.42994365096092224], "auc_history": [0.6175619707601762, 0.820029598315091, 0.8241169304337062, 0.8236918549821806]}, "test": {"loss_history": [0.4080412685871124], "auc_history": [0.8356541902346085]}}