{"train": {"loss_history": [0.46592721343040466, 0.43180450797080994, 0.4261139929294586, 0.423728883266449, 0.4215678572654724, 0.42077428102493286]}, "num_train": 30121, "dev": {"loss_history": [0.6918091177940369, 0.438350647687912, 0.42914098501205444, 0.42798689007759094, 0.42601341009140015, 0.4251794219017029], "auc_history": [0.39454356542351715, 0.8169791313017309, 0.8254584245068276, 0.8272785398670899, 0.8286570603159026, 0.8297664591417425]}, "test": {"loss_history": [0.4049980342388153], "auc_history": [0.8409305133461011]}}