{"train": {"loss_history": [0.4365535080432892, 0.4048158824443817, 0.40202009677886963, 0.40082091093063354, 0.39955994486808777, 0.399326354265213, 0.39843282103538513, 0.39822402596473694]}, "num_train": 27561, "dev": {"loss_history": [0.6513477563858032, 0.4208366572856903, 0.4138900935649872, 0.4133070707321167, 0.41081827878952026, 0.40901800990104675, 0.40888711810112, 0.4081100523471832], "auc_history": [0.4650362664704125, 0.8388121159213218, 0.8352650174955631, 0.8378248791117653, 0.8404587081099557, 0.8408204618541295, 0.8417208367077343, 0.8419051457176671]}, "test": {"loss_history": [0.4199086129665375], "auc_history": [0.8355494753838612]}}