{"train": {"loss_history": [0.43650662899017334, 0.39634203910827637]}, "num_train": 26775, "dev": {"loss_history": [0.7053144574165344, 0.4148356020450592], "auc_history": [0.3605753982306335, 0.835781441975187]}, "test": {"loss_history": [0.4307072162628174], "auc_history": [0.8311960875504457]}}