{"train": {"loss_history": [0.4202757179737091, 0.39216873049736023, 0.38922688364982605]}, "num_train": 26422, "dev": {"loss_history": [0.6328285336494446, 0.4353128671646118, 0.4113296866416931], "auc_history": [0.6886475529306223, 0.8370295854131447, 0.8372832428531984]}, "test": {"loss_history": [0.4243454933166504], "auc_history": [0.8329652765823797]}}