{"train": {"loss_history": [0.4489455223083496, 0.421047180891037, 0.4171156883239746, 0.4145088791847229, 0.4129241108894348]}, "num_train": 28764, "dev": {"loss_history": [0.6222589612007141, 0.4190647304058075, 0.4141940772533417, 0.41210615634918213, 0.4096031188964844], "auc_history": [0.5631988089262784, 0.8333724019678788, 0.8359940420653078, 0.8379705043998082, 0.8398078849614112]}, "test": {"loss_history": [0.422072172164917], "auc_history": [0.8347023156998289]}}