{"train": {"loss_history": [0.4274154603481293, 0.3982014060020447, 0.3950152099132538]}, "num_train": 26840, "dev": {"loss_history": [0.7439557909965515, 0.41356486082077026, 0.4122326076030731], "auc_history": [0.7262668630234427, 0.8364453521540225, 0.8382104332884782]}, "test": {"loss_history": [0.42450499534606934], "auc_history": [0.8334687908008211]}}