{"train": {"loss_history": [0.41918516159057617, 0.39115631580352783, 0.38788658380508423, 0.386393666267395]}, "num_train": 26097, "dev": {"loss_history": [0.6372395753860474, 0.4206697940826416, 0.41526785492897034, 0.4118852913379669], "auc_history": [0.5901820842147832, 0.8375050166949449, 0.837444713712231, 0.8378148713827192]}, "test": {"loss_history": [0.4232354164123535], "auc_history": [0.8330534843712407]}}