{"train": {"loss_history": [0.4423902630805969, 0.4111008048057556, 0.4065326154232025, 0.40485021471977234, 0.4043402373790741, 0.40403395891189575]}, "num_train": 27997, "dev": {"loss_history": [0.6313614249229431, 0.4218381941318512, 0.41806328296661377, 0.4134896695613861, 0.41139400005340576, 0.4109960198402405], "auc_history": [0.7032414521163524, 0.8310255895065625, 0.8381639230092575, 0.8384615246441611, 0.8386265238692036, 0.8387685566391274]}, "test": {"loss_history": [0.4207989275455475], "auc_history": [0.8348290278872511]}}