{"train": {"loss_history": [0.4254360496997833, 0.39323893189430237, 0.3887538015842438, 0.3871363699436188, 0.3860231339931488]}, "num_train": 26198, "dev": {"loss_history": [0.7563838362693787, 0.4177681803703308, 0.41185396909713745, 0.41139599680900574, 0.41077110171318054], "auc_history": [0.5660156638922162, 0.8372837560700725, 0.8382176183247163, 0.8386943326487021, 0.8382894686870989]}, "test": {"loss_history": [0.42298972606658936], "auc_history": [0.8329061358394916]}}