{"train": {"loss_history": [0.42715322971343994, 0.3950832486152649, 0.39191505312919617, 0.39027827978134155]}, "num_train": 26538, "dev": {"loss_history": [0.6325626969337463, 0.41746577620506287, 0.4146568477153778, 0.40951043367385864], "auc_history": [0.5026552558026866, 0.8356141332742107, 0.8394659542190019, 0.8400716784347295]}, "test": {"loss_history": [0.42295971512794495], "auc_history": [0.8330778956566032]}}