{"train": {"loss_history": [0.4366525411605835, 0.3998340368270874, 0.3942014276981354, 0.39162808656692505, 0.38998866081237793, 0.3889521658420563]}, "num_train": 26460, "dev": {"loss_history": [0.7601176500320435, 0.4442571699619293, 0.42763954401016235, 0.4267512261867523, 0.4256958067417145, 0.42535004019737244], "auc_history": [0.6940840247900951, 0.8123537835859396, 0.821191320557294, 0.8210256540806037, 0.8219643225455515, 0.8216944894563125]}, "test": {"loss_history": [0.416458398103714], "auc_history": [0.8346745592877034]}}