{"train": {"loss_history": [0.42883026599884033, 0.3927026391029358, 0.3880212604999542, 0.3875923454761505]}, "num_train": 26366, "dev": {"loss_history": [0.6967574954032898, 0.43466582894325256, 0.4322676658630371, 0.43140852451324463], "auc_history": [0.6621718946530056, 0.8147081828199383, 0.8192508602187966, 0.8175800381442029]}, "test": {"loss_history": [0.4212139844894409], "auc_history": [0.8336152857907481]}}