{"train": {"loss_history": [0.42295438051223755, 0.3800883889198303, 0.3772059679031372, 0.37687909603118896, 0.37656524777412415, 0.374155193567276]}, "num_train": 25093, "dev": {"loss_history": [0.6883376836776733, 0.43302276730537415, 0.4328650236129761, 0.4302866756916046, 0.4288373589515686, 0.42803385853767395], "auc_history": [0.42919696633574067, 0.8169101637000398, 0.8188690675036017, 0.8209614266617693, 0.8206445107831927, 0.8217239080819264]}, "test": {"loss_history": [0.42183494567871094], "auc_history": [0.8337630452606005]}}