{"train": {"loss_history": [0.417257696390152, 0.3821867108345032, 0.3771706819534302, 0.3743164837360382, 0.37312906980514526, 0.37198004126548767, 0.3713465929031372, 0.3706912100315094]}, "num_train": 24517, "dev": {"loss_history": [0.6441119313240051, 0.444474995136261, 0.43212127685546875, 0.4292382001876831, 0.4285285770893097, 0.4269978404045105, 0.42597347497940063, 0.42562559247016907], "auc_history": [0.6925724399561305, 0.8169296462335587, 0.8210739058219525, 0.8225680213175284, 0.8230556691315103, 0.8231856176300822, 0.8236548219789993, 0.8240872043395655]}, "test": {"loss_history": [0.41668087244033813], "auc_history": [0.8369983313226783]}}