{"train": {"loss_history": [0.5664801597595215, 0.562727153301239, 0.5627317428588867, 0.5627330541610718]}, "num_train": 30121, "dev": {"loss_history": [0.678030788898468, 0.5567052960395813, 0.5567471385002136, 0.5567591786384583], "auc_history": [0.5229775701488102, 0.5, 0.5, 0.5]}, "test": {"loss_history": [0.5626286268234253], "auc_history": [0.5]}}