{"train": {"loss_history": [0.44471022486686707, 0.4068266451358795, 0.40264126658439636]}, "num_train": 27298, "dev": {"loss_history": [0.7150444388389587, 0.43326279520988464, 0.43174469470977783], "auc_history": [0.5247671057943132, 0.8155787923011262, 0.8199882091707142]}, "test": {"loss_history": [0.4219977557659149], "auc_history": [0.8348334535118888]}}