{"train": {"loss_history": [0.4210318922996521, 0.3853927254676819, 0.3825356364250183]}, "num_train": 25533, "dev": {"loss_history": [0.7521982192993164, 0.4419516324996948, 0.4296829104423523], "auc_history": [0.5459744280058043, 0.8149082034974005, 0.8226128960864005]}, "test": {"loss_history": [0.42611637711524963], "auc_history": [0.8357551424007092]}}