{"train": {"loss_history": [0.4250955581665039, 0.39465364813804626, 0.39066410064697266, 0.3876460790634155, 0.3867832124233246, 0.38603293895721436]}, "num_train": 26179, "dev": {"loss_history": [0.6861351728439331, 0.4303019046783447, 0.4284205734729767, 0.4265010356903076, 0.4240235984325409, 0.42383328080177307], "auc_history": [0.5029109502748595, 0.8198441683062301, 0.8224372935176156, 0.8234116799606817, 0.8238332170442555, 0.8242720935826613]}, "test": {"loss_history": [0.41494205594062805], "auc_history": [0.8366996127409233]}}