{"train": {"loss_history": [0.4638393521308899, 0.4395467936992645, 0.4317307472229004, 0.42711958289146423, 0.4254576861858368]}, "num_train": 30121, "dev": {"loss_history": [0.6203033328056335, 0.44738784432411194, 0.43626171350479126, 0.4264254570007324, 0.42444220185279846], "auc_history": [0.3932049339126486, 0.8086563883746943, 0.8165624004767246, 0.8208412843717352, 0.8227158937469381]}, "test": {"loss_history": [0.4148162007331848], "auc_history": [0.8363876476410831]}}