{"train": {"loss_history": [0.4683907628059387, 0.43098166584968567, 0.4270888864994049, 0.4249313473701477, 0.4236816167831421, 0.42311739921569824, 0.42226970195770264]}, "num_train": 30121, "dev": {"loss_history": [0.7437727451324463, 0.432355135679245, 0.4285561144351959, 0.4249180853366852, 0.42457056045532227, 0.4237735867500305, 0.42333558201789856], "auc_history": [0.7085625345165553, 0.8176470580595085, 0.8214983652855543, 0.823233999254988, 0.8226206241580298, 0.8238572455022624, 0.8238305544313413]}, "test": {"loss_history": [0.4125095307826996], "auc_history": [0.8388356297804254]}}