{"train": {"loss_history": [0.425057977437973, 0.3847018778324127, 0.3806339204311371, 0.3791906237602234, 0.3773466646671295]}, "num_train": 25304, "dev": {"loss_history": [0.6551749110221863, 0.43666526675224304, 0.432299941778183, 0.4329003393650055, 0.42986488342285156], "auc_history": [0.652269117690608, 0.8180445666850755, 0.8204719604779922, 0.8194204232021908, 0.8205553457214538]}, "test": {"loss_history": [0.4218653738498688], "auc_history": [0.835208451560107]}}