{"train": {"loss_history": [0.4207894802093506, 0.38777956366539, 0.3831072151660919, 0.381236732006073]}, "num_train": 25091, "dev": {"loss_history": [0.7758907079696655, 0.4358944296836853, 0.42974862456321716, 0.42927655577659607], "auc_history": [0.5630719747132301, 0.8167286514294205, 0.8190753225917901, 0.8199608686820091]}, "test": {"loss_history": [0.4192207455635071], "auc_history": [0.833796769487804]}}