{"train": {"loss_history": [0.4274170696735382, 0.3809398412704468, 0.37284132838249207, 0.3713320195674896, 0.36981919407844543, 0.36975401639938354]}, "num_train": 24620, "dev": {"loss_history": [0.7283918261528015, 0.4456450045108795, 0.43599939346313477, 0.43343475461006165, 0.43065550923347473, 0.43037110567092896], "auc_history": [0.3851311771970193, 0.8147872819060256, 0.8158562885202157, 0.8191998809227551, 0.8198946930098229, 0.8211493681684495]}, "test": {"loss_history": [0.42341816425323486], "auc_history": [0.8360541809466692]}}