{"train": {"loss_history": [0.4350230097770691, 0.39930152893066406, 0.3969750702381134, 0.3958721458911896]}, "num_train": 26820, "dev": {"loss_history": [0.7294431328773499, 0.4295332431793213, 0.42718225717544556, 0.42575782537460327], "auc_history": [0.3301864712248175, 0.8224552174484532, 0.823192761225706, 0.8233193976935798]}, "test": {"loss_history": [0.4172881245613098], "auc_history": [0.8368339337141676]}}