{"train": {"loss_history": [0.4285763204097748, 0.3870862126350403, 0.38370776176452637, 0.38208651542663574, 0.38152065873146057]}, "num_train": 25817, "dev": {"loss_history": [0.6371554136276245, 0.43396082520484924, 0.4330572187900543, 0.44249749183654785, 0.4318668246269226], "auc_history": [0.3006215967261031, 0.8164594028161873, 0.8173614441181193, 0.8190007694301905, 0.8196859051922771]}, "test": {"loss_history": [0.42698991298675537], "auc_history": [0.8321723752120402]}}