{"train": {"loss_history": [0.4422028660774231, 0.40156859159469604, 0.39747506380081177, 0.3957337439060211, 0.3937952220439911, 0.3933184742927551]}, "num_train": 26838, "dev": {"loss_history": [0.7502304315567017, 0.43370553851127625, 0.4273429214954376, 0.42546766996383667, 0.4242849051952362, 0.42318063974380493], "auc_history": [0.41636505540053226, 0.815208104630037, 0.8203074629533131, 0.8222541577025366, 0.8232440652306394, 0.8236719666084962]}, "test": {"loss_history": [0.4114721417427063], "auc_history": [0.8388797848407104]}}