{"train": {"loss_history": [0.4211486577987671, 0.38736793398857117, 0.38209372758865356, 0.3802795112133026, 0.3793690800666809, 0.3785819411277771, 0.37824177742004395, 0.37731748819351196]}, "num_train": 25380, "dev": {"loss_history": [0.6602833867073059, 0.43652552366256714, 0.4262981414794922, 0.42783915996551514, 0.4278092384338379, 0.42680051922798157, 0.42573487758636475, 0.4253305494785309], "auc_history": [0.546788213430895, 0.8174783393192335, 0.8215742822245, 0.8215560335847706, 0.8218303476567188, 0.8212663932531207, 0.8223348803330838, 0.8223767028383714]}, "test": {"loss_history": [0.4171598553657532], "auc_history": [0.834633347898104]}}