{"train": {"loss_history": [0.44121870398521423, 0.4079599380493164, 0.4054664969444275, 0.40485236048698425, 0.4038745164871216, 0.4021614193916321]}, "num_train": 27811, "dev": {"loss_history": [0.7106565833091736, 0.4408382475376129, 0.43322765827178955, 0.4319024980068207, 0.42727261781692505, 0.42457497119903564], "auc_history": [0.5421410447105961, 0.817670047449061, 0.8208873930343967, 0.8221905147597077, 0.8226733568820881, 0.822674006299872]}, "test": {"loss_history": [0.4161381125450134], "auc_history": [0.8373003135393237]}}