{"train": {"loss_history": [0.662254810333252, 0.5711837410926819, 0.5264917612075806, 0.5222210884094238]}, "dev": {"loss_history": [0.6947189569473267, 0.6115483641624451, 0.49945005774497986, 0.5080687999725342], "auc_history": [0.4043312229926641, 0.7444812916624794, 0.8151609553478711, 0.8208722741433021]}, "test": {"loss_history": [0.5236183404922485], "auc_history": [0.8243395800406412]}}