{"train": {"loss_history": [0.49183425307273865, 0.4722605347633362, 0.46828219294548035, 0.4668166935443878]}, "num_train": 36160, "dev": {"loss_history": [0.6605321168899536, 0.5633265972137451, 0.5361410975456238, 0.46512576937675476], "auc_history": [0.4093182285974257, 0.7773154649740612, 0.7894252417853979, 0.8030998101971019]}, "test": {"loss_history": [0.4816244840621948], "auc_history": [0.8168414483754132]}}