{"train": {"loss_history": [0.5471785068511963, 0.525288462638855]}, "num_train": 49674, "dev": {"loss_history": [0.7237741351127625, 0.5730036497116089], "auc_history": [0.5794413232581084, 0.8041930060277673]}, "test": {"loss_history": [0.6094327569007874], "auc_history": [0.7997483477330295]}}