{"train": {"loss_history": [0.5052184462547302, 0.47250425815582275, 0.4622255563735962, 0.46078792214393616, 0.4589850902557373]}, "num_train": 35039, "dev": {"loss_history": [0.7834863662719727, 0.5221699476242065, 0.5142239332199097, 0.45264914631843567, 0.4498229920864105], "auc_history": [0.37544732292341526, 0.7556722508770504, 0.8139492977900381, 0.8040315457125735, 0.8054301300265045]}, "test": {"loss_history": [0.4324551820755005], "auc_history": [0.8161339861786919]}}