{"train": {"loss_history": [0.5384419560432434, 0.5329932570457458, 0.5316053032875061, 0.5307486057281494, 0.530331552028656]}, "num_train": 186465, "dev": {"loss_history": [0.7154453992843628, 0.5306298732757568, 0.502037763595581, 0.48802611231803894, 0.47639700770378113], "auc_history": [0.5920460108766648, 0.8219349891099175, 0.8274409021604392, 0.8275934232777049, 0.8301490430954332]}, "test": {"loss_history": [0.4711909890174866], "auc_history": [0.8396033168153065]}}