{"train": {"loss_history": [0.5232898592948914, 0.5178336501121521, 0.5162569284439087, 0.5151364207267761, 0.5146698355674744]}, "num_train": 168849, "dev": {"loss_history": [0.7499786615371704, 0.5203631520271301, 0.49211156368255615, 0.4818477928638458, 0.47154998779296875], "auc_history": [0.5488397031279886, 0.8269464479363349, 0.8290438501125518, 0.8288137777606743, 0.8292038255753204]}, "test": {"loss_history": [0.47670647501945496], "auc_history": [0.8360779509442199]}}