{"train": {"loss_history": [0.5944466590881348, 0.5908477902412415, 0.5894678235054016, 0.5901156067848206, 0.588004469871521]}, "num_train": 301995, "dev": {"loss_history": [0.735352098941803, 0.6136674284934998, 0.5083932280540466, 0.5346260070800781, 0.5173010230064392], "auc_history": [0.5454216936597198, 0.7815713878808397, 0.8166449005203269, 0.814844038067526, 0.8200548208844146]}, "test": {"loss_history": [0.5242633819580078], "auc_history": [0.8261559623258571]}}