{"train": {"loss_history": [0.4794042408466339, 0.470412015914917, 0.468927264213562, 0.46815547347068787]}, "num_train": 131903, "dev": {"loss_history": [0.6355602741241455, 0.5098412036895752, 0.4977647364139557, 0.4754205048084259], "auc_history": [0.7439198403043519, 0.8210755649217145, 0.8252401873127938, 0.827876086199864]}, "test": {"loss_history": [0.4815702438354492], "auc_history": [0.8379955460747138]}}