{"train": {"loss_history": [0.5466523170471191, 0.5398672819137573, 0.5378960371017456, 0.5363500714302063]}, "num_train": 193942, "dev": {"loss_history": [0.7184493541717529, 0.5199289321899414, 0.4752351641654968, 0.47252705693244934], "auc_history": [0.43726391900619893, 0.8257889671142336, 0.8295381220469845, 0.8294299038302843]}, "test": {"loss_history": [0.465420126914978], "auc_history": [0.8391371626146475]}}