{"train": {"loss_history": [0.5744637846946716, 0.5707553029060364, 0.5692956447601318, 0.5687739253044128]}, "num_train": 246201, "dev": {"loss_history": [0.6554063558578491, 0.5604165196418762, 0.5523386597633362, 0.4976947009563446], "auc_history": [0.4212091109862268, 0.7993260308134258, 0.8048083503721551, 0.8238245159569575]}, "test": {"loss_history": [0.5599808692932129], "auc_history": [0.8345841241118329]}}