{"train": {"loss_history": [0.5545758008956909, 0.5502966046333313, 0.5483234524726868, 0.5476332306861877, 0.5469654202461243, 0.5466802716255188]}, "num_train": 209887, "dev": {"loss_history": [0.6477362513542175, 0.5500434637069702, 0.516417384147644, 0.5446433424949646, 0.5225086808204651, 0.5079287886619568], "auc_history": [0.5899667139710535, 0.8109617075089172, 0.8235128234045823, 0.8219702719269069, 0.826861653942446, 0.8250239657207918]}, "test": {"loss_history": [0.5181836485862732], "auc_history": [0.8371099720111768]}}