{"train": {"loss_history": [0.5338651537895203, 0.5290944576263428, 0.5273739695549011, 0.5267532467842102, 0.5262249112129211, 0.5258005261421204, 0.5257596373558044]}, "num_train": 180861, "dev": {"loss_history": [0.7149549126625061, 0.531917154788971, 0.4943426251411438, 0.4903663396835327, 0.4769327938556671, 0.4640410840511322, 0.4635133147239685], "auc_history": [0.5655526647524124, 0.826245967321152, 0.8291902905671975, 0.8315010497834331, 0.828824028299534, 0.8303373971538762, 0.8298692382149124]}, "test": {"loss_history": [0.4623279273509979], "auc_history": [0.8404583675853614]}}