{"train": {"loss_history": [0.5126809477806091, 0.5053820610046387, 0.503557026386261, 0.5030977129936218]}, "num_train": 157486, "dev": {"loss_history": [0.6905332207679749, 0.48927152156829834, 0.47821366786956787, 0.47343793511390686], "auc_history": [0.4399804420109178, 0.8308331339160279, 0.831618167642319, 0.8307157751743616]}, "test": {"loss_history": [0.48003366589546204], "auc_history": [0.8414537315377575]}}