{"train": {"loss_history": [0.49868494272232056, 0.49047020077705383, 0.4885799288749695, 0.4873725473880768, 0.48651400208473206, 0.48597949743270874, 0.4855751395225525, 0.4854210913181305, 0.48518306016921997, 0.484988272190094]}, "num_train": 144815, "dev": {"loss_history": [0.7072204947471619, 0.5148923397064209, 0.49716079235076904, 0.4784187972545624, 0.47712942957878113, 0.47167226672172546, 0.4696485102176666, 0.46708041429519653, 0.4667849838733673, 0.46668165922164917], "auc_history": [0.39157806808116896, 0.8294544283014715, 0.8316602667909605, 0.8343395148129921, 0.8347863198189868, 0.8347717301349066, 0.8348655018951259, 0.8350292891651361, 0.8352328286042652, 0.8355390557216623]}, "test": {"loss_history": [0.46040409803390503], "auc_history": [0.8441429924664947]}}