{"train": {"loss_history": [0.5159425139427185, 0.5102246403694153, 0.5085927844047546, 0.5078864693641663]}, "num_train": 162393, "dev": {"loss_history": [0.6481074094772339, 0.5139650702476501, 0.527382493019104, 0.49458470940589905], "auc_history": [0.6165208309146044, 0.8286857322870055, 0.8306239695384584, 0.8304554687783658]}, "test": {"loss_history": [0.4985484778881073], "auc_history": [0.8409368153502952]}}