{"train": {"loss_history": [0.5316947102546692, 0.5265464186668396, 0.5251052379608154, 0.5244106650352478]}, "num_train": 178518, "dev": {"loss_history": [0.6603548526763916, 0.5274659395217896, 0.4948684573173523, 0.47473761439323425], "auc_history": [0.6671856963596642, 0.8264279347307403, 0.8302779804864245, 0.832727231025551]}, "test": {"loss_history": [0.4860323667526245], "auc_history": [0.8373275071818684]}}