{"train": {"loss_history": [0.44661813974380493, 0.41287291049957275, 0.40224388241767883, 0.3952796757221222, 0.3929564654827118]}, "num_train": 26458, "dev": {"loss_history": [0.6929735541343689, 0.441413015127182, 0.43621402978897095, 0.4325478971004486, 0.42409372329711914], "auc_history": [0.4340020687664954, 0.8176902088808311, 0.8191946906102296, 0.8269222587690634, 0.8277594274704101]}, "test": {"loss_history": [0.4213568866252899], "auc_history": [0.831998997550979]}}