{
    "train": {
        "loss_history": [
            0.45441949367523193,
            0.41055503487586975,
            0.4062524735927582,
            0.4042910039424896,
            0.4031115472316742,
            0.4021811783313751,
            0.4015513062477112,
            0.4008271396160126,
            0.400333046913147,
            0.39993393421173096
        ]
    },
    "num_train": 27155,
    "dev": {
        "loss_history": [
            0.6374834775924683,
            0.43585824966430664,
            0.42891791462898254,
            0.4255636930465698,
            0.4237857758998871,
            0.4223436713218689,
            0.4214742183685303,
            0.4210464656352997,
            0.41974523663520813,
            0.419024258852005
        ],
        "auc_history": [
            0.7159508893491844,
            0.8227671699674154,
            0.8280164214747803,
            0.8295817718913272,
            0.8294172342191202,
            0.8307653795310008,
            0.8314144319529084,
            0.8317326150059383,
            0.8323597547004723,
            0.832608291160944
        ]
    },
    "test": {
        "loss_history": [
            0.4167773723602295
        ],
        "auc_history": [
            0.8371848312967123
        ]
    }
}