{"train": {"loss_history": [0.45408114790916443, 0.4206446409225464]}, "num_train": 29116, "dev": {"loss_history": [0.7779403924942017, 0.4269190728664398], "auc_history": [0.4401080310273968, 0.8269549997155189]}, "test": {"loss_history": [0.4302239418029785], "auc_history": [0.8364430824672935]}}