{"train": {"loss_history": [0.43292754888534546, 0.4124532639980316]}, "num_train": 27985, "dev": {"loss_history": [0.6387174129486084, 0.4217187762260437], "auc_history": [0.42069027910407447, 0.829943331892988]}, "test": {"loss_history": [0.4299178719520569], "auc_history": [0.8324782696968543]}}