{"train": {"loss_history": [0.43923863768577576, 0.39863333106040955, 0.394153892993927, 0.3920229375362396, 0.3903766870498657, 0.38986825942993164]}, "num_train": 26259, "dev": {"loss_history": [0.6908217072486877, 0.43473532795906067, 0.42630425095558167, 0.4235136806964874, 0.4211569130420685, 0.4195176064968109], "auc_history": [0.45567401242797634, 0.8199473479448938, 0.8255857746161941, 0.827474241653045, 0.829229182011983, 0.830444441368974]}, "test": {"loss_history": [0.41994550824165344], "auc_history": [0.8332600530409735]}}