{"train": {"loss_history": [0.45631760358810425, 0.43174660205841064, 0.429269939661026]}, "dev": {"loss_history": [0.679722785949707, 0.4250609576702118, 0.4209769666194916], "auc_history": [0.24664523543511263, 0.836440931963176, 0.8328957066976432]}, "test": {"loss_history": [0.42789921164512634], "auc_history": [0.8233695913571376]}}