{"train": {"loss_history": [0.4768114984035492, 0.44939279556274414, 0.4474429786205292]}, "dev": {"loss_history": [0.679722785949707, 0.43849095702171326, 0.42582547664642334], "auc_history": [0.24664523543511263, 0.8179637045245522, 0.8283074865270581]}, "test": {"loss_history": [0.44622278213500977], "auc_history": [0.7964921317899925]}}