{"train": {"loss_history": [0.4309713840484619, 0.4058816730976105]}, "num_train": 27673, "dev": {"loss_history": [0.6958307027816772, 0.41510438919067383], "auc_history": [0.6525056659142907, 0.8336554410739782]}, "test": {"loss_history": [0.4289349913597107], "auc_history": [0.8330802864525922]}}