{"train": {"loss_history": [0.44867557287216187, 0.4039144217967987, 0.39928561449050903, 0.39814522862434387, 0.39718809723854065, 0.3961624205112457]}, "num_train": 27417, "dev": {"loss_history": [0.7491378784179688, 0.42455193400382996, 0.4182080626487732, 0.41488954424858093, 0.4142071306705475, 0.41293585300445557], "auc_history": [0.5471767554839788, 0.8298435227411529, 0.8340067380243409, 0.8353131957296251, 0.8374835257383395, 0.8388064063835967]}, "test": {"loss_history": [0.4275864362716675], "auc_history": [0.8323139734224019]}}