{"train": {"loss_history": [0.42778927087783813, 0.3998067080974579]}, "num_train": 26998, "dev": {"loss_history": [0.6187119483947754, 0.4145924150943756], "auc_history": [0.38068406933765253, 0.8344696596448333]}, "test": {"loss_history": [0.42691248655319214], "auc_history": [0.8332423572543797]}}