{"train": {"loss_history": [0.43747255206108093, 0.4077174663543701]}, "num_train": 27746, "dev": {"loss_history": [0.6947912573814392, 0.4162929654121399], "auc_history": [0.5660254150128252, 0.8376305623727864]}, "test": {"loss_history": [0.43191900849342346], "auc_history": [0.8328609623784343]}}