{"train": {"loss_history": [0.42568010091781616, 0.38520118594169617, 0.3819420039653778, 0.38085755705833435]}, "num_train": 25816, "dev": {"loss_history": [0.6040100455284119, 0.41836830973625183, 0.4135795533657074, 0.4121485650539398], "auc_history": [0.35471600117834595, 0.8362862549230329, 0.8361974042516939, 0.8374530534864362]}, "test": {"loss_history": [0.4241734743118286], "auc_history": [0.8316244175265982]}}