{"train": {"loss_history": [0.41897693276405334, 0.39071235060691833]}, "num_train": 26409, "dev": {"loss_history": [0.6199901700019836, 0.4136969745159149], "auc_history": [0.6708071079510637, 0.8358255786263649]}, "test": {"loss_history": [0.42509451508522034], "auc_history": [0.831785355846075]}}