{"train": {"loss_history": [0.43769896030426025, 0.4006668031215668, 0.39581099152565, 0.3943517506122589, 0.3929242789745331, 0.39212343096733093]}, "num_train": 26902, "dev": {"loss_history": [0.6344887018203735, 0.4255569279193878, 0.41094833612442017, 0.40918102860450745, 0.40873950719833374, 0.4080239236354828], "auc_history": [0.3318228077684612, 0.8300991047444847, 0.8381865045517205, 0.8396144021998527, 0.8400125301899827, 0.8406527682404976]}, "test": {"loss_history": [0.42133912444114685], "auc_history": [0.8344181255555454]}}