{"train": {"loss_history": [0.4189583361148834, 0.38397884368896484]}, "num_train": 25776, "dev": {"loss_history": [0.6383054852485657, 0.41197967529296875], "auc_history": [0.4166592250219914, 0.8375698103253076]}, "test": {"loss_history": [0.42774754762649536], "auc_history": [0.8316889690183039]}}