{"train": {"loss_history": [0.4474935531616211, 0.4197312593460083, 0.415387362241745, 0.4135449528694153]}, "num_train": 28842, "dev": {"loss_history": [0.7420498728752136, 0.42288368940353394, 0.4151817858219147, 0.414013534784317], "auc_history": [0.5424523375488968, 0.8312052154125185, 0.8398289910053609, 0.8392486710249043]}, "test": {"loss_history": [0.4268217980861664], "auc_history": [0.8352523875243736]}}