{"train": {"loss_history": [0.42740535736083984, 0.3985196352005005, 0.39546409249305725]}, "num_train": 26938, "dev": {"loss_history": [0.6771111488342285, 0.41550710797309875, 0.41197675466537476], "auc_history": [0.5948294554666322, 0.8355641587810894, 0.8378600344676452]}, "test": {"loss_history": [0.42200005054473877], "auc_history": [0.8340422043441015]}}