{"train": {"loss_history": [0.41965755820274353, 0.3867018222808838, 0.3829302489757538, 0.38114190101623535, 0.3798188269138336, 0.37872931361198425]}, "num_train": 25262, "dev": {"loss_history": [0.6114416122436523, 0.436012864112854, 0.42901989817619324, 0.42720940709114075, 0.4265087842941284, 0.4253592789173126], "auc_history": [0.596198451164562, 0.815608730460967, 0.8199659990825026, 0.8211843068452271, 0.8221351843645135, 0.8224897664745602]}, "test": {"loss_history": [0.4156874120235443], "auc_history": [0.8364362182073967]}}