{"train": {"loss_history": [0.42260104417800903, 0.3823854327201843, 0.3795437514781952, 0.37912440299987793]}, "num_train": 25441, "dev": {"loss_history": [0.760211169719696, 0.43383505940437317, 0.4297759234905243, 0.43196266889572144], "auc_history": [0.6507760412634865, 0.8131947796161785, 0.8201461475757754, 0.820198295823828]}, "test": {"loss_history": [0.42366892099380493], "auc_history": [0.8328786641980788]}}