{"train": {"loss_history": [0.4202004671096802, 0.3840693235397339, 0.38002005219459534, 0.37926149368286133, 0.3784140944480896, 0.3774554133415222]}, "num_train": 25100, "dev": {"loss_history": [0.6991337537765503, 0.43020498752593994, 0.42959389090538025, 0.4326013922691345, 0.43231335282325745, 0.430583119392395], "auc_history": [0.3958725473438553, 0.8183305053353567, 0.8191776708345434, 0.8189729094072583, 0.8189468028123428, 0.8204461785919688]}, "test": {"loss_history": [0.42558321356773376], "auc_history": [0.8325743782391577]}}