{"train": {"loss_history": [0.45212823152542114, 0.41500124335289, 0.4110181927680969, 0.4097445011138916]}, "num_train": 28336, "dev": {"loss_history": [0.7831682562828064, 0.4309491515159607, 0.4264664649963379, 0.42603805661201477], "auc_history": [0.4955933106851046, 0.8156210693988626, 0.8192654071771575, 0.8214757006048937]}, "test": {"loss_history": [0.4182739555835724], "auc_history": [0.833967118430527]}}