{"train": {"loss_history": [0.41635140776634216, 0.3817535936832428, 0.376723974943161, 0.3755122721195221, 0.37463727593421936]}, "num_train": 25121, "dev": {"loss_history": [0.6821130514144897, 0.43580761551856995, 0.42862674593925476, 0.4289584755897522, 0.4281887412071228], "auc_history": [0.5327609841225145, 0.8143343779434861, 0.8224504117568519, 0.8225440578013, 0.8230274843996861]}, "test": {"loss_history": [0.42009857296943665], "auc_history": [0.8381373398995108]}}