{"train": {"loss_history": [0.44391757249832153, 0.4073202610015869, 0.4046994745731354, 0.4029940962791443]}, "num_train": 27824, "dev": {"loss_history": [0.6977409720420837, 0.4261188507080078, 0.42353492975234985, 0.4219658374786377], "auc_history": [0.5334847602427472, 0.8201955682691353, 0.8224300849802135, 0.8241536397788654]}, "test": {"loss_history": [0.4133117198944092], "auc_history": [0.8386056395098967]}}