{"train": {"loss_history": [0.41840288043022156, 0.37792444229125977, 0.3744180202484131, 0.37142473459243774, 0.37088948488235474]}, "num_train": 24922, "dev": {"loss_history": [0.6556575894355774, 0.4453684091567993, 0.4290297031402588, 0.4315192997455597, 0.4286932051181793], "auc_history": [0.3895730649558058, 0.8143682775518093, 0.820941749302915, 0.821678838487719, 0.82248612973497]}, "test": {"loss_history": [0.4220472574234009], "auc_history": [0.8342450393389591]}}