{"train": {"loss_history": [0.41637420654296875, 0.386624276638031, 0.38064146041870117, 0.37837091088294983, 0.37712323665618896]}, "num_train": 25086, "dev": {"loss_history": [0.6454387903213501, 0.4397936463356018, 0.4372722804546356, 0.4351976811885834, 0.4342833459377289], "auc_history": [0.48062526983308923, 0.8128635765463545, 0.8176626440863237, 0.8201080916936349, 0.8212691857495917]}, "test": {"loss_history": [0.4251783788204193], "auc_history": [0.8327770435665821]}}