{"train": {"loss_history": [0.42120763659477234, 0.3802006244659424, 0.37598520517349243, 0.375190407037735]}, "num_train": 25181, "dev": {"loss_history": [0.6425604820251465, 0.43441489338874817, 0.42484116554260254, 0.4263377785682678], "auc_history": [0.6265555504179392, 0.8133375216450947, 0.8215418762770801, 0.8231673689903527]}, "test": {"loss_history": [0.419100284576416], "auc_history": [0.834210035254936]}}