{"train": {"loss_history": [0.4278940260410309, 0.38520732522010803, 0.37968260049819946, 0.37759873270988464, 0.37693655490875244, 0.3762800097465515, 0.3757047653198242]}, "num_train": 25199, "dev": {"loss_history": [0.696746826171875, 0.43914008140563965, 0.4342218339443207, 0.4342029094696045, 0.4308289885520935, 0.4296210706233978, 0.4269121289253235], "auc_history": [0.42111613096626616, 0.8135788452936173, 0.817415086027075, 0.816885680649584, 0.8206983475174837, 0.8199482699770002, 0.8215015474326957]}, "test": {"loss_history": [0.4207405149936676], "auc_history": [0.8330554124249012]}}