{"train": {"loss_history": [0.43838730454444885, 0.3932948410511017, 0.3880499601364136, 0.386602520942688]}, "num_train": 26228, "dev": {"loss_history": [0.701221227645874, 0.4320254623889923, 0.43457329273223877, 0.428262859582901], "auc_history": [0.4325195176020794, 0.8194506211291452, 0.8178489620485442, 0.8220096519068725]}, "test": {"loss_history": [0.4187335669994354], "auc_history": [0.8352380802454867]}}