{"train": {"loss_history": [0.5047159790992737, 0.4851767420768738, 0.48287272453308105, 0.48116040229797363, 0.48094022274017334, 0.48056453466415405, 0.4800904393196106, 0.4796714782714844, 0.47935768961906433, 0.4784768521785736]}, "num_train": 37867, "dev": {"loss_history": [0.6938958168029785, 0.5689653754234314, 0.548151969909668, 0.5131325721740723, 0.5024093985557556, 0.4982603192329407, 0.49248045682907104, 0.4845212996006012, 0.47837501764297485, 0.46286460757255554], "auc_history": [0.6686721899066663, 0.8122450595177609, 0.8244532059118479, 0.8257930868660617, 0.8258952170240196, 0.8262428573041539, 0.8274969027361644, 0.8275670209915966, 0.8275509829642791, 0.8287966886220846]}, "test": {"loss_history": [0.46868088841438293], "auc_history": [0.8268060198733029]}}