{"train": {"loss_history": [0.47503089904785156, 0.45046761631965637, 0.4477020800113678]}, "num_train": 32761, "dev": {"loss_history": [0.6639002561569214, 0.4564337134361267, 0.43466922640800476], "auc_history": [0.6244250046446127, 0.8308510957693479, 0.8361621205915953]}, "test": {"loss_history": [0.5018346309661865], "auc_history": [0.8327089580860747]}}