{"train": {"loss_history": [0.5121663212776184, 0.488618403673172, 0.4841836988925934, 0.48048630356788635, 0.47943761944770813]}, "num_train": 38341, "dev": {"loss_history": [0.6973350644111633, 0.6172767281532288, 0.4456571042537689, 0.4502611756324768, 0.4331602156162262], "auc_history": [0.39688112973404077, 0.8222398939899225, 0.8285367442753223, 0.827206486137499, 0.8339064682775518]}, "test": {"loss_history": [0.46180787682533264], "auc_history": [0.8225126536023507]}}