{"train": {"loss_history": [0.492780864238739, 0.46246981620788574]}, "num_train": 35199, "dev": {"loss_history": [0.7034636735916138, 0.4587346911430359], "auc_history": [0.5369331391320681, 0.8236291720682742]}, "test": {"loss_history": [0.4660930335521698], "auc_history": [0.8111944366428997]}}