{"train": {"loss_history": [0.5164975523948669, 0.4983559250831604, 0.4941102862358093, 0.4916270673274994, 0.48937317728996277, 0.48918837308883667, 0.4889858365058899]}, "num_train": 41304, "dev": {"loss_history": [0.6411707401275635, 0.508590042591095, 0.4699912965297699, 0.45120373368263245, 0.4450974464416504, 0.4326905608177185, 0.42884209752082825], "auc_history": [0.439597068299928, 0.8239439664684622, 0.8251396976331464, 0.8232374592890714, 0.8284309574471362, 0.8295294340141668, 0.8339563786185638]}, "test": {"loss_history": [0.44900861382484436], "auc_history": [0.8289231955530189]}}