{"train": {"loss_history": [0.48227620124816895, 0.4612475037574768, 0.4568484425544739, 0.45486974716186523]}, "num_train": 33881, "dev": {"loss_history": [0.6957438588142395, 0.46365365386009216, 0.4439930319786072, 0.44015607237815857], "auc_history": [0.48088235067698437, 0.8067141212649358, 0.826261140655296, 0.8298612287233114]}, "test": {"loss_history": [0.4528108537197113], "auc_history": [0.8245781755055653]}}