{"train": {"loss_history": [0.5080679655075073, 0.47510045766830444, 0.4714921712875366, 0.46955054998397827, 0.46694210171699524]}, "num_train": 36257, "dev": {"loss_history": [0.7751753330230713, 0.4857141077518463, 0.4479336142539978, 0.4505325257778168, 0.43455466628074646], "auc_history": [0.5179221106146593, 0.8185471061240117, 0.8297401736931189, 0.8284567465950626, 0.8329704248511928]}, "test": {"loss_history": [0.447589635848999], "auc_history": [0.8305810238244078]}}