{"train": {"loss_history": [0.4649854004383087, 0.4371348023414612]}, "num_train": 30916, "dev": {"loss_history": [0.7576926946640015, 0.43856197595596313], "auc_history": [0.5530276203057336, 0.8232746675124479]}, "test": {"loss_history": [0.45399677753448486], "auc_history": [0.822609732502645]}}