{"train": {"loss_history": [0.606814444065094, 0.6034335494041443, 0.6034223437309265, 0.6034213900566101, 0.6034213304519653, 0.6034213900566101, 0.6034213900566101, 0.6034213900566101, 0.6034213900566101, 0.6034213900566101]}, "num_train": 41556, "dev": {"loss_history": [0.7399070858955383, 0.6103023290634155, 0.6096253395080566, 0.6094964146614075, 0.6094660758972168, 0.6094586849212646, 0.6094568371772766, 0.6094563603401184, 0.6094562411308289, 0.6094562411308289], "auc_history": [0.36652268367262103, 0.5, 0.5, 0.5, 0.5, 0.5, 0.5, 0.5, 0.5, 0.5]}, "test": {"loss_history": [0.6127947568893433], "auc_history": [0.5]}}