{"train": {"loss_history": [0.4856506288051605, 0.4624878168106079, 0.46058598160743713, 0.45937177538871765, 0.4588181972503662, 0.4580778479576111, 0.45781221985816956]}, "num_train": 35175, "dev": {"loss_history": [0.7298299074172974, 0.46810945868492126, 0.45506706833839417, 0.4519016742706299, 0.44829416275024414, 0.44717347621917725, 0.4469694197177887], "auc_history": [0.6431362503554028, 0.8294427003624338, 0.8324162147792089, 0.8357801589330016, 0.8367125456891322, 0.8367280704995756, 0.8372885033261586]}, "test": {"loss_history": [0.4616335928440094], "auc_history": [0.8310824618252797]}}