{"train": {"loss_history": [0.47130125761032104, 0.43973374366760254, 0.43652915954589844, 0.4349982440471649, 0.4337209463119507]}, "num_train": 31068, "dev": {"loss_history": [0.8173200488090515, 0.4665983319282532, 0.43589356541633606, 0.4481877088546753, 0.4295635223388672], "auc_history": [0.5716596381615751, 0.8200127893645041, 0.8242006390576517, 0.8226954381178491, 0.8292062998397737]}, "test": {"loss_history": [0.4499944746494293], "auc_history": [0.8202520301632887]}}