{"train": {"loss_history": [0.49242809414863586, 0.4679359495639801, 0.4635077714920044, 0.4623662829399109, 0.46091628074645996, 0.4594460725784302, 0.4587479829788208, 0.45769864320755005, 0.4568318724632263, 0.45624229311943054]}, "num_train": 34766, "dev": {"loss_history": [0.7624324560165405, 0.6702796220779419, 0.5272647142410278, 0.540231466293335, 0.5226073861122131, 0.5104966759681702, 0.4796680808067322, 0.47110986709594727, 0.4504179060459137, 0.4486463665962219], "auc_history": [0.5173380056597556, 0.8301118068621202, 0.831002430595116, 0.8326612758366205, 0.8300994255050311, 0.8333143443089894, 0.8352280658806236, 0.8357951705265709, 0.8368703598779365, 0.8377348737024595]}, "test": {"loss_history": [0.4465264081954956], "auc_history": [0.8346539964545754]}}