{"train": {"loss_history": [0.6391432285308838, 0.523349404335022, 0.5070854425430298, 0.504548966884613]}, "dev": {"loss_history": [0.7220413684844971, 0.5914837718009949, 0.5388289093971252, 0.534320056438446], "auc_history": [0.44441963573729704, 0.7879971930719912, 0.7885713374374024, 0.7917769768109469]}, "test": {"loss_history": [0.5352914333343506], "auc_history": [0.793475433291061]}}