{"train": {"loss_history": [0.6702026128768921, 0.6364456415176392, 0.6251384019851685, 0.6222355365753174, 0.6199139356613159]}, "num_train": 6352, "dev": {"loss_history": [0.6877476572990417, 0.6548905372619629, 0.5639171600341797, 0.5443625450134277, 0.5356724858283997], "auc_history": [0.5302312775330397, 0.8127517306482064, 0.818384203901825, 0.8191393958464444, 0.8207284455632473]}, "test": {"loss_history": [0.5279054045677185], "auc_history": [0.7857901044341722]}}