{"train": {"loss_history": [0.672069787979126, 0.6338495016098022, 0.5938409566879272, 0.5635789036750793, 0.556095540523529, 0.5536008477210999, 0.5502534508705139]}, "num_train": 3128, "dev": {"loss_history": [0.7127273678779602, 0.6886535882949829, 0.6282047033309937, 0.570599377155304, 0.5488009452819824, 0.5482989549636841, 0.5344765782356262], "auc_history": [0.29788388923851483, 0.7349040276903714, 0.7915748898678414, 0.8129955947136565, 0.8181954059156703, 0.8185730018879799, 0.8206812460667086]}, "test": {"loss_history": [0.509522557258606], "auc_history": [0.7874165382639959]}}