{"train": {"loss_history": [0.6743853092193604, 0.6391972303390503, 0.5831400156021118, 0.5385234355926514, 0.537516713142395, 0.5357217788696289, 0.5332648158073425, 0.5303831100463867, 0.5284131765365601, 0.5269960761070251]}, "num_train": 2620, "dev": {"loss_history": [0.7013403177261353, 0.6571446061134338, 0.590569019317627, 0.5328376293182373, 0.5306593179702759, 0.5262197852134705, 0.5245022177696228, 0.5214813947677612, 0.5211061835289001, 0.5187382698059082], "auc_history": [0.5570799244808056, 0.7707441787287601, 0.7923300818124606, 0.8207992448080554, 0.8228288231592197, 0.8206969792322216, 0.8241740088105727, 0.8251966645689113, 0.8251809314033984, 0.8259046570169919]}, "test": {"loss_history": [0.5100539326667786], "auc_history": [0.7893340181475774]}}