{"train": {"loss_history": [0.6614956855773926, 0.6235626339912415, 0.5964921116828918, 0.5847674012184143, 0.5713011622428894, 0.5647918581962585, 0.5590447783470154, 0.5544456839561462]}, "num_train": 2937, "dev": {"loss_history": [0.6879417896270752, 0.6793561577796936, 0.6001763343811035, 0.5754417181015015, 0.5726265907287598, 0.5630634427070618, 0.5501405596733093, 0.5451602339744568], "auc_history": [0.5015654499685337, 0.7649701069855255, 0.7175031466331026, 0.7911107614852109, 0.8174008810572687, 0.8192495280050347, 0.8189112649465072, 0.8184550031466332]}, "test": {"loss_history": [0.520887553691864], "auc_history": [0.7881869542886492]}}