{"train": {"loss_history": [0.6736555099487305, 0.648272693157196, 0.6242897510528564, 0.6087549924850464, 0.6019364595413208, 0.5980016589164734, 0.5946903228759766, 0.5924972891807556, 0.5908429026603699]}, "num_train": 3979, "dev": {"loss_history": [0.6962602138519287, 0.69547438621521, 0.6427555084228516, 0.5825096368789673, 0.5482519865036011, 0.5473486185073853, 0.5375036001205444, 0.5340826511383057, 0.5309215784072876], "auc_history": [0.509809628697294, 0.5303571428571429, 0.650888923851479, 0.7949181875393329, 0.8159140969162996, 0.8150645059786029, 0.8163860918816865, 0.8180223410950282, 0.8191787287602265]}, "test": {"loss_history": [0.5225462913513184], "auc_history": [0.7925269645608628]}}