{"train": {"loss_history": [0.676994264125824, 0.6471303701400757, 0.6203762292861938, 0.6116992235183716, 0.5959670543670654, 0.5913479924201965, 0.5902400612831116, 0.5888797640800476, 0.5885354280471802]}, "num_train": 4189, "dev": {"loss_history": [0.6911202073097229, 0.6879868507385254, 0.5973421931266785, 0.6077929139137268, 0.5551039576530457, 0.5307561159133911, 0.5252381563186646, 0.523138701915741, 0.5171589255332947], "auc_history": [0.35697765890497163, 0.7413546255506609, 0.8210431088735053, 0.8191944619257395, 0.8245358716173694, 0.825645059786029, 0.8267935808684708, 0.8253697293895532, 0.8246066708621774]}, "test": {"loss_history": [0.5168798565864563], "auc_history": [0.7896678650915938]}}