{"train": {"loss_history": [0.6815557479858398, 0.6605062484741211, 0.6407617926597595, 0.6371102333068848, 0.6289888024330139, 0.6140027642250061, 0.6097451448440552, 0.6064549684524536, 0.6046336889266968, 0.6022189855575562]}, "num_train": 5266, "dev": {"loss_history": [0.6949632167816162, 0.6869710087776184, 0.6338412761688232, 0.6061068773269653, 0.5832074880599976, 0.56046462059021, 0.5472773313522339, 0.5391384959220886, 0.5315790772438049, 0.5294377207756042], "auc_history": [0.3816944619257394, 0.4276982378854626, 0.6376258653241031, 0.7125471994965387, 0.8175424795468849, 0.8121538703587162, 0.8084408432976715, 0.8155522341095028, 0.8175346129641284, 0.8176290119572058]}, "test": {"loss_history": [0.5119138956069946], "auc_history": [0.7879130285909948]}}