{"train": {"loss_history": [0.664936900138855, 0.6373645663261414, 0.6010539531707764, 0.5825035572052002, 0.5697433352470398, 0.5646868348121643, 0.5627212524414062]}, "num_train": 3353, "dev": {"loss_history": [0.6874832510948181, 0.67633056640625, 0.6147499084472656, 0.5748836398124695, 0.528948187828064, 0.5179463028907776, 0.5169187188148499], "auc_history": [0.7478052234109502, 0.7728681560730019, 0.8036422278162367, 0.817440213971051, 0.8198788546255507, 0.8228052234109503, 0.8231041535556954]}, "test": {"loss_history": [0.5094588994979858], "auc_history": [0.7895737031330252]}}