{"train": {"loss_history": [0.6154726147651672, 0.5382158160209656, 0.515838623046875, 0.5114175081253052]}, "num_train": 2363, "dev": {"loss_history": [0.6879884004592896, 0.578364908695221, 0.5215047001838684, 0.5188484787940979], "auc_history": [0.5128933291378226, 0.7948945877910635, 0.8272262429200755, 0.8280443675267464]}, "test": {"loss_history": [0.506769061088562], "auc_history": [0.7928265707926725]}}