{"train": {"loss_history": [0.6494921445846558, 0.563866138458252, 0.5381498336791992, 0.535067081451416]}, "num_train": 2706, "dev": {"loss_history": [0.6885419487953186, 0.6350420713424683, 0.5294210910797119, 0.5229200124740601], "auc_history": [0.6200519194461925, 0.819044996853367, 0.81710981749528, 0.8188561988672121]}, "test": {"loss_history": [0.5201961994171143], "auc_history": [0.7880328710837186]}}