{"train": {"loss_history": [0.407675176858902, 0.37481921911239624, 0.3721766471862793]}, "num_train": 24871, "dev": {"loss_history": [0.6929579973220825, 0.42774346470832825, 0.4265274703502655], "auc_history": [0.6191000301908688, 0.8243121453918432, 0.8253417232168807]}, "test": {"loss_history": [0.4266565442085266], "auc_history": [0.8266719326963341]}}