{"train": {"loss_history": [0.4417937994003296, 0.4073512852191925]}, "num_train": 27513, "dev": {"loss_history": [0.7249382734298706, 0.42288240790367126], "auc_history": [0.4600095929050946, 0.8279445964239455]}, "test": {"loss_history": [0.422758549451828], "auc_history": [0.8320114964406715]}}