{"train": {"loss_history": [0.4365885257720947, 0.38965272903442383, 0.38346514105796814, 0.38167622685432434]}, "num_train": 25780, "dev": {"loss_history": [0.7689427137374878, 0.4321775734424591, 0.42033106088638306, 0.4187934994697571], "auc_history": [0.6229036824146135, 0.821801856661546, 0.8314907420649016, 0.8328112081422057]}, "test": {"loss_history": [0.4193353056907654], "auc_history": [0.8340116360221808]}}