{"train": {"loss_history": [0.40944358706474304, 0.36646902561187744, 0.3614712059497833, 0.35985639691352844, 0.35844647884368896]}, "num_train": 24040, "dev": {"loss_history": [0.7957132458686829, 0.434143990278244, 0.4297087788581848, 0.42783066630363464, 0.42499086260795593], "auc_history": [0.5582064189170142, 0.8171492464328386, 0.8210998164456684, 0.8223418580250046, 0.8252966163160886]}, "test": {"loss_history": [0.4241597056388855], "auc_history": [0.830633826944307]}}