{"train": {"loss_history": [0.4086374342441559, 0.3748566210269928, 0.3707677125930786]}, "num_train": 24590, "dev": {"loss_history": [0.7058291435241699, 0.4282588064670563, 0.4265393316745758], "auc_history": [0.5970398724499865, 0.822741605118813, 0.8246407081578393]}, "test": {"loss_history": [0.4250222444534302], "auc_history": [0.8293890136662987]}}