{"train": {"loss_history": [0.4019925594329834, 0.37308502197265625, 0.3697394132614136, 0.36843258142471313, 0.36786606907844543]}, "num_train": 24803, "dev": {"loss_history": [0.6515893936157227, 0.4318878948688507, 0.4252438247203827, 0.4233192503452301, 0.4221171438694], "auc_history": [0.4515476280177414, 0.8279805409855139, 0.8310629313027027, 0.8323120849075897, 0.8320147894250972]}, "test": {"loss_history": [0.42134517431259155], "auc_history": [0.8351911632215413]}}