{"train": {"loss_history": [0.42190229892730713, 0.3847534656524658, 0.38136789202690125, 0.379245787858963, 0.3779587149620056, 0.37672582268714905]}, "num_train": 25472, "dev": {"loss_history": [0.7508103847503662, 0.43209731578826904, 0.4306539297103882, 0.4219050407409668, 0.42121559381484985, 0.4202864170074463], "auc_history": [0.6132892490264854, 0.8201455235757882, 0.8195947580655496, 0.8282944311942924, 0.8282926371698289, 0.8291049458178982]}, "test": {"loss_history": [0.41880694031715393], "auc_history": [0.8329869174058142]}}