{"train": {"loss_history": [0.4366467297077179, 0.3948483169078827, 0.3881564438343048, 0.3860245645046234, 0.38437867164611816, 0.3830583095550537, 0.38210567831993103, 0.38090962171554565]}, "num_train": 25685, "dev": {"loss_history": [0.6762243509292603, 0.4377080202102661, 0.42750462889671326, 0.42486467957496643, 0.4241653382778168, 0.4217170774936676, 0.421151727437973, 0.420690655708313], "auc_history": [0.5397341178858601, 0.8157697056928497, 0.8232526458016496, 0.8254074613990008, 0.8263888568527378, 0.8288387894743047, 0.829545442895945, 0.8299272497451204]}, "test": {"loss_history": [0.41874420642852783], "auc_history": [0.8343283591559125]}}