{"train": {"loss_history": [0.43280819058418274, 0.4030747711658478, 0.39480188488960266, 0.3914344608783722, 0.38999679684638977, 0.38902151584625244, 0.38817280530929565, 0.3876025378704071, 0.3873215615749359, 0.3871411681175232]}, "num_train": 26464, "dev": {"loss_history": [0.6315351724624634, 0.4329339563846588, 0.42741721868515015, 0.42567193508148193, 0.4240007996559143, 0.42086076736450195, 0.42032548785209656, 0.41986191272735596, 0.41975265741348267, 0.41877010464668274], "auc_history": [0.42511056316478224, 0.818832425813244, 0.8236418850378873, 0.82559359143707, 0.8277475100221896, 0.8294904688606048, 0.8297531652998763, 0.8299020693303316, 0.830042387672284, 0.8308644353102971]}, "test": {"loss_history": [0.4196561872959137], "auc_history": [0.8332820688517517]}}