{"train": {"loss_history": [0.42525604367256165, 0.41853538155555725, 0.41666749119758606, 0.4159063696861267, 0.4153602421283722]}, "num_train": 107288, "dev": {"loss_history": [0.6738662719726562, 0.4592701494693756, 0.4586990177631378, 0.4564601480960846, 0.4543003439903259], "auc_history": [0.736746160103519, 0.8332099624890462, 0.8347169713518523, 0.8353722324390118, 0.8353681265536954]}, "test": {"loss_history": [0.44737106561660767], "auc_history": [0.8424202826254706]}}