{"train": {"loss_history": [0.44224169850349426, 0.4336615800857544, 0.4321941137313843, 0.4314192235469818, 0.43071815371513367, 0.4301838278770447]}, "num_train": 114217, "dev": {"loss_history": [0.7024412751197815, 0.4566834568977356, 0.4563504755496979, 0.45767009258270264, 0.4563172161579132, 0.4546392858028412], "auc_history": [0.3022071898896058, 0.8337635737719051, 0.8346540554593456, 0.8349776756409661, 0.8360020260277381, 0.8359369535740164]}, "test": {"loss_history": [0.44927898049354553], "auc_history": [0.8419324756879221]}}