{"train": {"loss_history": [0.43311914801597595, 0.42612844705581665, 0.4245622158050537, 0.42368388175964355, 0.42325493693351746, 0.4230605363845825, 0.42248794436454773]}, "num_train": 110581, "dev": {"loss_history": [0.7059738636016846, 0.45759111642837524, 0.4572884738445282, 0.45720741152763367, 0.4550667107105255, 0.4543159604072571, 0.4537454843521118], "auc_history": [0.5949970396178299, 0.8323859359154456, 0.8340349572485377, 0.8348003260047037, 0.8353823125817486, 0.8355837794371253, 0.8357369632830753]}, "test": {"loss_history": [0.44814375042915344], "auc_history": [0.8424258393934906]}}