{"train": {"loss_history": [0.4394723176956177, 0.4318179786205292, 0.4302901327610016, 0.429541677236557, 0.42895132303237915, 0.4286491572856903]}, "num_train": 113225, "dev": {"loss_history": [0.7312548160552979, 0.456863671541214, 0.45727744698524475, 0.4589982032775879, 0.4577752351760864, 0.45659998059272766], "auc_history": [0.5213235494878601, 0.8333151320862011, 0.8342201786570435, 0.8347798062923611, 0.8353135616692576, 0.8355105534982091]}, "test": {"loss_history": [0.45123180747032166], "auc_history": [0.841379725039037]}}