{"train": {"loss_history": [0.44764891266822815, 0.44026508927345276, 0.4388880729675293, 0.4380011558532715]}, "num_train": 116869, "dev": {"loss_history": [0.7283033728599548, 0.4571400284767151, 0.45749643445014954, 0.45600879192352295], "auc_history": [0.2603909563122404, 0.8330436838479705, 0.8335545330476363, 0.8342591554248304]}, "test": {"loss_history": [0.4502857029438019], "auc_history": [0.8403618329605005]}}