{"train": {"loss_history": [0.43395721912384033, 0.42658790946006775, 0.4240770637989044, 0.42274174094200134, 0.4220631420612335]}, "num_train": 109146, "dev": {"loss_history": [0.6655177474021912, 0.4614022374153137, 0.4581948518753052, 0.4565642774105072, 0.45625531673431396], "auc_history": [0.521182864630334, 0.8307685052898828, 0.8330870417378655, 0.8337128783929508, 0.8339968903812034]}, "test": {"loss_history": [0.4482545852661133], "auc_history": [0.8408075468119546]}}