{"train": {"loss_history": [0.42620131373405457, 0.415680468082428, 0.41464927792549133, 0.41392743587493896, 0.4134174883365631]}, "num_train": 105795, "dev": {"loss_history": [0.7463906407356262, 0.46026870608329773, 0.45904746651649475, 0.4587085545063019, 0.4575728178024292], "auc_history": [0.5886239058009917, 0.8316029617188495, 0.8326715572294099, 0.8332812552942607, 0.8336022850119591]}, "test": {"loss_history": [0.4512355625629425], "auc_history": [0.8401563754413588]}}