{"train": {"loss_history": [0.4338984787464142, 0.4265819489955902, 0.42476555705070496, 0.4240047037601471, 0.4232654869556427]}, "num_train": 110187, "dev": {"loss_history": [0.729222297668457, 0.45926207304000854, 0.4581327736377716, 0.45811697840690613, 0.45627933740615845], "auc_history": [0.5834160597986836, 0.8316989643118002, 0.8333550284686804, 0.833909578794711, 0.8345875032031087]}, "test": {"loss_history": [0.4507220685482025], "auc_history": [0.8404895671761616]}}