{"train": {"loss_history": [0.4294777512550354, 0.4223878085613251, 0.4210936725139618, 0.420483261346817]}, "num_train": 108113, "dev": {"loss_history": [0.6880698800086975, 0.45990055799484253, 0.4587478041648865, 0.4588518440723419], "auc_history": [0.599081987509612, 0.8291758362613346, 0.8311110002392552, 0.831436708982413]}, "test": {"loss_history": [0.45179855823516846], "auc_history": [0.8375554280302735]}}