{"train": {"loss_history": [0.4245416522026062, 0.41568559408187866, 0.41426047682762146, 0.413110613822937]}, "num_train": 105666, "dev": {"loss_history": [0.7325633764266968, 0.4627832770347595, 0.4596298038959503, 0.4596005976200104], "auc_history": [0.389859798004949, 0.8323775622408176, 0.8340218106441334, 0.8345079468179829]}, "test": {"loss_history": [0.4522347152233124], "auc_history": [0.8409929272183554]}}