{"train": {"loss_history": [0.4362061619758606, 0.4289246201515198, 0.42752987146377563, 0.4265914559364319, 0.42627212405204773, 0.4258354604244232]}, "num_train": 111952, "dev": {"loss_history": [0.7313406467437744, 0.4609874486923218, 0.4598369896411896, 0.4593644440174103, 0.45924633741378784, 0.4571066200733185], "auc_history": [0.30571925020886914, 0.833175415414566, 0.8337261804251905, 0.8342709582260753, 0.8345311217558454, 0.8351825133375216]}, "test": {"loss_history": [0.452790766954422], "auc_history": [0.8413579364027739]}}