{"train": {"loss_history": [0.43367841839790344, 0.4258127808570862, 0.4243068993091583, 0.42297324538230896, 0.4223075211048126]}, "num_train": 109980, "dev": {"loss_history": [0.7067350745201111, 0.458418071269989, 0.45655208826065063, 0.45552682876586914, 0.4543161690235138], "auc_history": [0.3871194951734995, 0.8329910715257138, 0.8341734337355703, 0.8351888275933317, 0.8355543679573706]}, "test": {"loss_history": [0.44803041219711304], "auc_history": [0.8416545885718295]}}