{"train": {"loss_history": [0.46569371223449707, 0.45768922567367554, 0.4558076858520508, 0.45451781153678894, 0.4536482095718384, 0.45313966274261475, 0.45285943150520325, 0.4522997736930847]}, "num_train": 124086, "dev": {"loss_history": [0.7009379267692566, 0.46150508522987366, 0.45784154534339905, 0.4552484154701233, 0.4546188712120056, 0.4546121060848236, 0.45451897382736206, 0.45379066467285156], "auc_history": [0.6346005151033891, 0.8310242585548258, 0.8339253579580761, 0.8349045986537256, 0.835257597934302, 0.8356055328579106, 0.8358173874736148, 0.8361443720202542]}, "test": {"loss_history": [0.44724661111831665], "auc_history": [0.8420272882452434]}}