{"train": {"loss_history": [0.4318147599697113, 0.4252487123012543, 0.42357394099235535, 0.42258545756340027, 0.42185211181640625, 0.42143014073371887]}, "num_train": 109552, "dev": {"loss_history": [0.6537809371948242, 0.45872408151626587, 0.4572203755378723, 0.45646196603775024, 0.4561646282672882, 0.4559900462627411], "auc_history": [0.557390973720158, 0.8314115167207711, 0.8331182762566055, 0.8339076229944499, 0.8344424080807553, 0.8349022478077163]}, "test": {"loss_history": [0.4495081603527069], "auc_history": [0.8413239235264011]}}