{"train": {"loss_history": [0.42613089084625244, 0.41797903180122375, 0.4162817895412445, 0.4154505729675293, 0.4144352078437805, 0.4140501618385315, 0.4134453237056732]}, "num_train": 107239, "dev": {"loss_history": [0.6563060283660889, 0.4602430462837219, 0.45886439085006714, 0.45749375224113464, 0.4564721882343292, 0.4554014503955841, 0.4546888768672943], "auc_history": [0.5580431683456499, 0.8332538773286846, 0.8349634054228356, 0.8357113565472059, 0.8360014269829561, 0.8364934467479886, 0.8366378683497222]}, "test": {"loss_history": [0.4501829445362091], "auc_history": [0.8421217175771842]}}