{"train": {"loss_history": [0.42311638593673706, 0.41368168592453003, 0.4119908809661865, 0.4109494388103485, 0.41008180379867554]}, "num_train": 104744, "dev": {"loss_history": [0.7792873978614807, 0.4626787602901459, 0.4603482782840729, 0.4603738486766815, 0.4602540135383606], "auc_history": [0.28564367938201063, 0.8321569971901757, 0.8339827917813076, 0.8348577242090562, 0.8348767770712028]}, "test": {"loss_history": [0.45552781224250793], "auc_history": [0.8413180679724909]}}