{"train": {"loss_history": [0.42005589604377747, 0.41255298256874084, 0.41059598326683044, 0.40935954451560974, 0.4085940718650818, 0.4077877700328827]}, "num_train": 104198, "dev": {"loss_history": [0.6934713125228882, 0.4669386148452759, 0.46214500069618225, 0.45980092883110046, 0.45951715111732483, 0.45933815836906433], "auc_history": [0.23283796604129758, 0.8311813928582569, 0.8343727893628506, 0.8350034475189106, 0.8359102199863411, 0.8360204798451027]}, "test": {"loss_history": [0.451803982257843], "auc_history": [0.8424067170965286]}}