{"train": {"loss_history": [0.4260541796684265, 0.41820254921913147, 0.4168625473976135, 0.4162416458129883]}, "num_train": 106739, "dev": {"loss_history": [0.7046918869018555, 0.46031031012535095, 0.46050703525543213, 0.4608544707298279], "auc_history": [0.4913737357111305, 0.8322718583604788, 0.833358062549549, 0.8335732070544343]}, "test": {"loss_history": [0.4556371569633484], "auc_history": [0.8394721687438782]}}