{"train": {"loss_history": [0.42251119017601013, 0.41444841027259827, 0.4123525023460388, 0.41136807203292847, 0.4105726182460785, 0.41030657291412354, 0.40984681248664856, 0.4096021354198456]}, "num_train": 104767, "dev": {"loss_history": [0.6953758001327515, 0.46150147914886475, 0.46019425988197327, 0.45782721042633057, 0.4571787714958191, 0.45651501417160034, 0.45645269751548767, 0.45611873269081116], "auc_history": [0.4622733641971567, 0.8323930564531512, 0.8342633908333429, 0.8347055182632369, 0.8350215580998056, 0.835211176820819, 0.8354319361562551, 0.8354186600286547]}, "test": {"loss_history": [0.4488442838191986], "auc_history": [0.841492974634377]}}