{"train": {"loss_history": [0.42012694478034973, 0.41205984354019165, 0.4101783037185669, 0.40946170687675476, 0.40880343317985535]}, "num_train": 103937, "dev": {"loss_history": [0.6714359521865845, 0.46698909997940063, 0.4621601104736328, 0.46110159158706665, 0.4564882814884186], "auc_history": [0.4317409162274016, 0.8323925415984468, 0.8340514228848422, 0.8347270029233904, 0.835012238905846]}, "test": {"loss_history": [0.4514639675617218], "auc_history": [0.8418898110114292]}}