{"train": {"loss_history": [0.6861796379089355, 0.6881617903709412, 0.6896289587020874, 0.690301775932312, 0.6904534101486206, 0.690473735332489, 0.6904745101928711, 0.6904740929603577, 0.6904739141464233, 0.6904739141464233]}, "num_train": 4869, "dev": {"loss_history": [0.6836541295051575, 0.7132352590560913, 0.7167364358901978, 0.7080824971199036, 0.6991332769393921, 0.6977803111076355, 0.6976302862167358, 0.6975225210189819, 0.6974448561668396, 0.6973867416381836], "auc_history": [0.2949074832159817, 0.5, 0.5, 0.5, 0.5, 0.5, 0.5, 0.5, 0.5, 0.5]}, "test": {"loss_history": [0.6979976892471313], "auc_history": [0.5]}}