{"train": {"loss_history": [0.6632567644119263, 0.6164596676826477, 0.570838212966919, 0.554402232170105, 0.5481183528900146, 0.5439721345901489, 0.5421082377433777, 0.5400957465171814, 0.5395690202713013, 0.5375721454620361]}, "num_train": 2818, "dev": {"loss_history": [0.7304134368896484, 0.6768923997879028, 0.5769653916358948, 0.5372432470321655, 0.5305663347244263, 0.5247205495834351, 0.519767165184021, 0.5164886116981506, 0.51429682970047, 0.511281430721283], "auc_history": [0.6527100049123955, 0.6940232520058948, 0.8266415588668741, 0.8028737514327822, 0.80447028000655, 0.8064106762731291, 0.8099557884394954, 0.8130833469788767, 0.8147944981169151, 0.8157032913050597]}, "test": {"loss_history": [0.5193069577217102], "auc_history": [0.7959047555525911]}}