{"train": {"loss_history": [0.6637630462646484, 0.6186981797218323, 0.5807151198387146, 0.5740125179290771, 0.5706681609153748, 0.5694198608398438, 0.5685132145881653, 0.567840576171875, 0.5670847296714783, 0.5665720701217651]}, "num_train": 3811, "dev": {"loss_history": [0.665947437286377, 0.6513552665710449, 0.6129429340362549, 0.58601313829422, 0.568816065788269, 0.5656579732894897, 0.5595384240150452, 0.5513898134231567, 0.5460798740386963, 0.5435336232185364], "auc_history": [0.7006058621254299, 0.7044866546585886, 0.7404453905354511, 0.7786638283936467, 0.7870476502374326, 0.7933355166202718, 0.7942852464385132, 0.798297036187981, 0.8003438676928115, 0.801883084984444]}, "test": {"loss_history": [0.5356194376945496], "auc_history": [0.784749549789902]}}