{"train": {"loss_history": [0.669032871723175, 0.5723702907562256, 0.5503260493278503, 0.5476932525634766, 0.5436346530914307, 0.5434922575950623, 0.5418158769607544, 0.5411033034324646, 0.5405022501945496]}, "num_train": 3182, "dev": {"loss_history": [0.697951078414917, 0.5801111459732056, 0.511049211025238, 0.5068082809448242, 0.5029231309890747, 0.500558078289032, 0.49930933117866516, 0.49789127707481384, 0.4958752989768982], "auc_history": [0.6444571802849189, 0.805289012608482, 0.8147371868347798, 0.8191419682331751, 0.8231865072867202, 0.8249058457507776, 0.8253643360078597, 0.8262649418699851, 0.8267561814311446]}, "test": {"loss_history": [0.5241981744766235], "auc_history": [0.7874341359301008]}}