{"train": {"loss_history": [0.663680374622345, 0.5970288515090942, 0.5375174283981323, 0.531324565410614, 0.5306521654129028, 0.5280086398124695]}, "num_train": 2637, "dev": {"loss_history": [0.7276577353477478, 0.6316577196121216, 0.5203293561935425, 0.5035096406936646, 0.5002079606056213, 0.49796080589294434], "auc_history": [0.33561486818405106, 0.7933518912723105, 0.8149664319633207, 0.820386441788112, 0.8192729654494841, 0.8206320615686917]}, "test": {"loss_history": [0.5149545073509216], "auc_history": [0.7946374974988328]}}