{"train": {"loss_history": [0.6545793414115906, 0.5665696859359741, 0.5252639651298523, 0.5123373866081238, 0.5080769658088684, 0.5050386190414429, 0.5041285157203674, 0.5025270581245422]}, "num_train": 2363, "dev": {"loss_history": [0.7428833842277527, 0.5754328966140747, 0.5192428231239319, 0.496382474899292, 0.4935164451599121, 0.49219176173210144, 0.49170494079589844, 0.4914289712905884], "auc_history": [0.7099066644833796, 0.7992958899623384, 0.8269363026035697, 0.8269363026035697, 0.8273129196004584, 0.827378418208613, 0.8271164237759948, 0.827378418208613]}, "test": {"loss_history": [0.5117056369781494], "auc_history": [0.7973220836390316]}}