{"train": {"loss_history": [0.4196568429470062, 0.38559743762016296, 0.38192763924598694]}, "num_train": 26018, "dev": {"loss_history": [0.6304236054420471, 0.4344257712364197, 0.4310096204280853], "auc_history": [0.6372287359106729, 0.8211084899390793, 0.8258043204780288]}, "test": {"loss_history": [0.41149136424064636], "auc_history": [0.8334346882013803]}}