{"train": {"loss_history": [0.4253985583782196, 0.3924115002155304, 0.38859087228775024, 0.3868579566478729]}, "num_train": 26488, "dev": {"loss_history": [0.7004136443138123, 0.4326120913028717, 0.42976921796798706, 0.4290834665298462], "auc_history": [0.5114282383268179, 0.8224004256324295, 0.8255977955825066, 0.8258099535505699]}, "test": {"loss_history": [0.4085555970668793], "auc_history": [0.8361318103753469]}}