{"train": {"loss_history": [0.43650418519973755, 0.39379918575286865, 0.3911447823047638, 0.38999176025390625, 0.3887581527233124, 0.38860780000686646]}, "num_train": 26565, "dev": {"loss_history": [0.6807512640953064, 0.4349367022514343, 0.43248188495635986, 0.43134352564811707, 0.4304552972316742, 0.43026265501976013], "auc_history": [0.4753708776985266, 0.8201175122225015, 0.8217958513749887, 0.8241878185375936, 0.8243614310991682, 0.8242033253103189]}, "test": {"loss_history": [0.40839138627052307], "auc_history": [0.8357381308492651]}}