{"train": {"loss_history": [0.5241701602935791, 0.508429765701294]}, "num_train": 25719, "dev": {"loss_history": [0.7491529583930969, 0.5759211182594299], "auc_history": [0.29910887324118385, 0.5]}, "test": {"loss_history": [0.5586362481117249], "auc_history": [0.5]}}