{"train": {"loss_history": [0.42572852969169617, 0.395915687084198, 0.3897150754928589, 0.3878611922264099, 0.38665375113487244]}, "num_train": 26508, "dev": {"loss_history": [0.6500202417373657, 0.4385424554347992, 0.42959004640579224, 0.4273737072944641, 0.42649367451667786], "auc_history": [0.7083408968408463, 0.8175862372771677, 0.8260650241386653, 0.8280814742295158, 0.8283917362699236]}, "test": {"loss_history": [0.40664052963256836], "auc_history": [0.8378854322139424]}}