{"train": {"loss_history": [0.42981263995170593, 0.39623159170150757, 0.3903905153274536, 0.3880954384803772]}, "num_train": 26393, "dev": {"loss_history": [0.7074315547943115, 0.43883848190307617, 0.4317984879016876, 0.42958614230155945], "auc_history": [0.4986843927433874, 0.8160142302805118, 0.8243752922551961, 0.8252024045244839]}, "test": {"loss_history": [0.409506618976593], "auc_history": [0.8354148257778953]}}