{"train": {"loss_history": [0.4258785843849182, 0.3997267782688141, 0.3963036835193634, 0.39526209235191345, 0.39385393261909485]}, "num_train": 27069, "dev": {"loss_history": [0.6496080160140991, 0.43319395184516907, 0.4294672906398773, 0.4292483925819397, 0.4286714792251587], "auc_history": [0.45763404117636786, 0.8220771252443425, 0.8251340481385924, 0.8256411512531878, 0.826268827437342]}, "test": {"loss_history": [0.4080396592617035], "auc_history": [0.8366595209528036]}}