{"train": {"loss_history": [0.42756879329681396, 0.39807775616645813, 0.39242056012153625, 0.3911747634410858]}, "num_train": 26878, "dev": {"loss_history": [0.638662576675415, 0.43280133605003357, 0.43193793296813965, 0.4291139543056488], "auc_history": [0.5604555269555812, 0.8221695962441458, 0.8240507893010609, 0.825692608421456]}, "test": {"loss_history": [0.4088377356529236], "auc_history": [0.835414564890204]}}