{"train": {"loss_history": [0.4315556585788727, 0.38829585909843445]}, "num_train": 26107, "dev": {"loss_history": [0.7099066972732544, 0.433226615190506], "auc_history": [0.368694661391579, 0.8225416322036555]}, "test": {"loss_history": [0.4119081199169159], "auc_history": [0.8325192332928175]}}