{"train": {"loss_history": [0.4215594530105591, 0.3887448310852051, 0.38530319929122925]}, "num_train": 26293, "dev": {"loss_history": [0.6683880090713501, 0.4348562955856323, 0.42964285612106323], "auc_history": [0.501755936309064, 0.8218888287183911, 0.8261850908646247]}, "test": {"loss_history": [0.40981677174568176], "auc_history": [0.8362957130673687]}}