{"train": {"loss_history": [0.6024097204208374, 0.6022250056266785, 0.602245032787323, 0.6022503972053528, 0.6022518277168274, 0.6022522449493408, 0.6022524237632751, 0.6022524237632751, 0.6022524237632751, 0.6022524237632751]}, "num_train": 41656, "dev": {"loss_history": [0.684188187122345, 0.6676843762397766, 0.667715311050415, 0.6677061915397644, 0.6677007675170898, 0.6676985025405884, 0.6676976084709167, 0.6676973104476929, 0.6676972508430481, 0.6676970720291138], "auc_history": [0.3794494627314655, 0.5, 0.5, 0.5, 0.5, 0.5, 0.5, 0.5, 0.5, 0.5]}, "test": {"loss_history": [0.6663028001785278], "auc_history": [0.5]}}