{"train": {"loss_history": [0.5385895371437073, 0.512327253818512, 0.5069579482078552, 0.5041782259941101, 0.5024338960647583]}, "num_train": 45439, "dev": {"loss_history": [0.7896711230278015, 0.5765519142150879, 0.46328791975975037, 0.4564517140388489, 0.44739899039268494], "auc_history": [0.4357665168649128, 0.7641230622546924, 0.8010560808448444, 0.8044105438965722, 0.8109375660620165]}, "test": {"loss_history": [0.43103525042533875], "auc_history": [0.8258993385714364]}}