{"train": {"loss_history": [0.4995543956756592, 0.48417437076568604, 0.47755730152130127, 0.47422024607658386, 0.4706389009952545, 0.46829885244369507, 0.46673986315727234, 0.4656621813774109, 0.46599897742271423]}, "num_train": 39705, "dev": {"loss_history": [0.6453695297241211, 0.5381380915641785, 0.4953485131263733, 0.4802057147026062, 0.46921321749687195, 0.44676196575164795, 0.433815598487854, 0.4336692988872528, 0.4307384788990021], "auc_history": [0.7190984830705284, 0.8109683897286175, 0.8129809156565745, 0.8031749389286327, 0.8090765001631692, 0.8214725509869016, 0.8261155319126852, 0.8260013514310663, 0.8270243553802932]}, "test": {"loss_history": [0.4132634401321411], "auc_history": [0.8356865403083223]}}