{"train": {"loss_history": [0.47744059562683105, 0.446889191865921, 0.4408891797065735]}, "num_train": 31572, "dev": {"loss_history": [0.7585042119026184, 0.5480736494064331, 0.45191603899002075], "auc_history": [0.4004784820426508, 0.7635690590642212, 0.8121439296871025]}, "test": {"loss_history": [0.4604094326496124], "auc_history": [0.8218584491218129]}}