{"train": {"loss_history": [0.5546712279319763]}, "num_train": 53853, "dev": {"loss_history": [0.6927222609519958], "auc_history": [0.39293630425376724]}, "test": {"loss_history": [0.8883340358734131], "auc_history": [0.5410394600459631]}}