{"train": {"loss_history": [0.4861653745174408, 0.45879873633384705, 0.45223376154899597]}, "num_train": 34047, "dev": {"loss_history": [0.6722725629806519, 0.4876101016998291, 0.46113234758377075], "auc_history": [0.41223774249744355, 0.7613123489355518, 0.795351044219746]}, "test": {"loss_history": [0.44742700457572937], "auc_history": [0.7996995617347674]}}