{"train": {"loss_history": [0.4848403334617615, 0.46408897638320923, 0.45753178000450134, 0.4551360607147217, 0.45420053601264954, 0.4530426263809204, 0.45278340578079224, 0.45245280861854553, 0.45178619027137756, 0.45091307163238525]}, "num_train": 36508, "dev": {"loss_history": [0.7068414092063904, 0.5661129951477051, 0.5179044604301453, 0.49856865406036377, 0.48006686568260193, 0.47994470596313477, 0.471123605966568, 0.47019192576408386, 0.4668924808502197, 0.4648813009262085], "auc_history": [0.5178895624102664, 0.7744796243538107, 0.7955434547874407, 0.8139057522405071, 0.8183478413433093, 0.8196583218709801, 0.8190380509619641, 0.8190126071961046, 0.8206472109202112, 0.8217712937104277]}, "test": {"loss_history": [0.43450820446014404], "auc_history": [0.8322840430391641]}}