{"train": {"loss_history": [0.5479435324668884, 0.5250317454338074, 0.5187489986419678, 0.5156980752944946, 0.5133398175239563, 0.5113369226455688, 0.5099947452545166, 0.5084192752838135]}, "num_train": 51147, "dev": {"loss_history": [0.671393871307373, 0.48733270168304443, 0.47492119669914246, 0.4679718315601349, 0.4612567722797394, 0.4404660761356354, 0.43445587158203125, 0.43139034509658813], "auc_history": [0.4423060710344372, 0.8062512294655518, 0.815060468818475, 0.8184238561761387, 0.8215623003898592, 0.8258057762158766, 0.8276970328518258, 0.8282961006226254]}, "test": {"loss_history": [0.4137886166572571], "auc_history": [0.8354044554921686]}}