{"train": {"loss_history": [0.5116024613380432, 0.4873790442943573]}, "num_train": 39757, "dev": {"loss_history": [0.7789450287818909, 0.4624674618244171], "auc_history": [0.6454113117666405, 0.8126347032206238]}, "test": {"loss_history": [0.44856223464012146], "auc_history": [0.8194938935322549]}}