{"train": {"loss_history": [0.5559085011482239, 0.5416024923324585, 0.5392520427703857, 0.5374129414558411, 0.5360882878303528, 0.5351903438568115]}, "num_train": 55302, "dev": {"loss_history": [0.6218731999397278, 0.508573591709137, 0.4761166274547577, 0.46093854308128357, 0.4530232846736908, 0.4460507333278656], "auc_history": [0.6075125314270015, 0.8097779254391656, 0.8166345553146475, 0.8229220180378551, 0.8217371228978563, 0.8205070418732531]}, "test": {"loss_history": [0.44489583373069763], "auc_history": [0.8208174197075973]}}