{"train": {"loss_history": [0.5205854773521423, 0.4968549609184265, 0.49334245920181274, 0.49143195152282715, 0.49052682518959045, 0.4896683692932129, 0.4889324903488159, 0.4883256256580353, 0.4877348244190216, 0.4880920946598053]}, "num_train": 40702, "dev": {"loss_history": [0.6689249873161316, 0.5343790054321289, 0.5258516073226929, 0.49782150983810425, 0.49057504534721375, 0.4839428663253784, 0.48086369037628174, 0.47625428438186646, 0.47166749835014343, 0.4634208679199219], "auc_history": [0.38008834934151103, 0.8068406554465677, 0.8133501102335592, 0.8239380442149193, 0.8222522294827959, 0.8197823177821393, 0.8217179985815507, 0.8222877907114821, 0.8239019205063418, 0.8237946118426267]}, "test": {"loss_history": [0.4803122580051422], "auc_history": [0.8253498064862307]}}