{"train": {"loss_history": [0.5369343757629395, 0.5109319090843201]}, "num_train": 44661, "dev": {"loss_history": [0.7023241519927979, 0.5139124393463135], "auc_history": [0.4306084182490476, 0.771157306126306]}, "test": {"loss_history": [0.5138644576072693], "auc_history": [0.7735208616412252]}}