{"train": {"loss_history": [0.4989092946052551, 0.4624369442462921, 0.4572313725948334, 0.45547863841056824, 0.45473408699035645, 0.45361432433128357, 0.45321014523506165]}, "num_train": 34295, "dev": {"loss_history": [0.724323034286499, 0.5221489071846008, 0.4891411364078522, 0.47196951508522034, 0.465243399143219, 0.45951977372169495, 0.44988590478897095], "auc_history": [0.637652078938178, 0.8008761186787572, 0.8231795713303249, 0.824357841707159, 0.8260132825251498, 0.8266175734217502, 0.8284119467729029]}, "test": {"loss_history": [0.45295700430870056], "auc_history": [0.8289669047589903]}}