{"train": {"loss_history": [0.5441480875015259, 0.516417920589447, 0.5127749443054199, 0.5111387372016907, 0.5103121995925903, 0.5092419385910034, 0.5076556205749512]}, "num_train": 45063, "dev": {"loss_history": [0.7325800061225891, 0.5322882533073425, 0.5035383105278015, 0.48076069355010986, 0.4768022298812866, 0.4681493639945984, 0.46284735202789307], "auc_history": [0.3194802035827219, 0.7915146408515895, 0.7962830328815744, 0.8009899896078715, 0.8084139117026565, 0.8096571797558237, 0.8070307111520763]}, "test": {"loss_history": [0.4574166238307953], "auc_history": [0.8191264694601201]}}