{"train": {"loss_history": [0.5319589376449585, 0.5069024562835693, 0.5026606917381287, 0.4997974634170532, 0.4976690411567688, 0.4956008195877075, 0.4943573772907257, 0.4938216805458069, 0.4932659864425659]}, "num_train": 42836, "dev": {"loss_history": [0.6750065684318542, 0.5072057247161865, 0.48719727993011475, 0.47695624828338623, 0.4748934209346771, 0.45543408393859863, 0.44539833068847656, 0.441624253988266, 0.43608558177948], "auc_history": [0.5531451625604384, 0.7901678764984152, 0.8049114744147896, 0.8074363841492667, 0.8062349271013561, 0.8119318484364185, 0.816587244506009, 0.8178050759685342, 0.8216167522011087]}, "test": {"loss_history": [0.4339529573917389], "auc_history": [0.8203486818213349]}}