{"train": {"loss_history": [0.5193495154380798, 0.4959909915924072, 0.4926013648509979, 0.4908665120601654, 0.4897586703300476, 0.48791712522506714, 0.48702871799468994]}, "num_train": 40519, "dev": {"loss_history": [0.7151052951812744, 0.5115939974784851, 0.49791088700294495, 0.4907277524471283, 0.48566699028015137, 0.4643073081970215, 0.450697124004364], "auc_history": [0.43273327978524767, 0.8186738574095977, 0.8126840090466766, 0.816776550238329, 0.8121709648880053, 0.8179208843283852, 0.823653929372025]}, "test": {"loss_history": [0.44402870535850525], "auc_history": [0.8302742958220612]}}