{"train": {"loss_history": [0.5847368240356445, 0.5738582015037537, 0.5721344351768494, 0.571120023727417]}, "num_train": 75182, "dev": {"loss_history": [0.6735551357269287, 0.6140443682670593, 0.5842601656913757, 0.5063148140907288], "auc_history": [0.3080479872844546, 0.7641804930473736, 0.7820033558800273, 0.7962175352231158]}, "test": {"loss_history": [0.5473312139511108], "auc_history": [0.805419902947285]}}