{"train": {"loss_history": [0.5666685700416565, 0.554735004901886, 0.5536822080612183, 0.5522135496139526, 0.549472987651825, 0.5470872521400452, 0.5456761121749878, 0.5438421964645386]}, "num_train": 58699, "dev": {"loss_history": [0.6835933923721313, 0.5278350114822388, 0.5171058177947998, 0.5175186395645142, 0.4629075527191162, 0.4531114995479584, 0.4512999653816223, 0.43995243310928345], "auc_history": [0.5205902638980656, 0.8154509101299628, 0.8133023619405606, 0.8204437941343596, 0.8085801557594317, 0.8114253665431461, 0.8114936766010615, 0.8188281643931229]}, "test": {"loss_history": [0.43780505657196045], "auc_history": [0.8164388773957147]}}