{"train": {"loss_history": [0.508544921875, 0.48989173769950867, 0.48514172434806824, 0.4819156527519226, 0.47964927554130554]}, "num_train": 38411, "dev": {"loss_history": [0.6449942588806152, 0.5426187515258789, 0.5581989884376526, 0.5304953455924988, 0.5030394792556763], "auc_history": [0.4734621362286298, 0.800723686628203, 0.801830834547665, 0.815029487695815, 0.8192225877924865]}, "test": {"loss_history": [0.5005350708961487], "auc_history": [0.8282378490286568]}}