{"train": {"loss_history": [0.508544921875, 0.48989173769950867]}, "num_train": 38411, "dev": {"loss_history": [0.6449942588806152, 0.5426187515258789], "auc_history": [0.4734621362286298, 0.800723686628203]}, "test": {"loss_history": [0.5548210144042969], "auc_history": [0.8134842730533353]}}