{"train": {"loss_history": [0.5833755135536194, 0.5729857683181763, 0.5694713592529297, 0.5670078992843628]}, "num_train": 78266, "dev": {"loss_history": [0.6800175905227661, 0.5564609169960022, 0.553798496723175, 0.4992215633392334], "auc_history": [0.6833188838499024, 0.7945752814336887, 0.7906051733650523, 0.7863626375357081]}, "test": {"loss_history": [0.5003085136413574], "auc_history": [0.7983655635259698]}}