{"train": {"loss_history": [0.5579404830932617, 0.5409682393074036, 0.5380778908729553, 0.5350459218025208, 0.5329146385192871, 0.5336686372756958]}, "num_train": 53846, "dev": {"loss_history": [0.6686663031578064, 0.5503291487693787, 0.5165855288505554, 0.5183871984481812, 0.46291202306747437, 0.45832136273384094], "auc_history": [0.579499970376059, 0.8169867927221601, 0.8216370639749628, 0.8267641931800938, 0.8193795196821713, 0.8203591096618296]}, "test": {"loss_history": [0.48730334639549255], "auc_history": [0.8240478347267957]}}