{"train": {"loss_history": [0.5696699023246765, 0.5540794134140015, 0.5517191290855408, 0.5503859519958496, 0.5489121079444885, 0.5477010011672974, 0.546214759349823, 0.5448200702667236, 0.5432985424995422, 0.5421683192253113]}, "num_train": 64041, "dev": {"loss_history": [0.7213601469993591, 0.4998339116573334, 0.48214834928512573, 0.4665687084197998, 0.4597109854221344, 0.4578462243080139, 0.44820883870124817, 0.4379650056362152, 0.436369925737381, 0.434280663728714], "auc_history": [0.5597024906359598, 0.8144942568303183, 0.8088265844496059, 0.809318941847829, 0.8242834068682044, 0.8163293787247106, 0.8232269446367293, 0.824948695584133, 0.8250431297081129, 0.8257780409350366]}, "test": {"loss_history": [0.4230183959007263], "auc_history": [0.8310890403063577]}}