{"train": {"loss_history": [0.47744059562683105, 0.446889191865921, 0.4408891797065735, 0.4393605887889862, 0.4383236765861511, 0.43672746419906616]}, "num_train": 31572, "dev": {"loss_history": [0.7585042119026184, 0.5480736494064331, 0.45191603899002075, 0.4761735498905182, 0.46968963742256165, 0.4490590989589691], "auc_history": [0.4004784820426508, 0.7635690590642212, 0.8121439296871025, 0.8049566987612556, 0.8058737503123508, 0.8198854169752199]}, "test": {"loss_history": [0.4318963885307312], "auc_history": [0.8325805419002589]}}