{"train": {"loss_history": [0.48683154582977295, 0.456645667552948, 0.453943133354187, 0.4522896111011505]}, "num_train": 33802, "dev": {"loss_history": [0.805518627166748, 0.573314368724823, 0.5608917474746704, 0.5100871324539185], "auc_history": [0.3952397245794626, 0.8115949899326234, 0.8150040115071647, 0.8163187959554287]}, "test": {"loss_history": [0.5160631537437439], "auc_history": [0.8274377280647587]}}