{"train": {"loss_history": [0.48476576805114746, 0.45986413955688477, 0.4548450708389282, 0.45026493072509766, 0.4486447870731354, 0.4479791522026062]}, "num_train": 33018, "dev": {"loss_history": [0.625313401222229, 0.46571677923202515, 0.4873909652233124, 0.478712260723114, 0.47473007440567017, 0.45390039682388306], "auc_history": [0.41088700765363667, 0.8040504070116437, 0.7932574400229677, 0.8033996921937261, 0.8117830965797249, 0.8148463487689648]}, "test": {"loss_history": [0.4501400291919708], "auc_history": [0.8210810038019164]}}