{"train": {"loss_history": [0.49850308895111084, 0.47826963663101196, 0.4721583425998688, 0.46686020493507385, 0.4656362235546112, 0.46485382318496704, 0.46389344334602356]}, "num_train": 38118, "dev": {"loss_history": [0.7689579725265503, 0.7703564763069153, 0.7731562852859497, 0.5477151870727539, 0.5414227247238159, 0.5090566873550415, 0.4871761202812195], "auc_history": [0.6389044167592642, 0.8005780291942529, 0.8126933124922308, 0.8182513195947125, 0.8084493936155642, 0.8119370250338807, 0.821269380617724]}, "test": {"loss_history": [0.48002803325653076], "auc_history": [0.8314366145960923]}}