{"train": {"loss_history": [0.48672959208488464, 0.4642782211303711, 0.45727336406707764, 0.45479846000671387]}, "num_train": 33469, "dev": {"loss_history": [0.6766694784164429, 0.5047392845153809, 0.46565625071525574, 0.4531552791595459], "auc_history": [0.6066494433891401, 0.7339080206598316, 0.8159811280677144, 0.8184856300952407]}, "test": {"loss_history": [0.44895073771476746], "auc_history": [0.8179727878484774]}}