{"train": {"loss_history": [0.6380472183227539, 0.5317646265029907, 0.4919680655002594, 0.4647785723209381]}, "num_train": 1448, "dev": {"loss_history": [0.6689468622207642, 0.5883611440658569, 0.55326908826828, 0.5322291851043701], "auc_history": [0.4544434395203163, 0.7324054533882693, 0.7722925669111982, 0.7938816869326366]}, "test": {"loss_history": [0.5338681936264038], "auc_history": [0.8107763764796955]}}