{"train": {"loss_history": [0.5871354937553406, 0.46329137682914734, 0.4232819080352783, 0.39948830008506775, 0.3959777057170868]}, "num_train": 1204, "dev": {"loss_history": [0.6729841232299805, 0.5893450975418091, 0.5317087173461914, 0.5069164633750916, 0.49315863847732544], "auc_history": [0.7180182896191337, 0.7447325226945367, 0.7751482263089138, 0.8058821558972298, 0.8184437075000838]}, "test": {"loss_history": [0.5360803604125977], "auc_history": [0.8271296326161984]}}