{"train": {"loss_history": [0.5960870385169983, 0.47802746295928955, 0.38787272572517395, 0.3688216209411621, 0.36576467752456665, 0.3656603991985321, 0.36841174960136414]}, "num_train": 1089, "dev": {"loss_history": [0.6750572919845581, 0.625451922416687, 0.556029736995697, 0.6015411615371704, 0.5290770530700684, 0.503966212272644, 0.49073314666748047], "auc_history": [0.5156600676648913, 0.7470605969249322, 0.7638595786018155, 0.7964861152982949, 0.8113757411315446, 0.8155964224701034, 0.8178072555522058]}, "test": {"loss_history": [0.5281038880348206], "auc_history": [0.8219043318388543]}}