{"train": {"loss_history": [0.6398655772209167, 0.5006883144378662, 0.4310435354709625, 0.42751121520996094, 0.42437174916267395, 0.4235081374645233, 0.4226907789707184, 0.4222618341445923]}, "num_train": 1403, "dev": {"loss_history": [0.6861146688461304, 0.59847092628479, 0.5909295082092285, 0.5631628036499023, 0.5066874027252197, 0.5057896375656128, 0.5022470951080322, 0.49888795614242554], "auc_history": [0.3361638696278431, 0.7503600978126153, 0.8098181087327908, 0.823384584463873, 0.8244565035339833, 0.8245402472113355, 0.8243895085921011, 0.8244732522694537]}, "test": {"loss_history": [0.506077766418457], "auc_history": [0.829145566558075]}}