{"train": {"loss_history": [0.6579339504241943, 0.5671795606613159, 0.49646663665771484, 0.4666299819946289]}, "num_train": 1397, "dev": {"loss_history": [0.6690546870231628, 0.6236646175384521, 0.5541912317276001, 0.5237088203430176], "auc_history": [0.5521723109905201, 0.7328995410846482, 0.7659782936388303, 0.8165762234951262]}, "test": {"loss_history": [0.5294244885444641], "auc_history": [0.8251459536173917]}}