{"train": {"loss_history": [0.6629297137260437, 0.560929000377655, 0.48103898763656616, 0.43402475118637085, 0.40678754448890686, 0.37915515899658203, 0.36780887842178345]}, "num_train": 1088, "dev": {"loss_history": [0.7513366937637329, 0.6681309342384338, 0.6055099964141846, 0.5432188510894775, 0.520008385181427, 0.5029913187026978, 0.4878411889076233], "auc_history": [0.5596422470103508, 0.7623354436740026, 0.7627374133252938, 0.7985797072321039, 0.8113422436606037, 0.8154624325863398, 0.8188624258868455]}, "test": {"loss_history": [0.5191094875335693], "auc_history": [0.817840209012031]}}