{"train": {"loss_history": [0.6561184525489807, 0.4983976483345032, 0.4516781270503998, 0.444435715675354, 0.4383596181869507, 0.4362291097640991, 0.4344804584980011, 0.43379655480384827]}, "num_train": 1410, "dev": {"loss_history": [0.710259735584259, 0.5996254682540894, 0.6186956167221069, 0.5604607462882996, 0.50395268201828, 0.49730539321899414, 0.4946519136428833, 0.49035993218421936], "auc_history": [0.5682929688808495, 0.7273473352761867, 0.818276220145379, 0.8262988644357351, 0.829028908317422, 0.829062405788363, 0.8286101899306602, 0.8287106823434831]}, "test": {"loss_history": [0.5018550157546997], "auc_history": [0.8306938038254362]}}