{"train": {"loss_history": [0.6200683116912842, 0.5657626390457153, 0.4605178236961365, 0.3836069703102112, 0.37385424971580505, 0.36857470870018005, 0.36437660455703735, 0.3638271391391754]}, "num_train": 1088, "dev": {"loss_history": [0.6738194823265076, 0.6681410670280457, 0.6121572256088257, 0.508093535900116, 0.4959918260574341, 0.48735910654067993, 0.48568442463874817, 0.4856279194355011], "auc_history": [0.517669915921348, 0.7488192141493317, 0.708086289485144, 0.8148092319029914, 0.8222624191873513, 0.8210732589689479, 0.8208220279368907, 0.8203195658727767]}, "test": {"loss_history": [0.5134150981903076], "auc_history": [0.8204851143437732]}}