{"train": {"loss_history": [0.6362577676773071, 0.4919431507587433, 0.4293321371078491, 0.42718732357025146, 0.42504456639289856, 0.423507958650589, 0.42240285873413086]}, "num_train": 1398, "dev": {"loss_history": [0.6865261197090149, 0.6037676334381104, 0.5551719665527344, 0.5264531373977661, 0.4943203926086426, 0.48831436038017273, 0.4881296157836914], "auc_history": [0.6837336281110775, 0.7550999899507589, 0.8218102033296486, 0.8239372927343986, 0.8253106890429772, 0.8255284226040934, 0.8253274377784479]}, "test": {"loss_history": [0.4998044967651367], "auc_history": [0.8278231138922041]}}