{"train": {"loss_history": [0.6348007321357727, 0.4665985405445099, 0.4289582371711731, 0.42066267132759094, 0.41746699810028076, 0.416415274143219, 0.41596391797065735]}, "num_train": 1354, "dev": {"loss_history": [0.6700208783149719, 0.5953287482261658, 0.5362979173660278, 0.48832967877388, 0.4790760278701782, 0.4785858392715454, 0.4781680703163147], "auc_history": [0.45638629283489096, 0.7499581281613238, 0.818946169564198, 0.8254111814558001, 0.8270190600609654, 0.8274880246541386, 0.8277560044216662]}, "test": {"loss_history": [0.49530309438705444], "auc_history": [0.831709834532142]}}