{"train": {"loss_history": [0.6232321858406067, 0.4554857313632965, 0.4179155230522156, 0.40896075963974, 0.4059774875640869]}, "num_train": 1298, "dev": {"loss_history": [0.7057441473007202, 0.583479642868042, 0.5120711326599121, 0.48466333746910095, 0.48393717408180237], "auc_history": [0.5446018825578669, 0.7474123203698122, 0.8129333735302985, 0.819448631628312, 0.821826952065119]}, "test": {"loss_history": [0.5018220543861389], "auc_history": [0.8284843402251395]}}