{"train": {"loss_history": [0.6130013465881348, 0.4699089229106903, 0.4445013999938965, 0.4285854995250702, 0.42650145292282104, 0.4247186779975891, 0.42348381876945496, 0.4227910041809082]}, "num_train": 1386, "dev": {"loss_history": [0.6995288133621216, 0.601498007774353, 0.5874527096748352, 0.49593427777290344, 0.49354541301727295, 0.4911143481731415, 0.4897432029247284, 0.4885506331920624], "auc_history": [0.6893109570227448, 0.7474625665762236, 0.8144910059290524, 0.8203865608146585, 0.8221116805681171, 0.8235855692895186, 0.8237698053796939, 0.8251432016882725]}, "test": {"loss_history": [0.5040969252586365], "auc_history": [0.8304841466954811]}}