{"train": {"loss_history": [0.6313484907150269, 0.4955465495586395, 0.4469588100910187, 0.43679046630859375, 0.43477579951286316, 0.431554913520813, 0.4300588369369507]}, "num_train": 1386, "dev": {"loss_history": [0.676146388053894, 0.5980818867683411, 0.6181716918945312, 0.5067877769470215, 0.5019458532333374, 0.49382275342941284, 0.49174565076828003], "auc_history": [0.6466770508826584, 0.6272736408401167, 0.8152446990252236, 0.8228821223997588, 0.8258633973135029, 0.8246909858305699, 0.8250427092754498]}, "test": {"loss_history": [0.49775421619415283], "auc_history": [0.8284682127536045]}}