{"train": {"loss_history": [0.6265394687652588, 0.48220765590667725, 0.4334617555141449, 0.4265403747558594, 0.4255724251270294, 0.4246508777141571, 0.424543559551239, 0.4235346019268036, 0.42284315824508667, 0.42242327332496643]}, "num_train": 1397, "dev": {"loss_history": [0.6693159341812134, 0.6272875070571899, 0.5612280368804932, 0.5329512357711792, 0.5186464190483093, 0.5020129680633545, 0.49347415566444397, 0.4881078004837036, 0.4874419569969177, 0.48700645565986633], "auc_history": [0.704007972398084, 0.7549827488024654, 0.8047934880916491, 0.8228486249288178, 0.8241382775600442, 0.8254111814558001, 0.8259471409908552, 0.8258466485780325, 0.8256121662814458, 0.825863397313503]}, "test": {"loss_history": [0.5001442432403564], "auc_history": [0.8281295358513693]}}