{"train": {"loss_history": [0.6591376066207886, 0.5455623865127563, 0.44134819507598877, 0.42576152086257935, 0.4206034541130066, 0.4182857573032379, 0.41771918535232544, 0.4177301228046417, 0.4170575439929962, 0.41622158885002136]}, "num_train": 1406, "dev": {"loss_history": [0.6754089593887329, 0.6345428228378296, 0.5554118156433105, 0.5019729137420654, 0.4953121244907379, 0.4924917221069336, 0.4922915995121002, 0.48701098561286926, 0.48555925488471985, 0.48504647612571716], "auc_history": [0.5273674337587512, 0.7137976082805748, 0.7886142096271731, 0.8207717817304794, 0.8247077345660403, 0.8268515727062606, 0.8262318694938533, 0.8264161055840284, 0.82576290490068, 0.8263156131712055]}, "test": {"loss_history": [0.4952884018421173], "auc_history": [0.8309034609553914]}}