{"train": {"loss_history": [0.6139667630195618, 0.5285736918449402, 0.404450386762619, 0.3666609823703766, 0.361388236284256, 0.3616057336330414, 0.3610793352127075, 0.36276236176490784, 0.36205917596817017]}, "num_train": 1089, "dev": {"loss_history": [0.6972218155860901, 0.6500534415245056, 0.5845901966094971, 0.5827825665473938, 0.5070712566375732, 0.5024887919425964, 0.5000289678573608, 0.4947892129421234, 0.4884619414806366], "auc_history": [0.6289987605935752, 0.713663618396811, 0.757913777509798, 0.8078250092118044, 0.8196831139248987, 0.8184772049710247, 0.8177402606103239, 0.8186949385321407, 0.8196161189830168]}, "test": {"loss_history": [0.5101445317268372], "auc_history": [0.8246137470567365]}}