{"train": {"loss_history": [0.5888859033584595, 0.4954439699649811, 0.4303204119205475, 0.39968058466911316, 0.3876691460609436, 0.3789921998977661, 0.3723486065864563, 0.37006884813308716]}, "num_train": 1088, "dev": {"loss_history": [0.6660540699958801, 0.6249831914901733, 0.5607438087463379, 0.5098709464073181, 0.49347180128097534, 0.4925110340118408, 0.4857192635536194, 0.48273587226867676], "auc_history": [0.74414631695307, 0.7357635748500989, 0.7821408233678357, 0.8116269721636017, 0.8202776940341003, 0.8223629116001742, 0.8226811375741132, 0.8239205439989281]}, "test": {"loss_history": [0.5020610094070435], "auc_history": [0.825468503048092]}}