{"train": {"loss_history": [0.6490442156791687, 0.5468268990516663, 0.48349493741989136, 0.45887720584869385]}, "num_train": 1397, "dev": {"loss_history": [0.6761654019355774, 0.6097466349601746, 0.5464372038841248, 0.5238135457038879], "auc_history": [0.3988208890228788, 0.7488192141493317, 0.7917629718956218, 0.8133688406525308]}, "test": {"loss_history": [0.5267866253852844], "auc_history": [0.8207108989452634]}}