{"train": {"loss_history": [0.6715396046638489, 0.5815908312797546, 0.5132012963294983, 0.45747873187065125, 0.4281741976737976, 0.4131941497325897, 0.40487048029899597, 0.3974001109600067, 0.3914995491504669, 0.386752724647522]}, "num_train": 1088, "dev": {"loss_history": [0.7364698052406311, 0.6827749609947205, 0.6318989396095276, 0.5755912065505981, 0.5385201573371887, 0.5198652148246765, 0.5102284550666809, 0.5045166015625, 0.49997106194496155, 0.4972486197948456], "auc_history": [0.37701403544032425, 0.6971158677519848, 0.7444394198238032, 0.7475798077245167, 0.797792516664992, 0.8117442133118951, 0.8167269621143604, 0.8193900110541654, 0.8209978896593307, 0.8209141459819784]}, "test": {"loss_history": [0.5109409689903259], "auc_history": [0.8245008547559913]}}